,name,isin
3,RAJKAMAL SYNTHETICS LTD.,INE376L01013
4,SDL RJ 7.49% 2035,IN2920250163
5,GOI TBILL 182D-14/05/26,IN002025Y339
6,IRFC-7.75%-15-4-33-PVT,INE053F08270
8,HDFCB-8.35%-13-5-26-PVT,INE040A08500
10,GOI TBILL 182D-08/05/26,IN002025Y321
11,SDL RJ 7.57% 2043,IN2920250171
13,IRFC-7.51%-15-4-26-PVT,INE053F08288
14,LBTL-7.70%-31-3-43-PVT,INE0C5208014
15,COSMO FERRITES LTD.,INE124B01018
16,LBTL-7.84%-30-9-44-PVT,INE0C5208022
17,GOI TBILL 182D-30/04/26,IN002025Y313
23,JBC-18-6-26-CP,INE824H14SL2
24,IRFC-7.74%-15-4-38-PVT,INE053F08296
25,LERTHAI FINANCE LIMITED,INE347D01011
26,SDL RJ 7.15% 2053,IN2920250148
27,GOI TBILL 182D-24/04/26,IN002025Y305
28,SDL RJ 7.17% 2052,IN2920250155
33,IRFC-7.65%-30-12-32-PVT,INE053F08221
34,JBCI-10-6-26-CP,INE824H14SS7
35,GOI TBILL 182D-11/06/26,IN002025Y370
36,Signpost India Limited,INE0KGZ01021
37,JBCIPL-06-02-26-CP,INE824H14SR9
38,REAL ECO-ENERGY LIMITED,INE055E01034
40,GOI TBILL 182D-04/06/26,IN002025Y362
41,IRFC-7.4%-18-4-26-PVT,INE053F08239
42,HDFCB-8.45%-18-05-26-PVT,INE040A08542
43,ENVIRO INFRA ENGINEERS L,INE0LLY01014
44,KCK INDUSTRIES LTD,INE0J1E01027
47,SDL BR 6.45% 2027,IN1320210025
48,IRFC-7.65%-18-4-33-PVT,INE053F08247
49,JBC-3-2-26-CP,INE824H14SQ1
50,GOI TBILL 182D-28/05/26,IN002025Y354
51,GS22FEB31C,IN000231C026
52,SDL BR 6.39% 2027,IN1320210017
53,SDL RJ 7.54% 2053,IN2920250189
54,GOI TBILL 182D-21/05/26,IN002025Y347
55,SDL RJ 7.73% 2055,IN2920250197
56,MARUTI SUZUKI INDIA LTD.,INE585B01010
57,VISHNU PRAKASH R PUNGLIA LIMIT,INE0AE001013
58,Global Health Limited,INE474Q01031
62,IREDA-7.32%-4-11-29-PVT,INE202E08243
64,Dolphin Kitchen Utensils and A,INE0QXT01018
78,IREDA-7.36%-9-9-39-PVT,INE202E08235
79,THE BYKE HOSPITALITY LTD,INE319B01014
96,IREDAL-7.37%-27-11-31-PVT,INE202E08250
101,SRI ADHIKARI BROTHERS TELEVISI,INE416A01044
102,Gilada Finance & Investments L,INE918C01029
106,Bharti Airtel  Ltd.,IN9397D01014
107,742KERSDL34,IN2020210190
117,NATIONAL ALUMINIUM CO LTD,INE139A01034
125,GOI TBILL 182D-26/06/26,IN002025Y396
137,COMFORT COMMOTRADE LTD.,INE456N01019
140,EEL-GSEC-12-3-27-PVT,INE468N08043
146,RAJ PACKAGING INDUSTRIES LTD.,INE639C01013
147,IREDA-7.40%-27-2-36-PVT,INE202E08276
148,SPPL-10%-11-6-28-PVT,INE217T07027
153,JBCIPL-19-05-26-CP,INE824H14SD9
155,GOI STRIPS C 220830,IN000830C025
158,GOI TBILL 182D-18/06/26,IN002025Y388
162,IREDAL-7.28%-21-1-35-PVT,INE202E08268
164,HEM HOLDINGS & TRADING LTD.,INE721U01011
165,IREDA-8.40%-PERPETUAL-PVT,INE202E08284
166,MBL INFRASTRUCTURE LTD,INE912H01013
167,SDL RJ 6.80% 2035,IN2920250114
169,SDL RJ 6.94% 2035,IN2920250122
170,LVAF-12%-18-8-27-PTC,INE1OUU15015
171,JBCIPL-21-05-26-CP,INE824H14SK4
172,TRANS & RECTI. LTD,INE763I01026
173,IREDAL-7.74%-27-03-35-PVT,INE202E08292
174,SDL RJ 7.06% 2038,IN2920250130
175,NANDAN DENIM LIMITED,INE875G01048
176,CYBER MEDIA (INDIA) LTD.,INE278G01037
177,Mahindra Logistics Limited,INE766P01016
178,Sylph Industries Limited,INE706F01021
180,Chalet Hotels Limited,INE427F01016
181,SDL RJ 7.09% 2043,IN2920250106
182,SHREE GANESH ELASTOPLAST LTD.,INE400N01017
220,MUSIC BROADCAST LIMITED,INE919I01024
221,PUNJAB & SIND BANK,INE608A01012
240,HUDCO-7.04%-15-3-26-TAXFREENCD,INE031A07AQ0
312,GOKUL AGRO RESOURCES LTD,INE314T01033
342,Regent Enterprises Limited,INE769D01016
351,HUDCO-7.64%-8-2-31-TAXFREENCD,INE031A07AO5
426,KOTAKMAMC - CHEMICAL,INF174KA1XV0
462,IREDA-7.5%-5-6-34-PVT,INE202E08201
467,VENLON ENTERPRISES LTD.,INE204D01022
506,TCI FINANCE LTD.,INE911B01018
540,HUDCO-7.69%-15-3-31-TAXFREENCD,INE031A07AT4
571,FIEM INDUSTRIES LTD.,INE737H01014
581,NJCPL-9.80%-25-07-28-PVT,INE0MT207015
582,HUDCO-7.29%-15-3-26-TAXFREENCD,INE031A07AS6
592,IREDA-7.44%-25-8-34-PVT,INE202E08219
593,EIKO LIFESCIENCES LIMITED,INE666Q01016
608,HUDCO-7.39%-15-3-31-TAXFREENCD,INE031A07AR8
616,IREDAL-7.39%-22-7-39-PVT,INE202E08227
628,IRFC-7.23%-15-10-26-PVT,INE053F08304
633,IRFC-7.41%-15-10-26-PVT,INE053F08312
636,SHRI BAJRANG ALLIANCE LIMITED,INE402H01015
644,Adjia Technologies Limited,INE0G0V01018
650,IRFC-7.45%-13-10-28-PVT,INE053F08320
672,HDFCB-11.08%-27-03-27-PVT,INE040A08567
674,IRFC-7.68%-24-11-26-PVT,INE053F08338
676,NAVKAR URBANSTRUCTURE LTD,INE268H01044
677,NINTEC SYSTEMS LIMITED,INE395U01014
705,SBI Mutual Fund,INF200KB1712
707,LEMON TREE HOTELS LTD,INE970X01018
748,PRIZOR VIZTECH LIMITED,INE0V9N01017
768,KOTAKMAMC - MOMENTUM30,INF174KA1XS6
828,742GUJSDL33,IN1520230286
846,AESL-8.65%-13-11-34-PVT,INE931S08031
847,GOI TBILL 182D-19/02/26,IN002025Y214
859,IRFC-6.95%-24-11-36-PVT,INE053F08155
861,SDL RJ 6.85% 2051,IN2920250049
862,GOI TBILL 182D-12/02/26,IN002025Y206
863,SDL RJ 6.89% 2048,IN2920250056
864,740KERSDL37,IN2020210224
872,IRFC-6.87%-14-4-32-PVT,INE053F08163
878,SDL RJ 6.7% 2035,IN2920250015
881,SDL RJ 6.78% 2047,IN2920250023
882,GREAVES COTTON LTD.,INE224A01026
897,SDL RJ 6.85% 2047,IN2920250031
898,VL E GOV AND IT SOL LTD,INE03HW01020
901,JBCIPL-24-03-26-CP,INE824H14RQ3
904,HDFC-7.84%-16-12-2032-PVT,INE040A08435
907,IRFC-6.89%-19-7-31-PVT,INE053F08106
912,GOI TBILL 182D-19/03/26,IN002025Y255
913,HDFCBL-7.86%-02-12-32-PVT,INE040A08427
915,MAAN ALUMINIUM LTD.,INE215I01027
916,SDL RJ 6.68% 2035,IN2920250080
917,DCB BANK LIMITED,INE503A01015
920,IRFC-7.03%-30-7-36-PVT,INE053F08114
928,HDFCBL-7.84%-8-9-27-PVT,INE040A08419
929,GOI TBILL 182D-12/03/26,IN002025Y248
930,SDL RJ 6.73% 2035,IN2920250098
936,JBCIPL-13-3-26-CP,INE824H14RO8
940,IRFC-6.92%-31-08-31-PVT,INE053F08122
944,GOI TBILL 182D-05/03/26,IN002025Y230
953,SDL RJ 6.86% 2052,IN2920250064
969,HDFC-6.44%-27-9-28-PVT,INE040A08401
971,AESL-8.7%-28-8-34-PVT,INE931S08023
977,GOI TBILL 182D-27/02/26,IN002025Y222
979,SDL RJ 6.64% 2035,IN2920250072
983,Sanofi Consumer Healthcare Ind,INE0UOS01011
993,GOI TBILL 182D-16/04/26,IN002025Y297
1030,Sayaji Industries Limited,INE327G01032
1043,NJCPL-8.75%-26-12-27-PVT,INE0MT207023
1056,GOI TBILL 182D-09/04/26,IN002025Y289
1063,IREDA-7.63%-11-8-33-PVT,INE202E08128
1070,Dishman Carbogen Amcis Limited,INE385W01011
1072,IREDAL-7.68%-22-12-33-PVT,INE202E08144
1081,AMRUTANJAN HEALTH CARE LTD.,INE098F01031
1085,GOI TBILL 182D-03/04/26,IN002025Y271
1089,Ekennis Software Service Limit,INE0KCM01010
1097,IREDA-7.75%-12-10-33-PVT,INE202E08136
1111,IREDA-7.77%-10-5-27-PVT,INE202E08151
1119,GOI TBILL 182D-26/03/26,IN002025Y263
1159,IRFC-7.69%-11-10-32-PBVT,INE053F08197
1160,IREDA-7.53%-10-5-34-PVT,INE202E08177
1161,IREDA-7.59%-23-2-34-PVT,INE202E08169
1164,IREDAL-7.57%-18-5-29-PVT,INE202E08185
1166,ICICIPRAMC - TOP15IETF,INF109K1A344
1170,IRDA-7.59%-26-7-34-PVT,INE202E08193
1171,Sanathan Textiles Limited,INE0JPD01013
1172,WELTERMAN INTERNATIONAL LTD.,INE662D01013
1181,SEAMEC LTD.,INE497B01018
1286,Tejas Networks Limited,INE010J01012
1292,BRAND CONCEPTS LIMITED,INE977Y01011
1358,KOTAKMAMC - QUALITY30,INF174KA1WT6
1365,IPL-10%-31-7-37-PVT,INE0KZX08021
1415,AMBANI ORGOCHEM LIMITED,INE00C501018
1469,SG FINSERVE LIMITED,INE618R01015
1493,IREDA-7.79%-7-12-32-PVT,INE202E08102
1503,PFSPL-13.30%-8-11-26-PVT,INE514Q07304
1521,IREDA-7.94%-27-1-33-PVT,INE202E08110
1557,795GOI2026,IN0020079037
1576,MANAPPURAM FINANCE LTD,INE522D01027
1596,HDFCB-8.32%-04-05-26-PVT,INE040A08468
1599,PFSPL-14%-31-3-26-PVT,INE514Q07338
1610,HDFCB-7.72%-18-11-26-PVT,INE040A08450
1623,IRFC-7.64%-28-11-37-PVT,INE053F08205
1631,JOCIL LIMITED,INE839G01010
1632,PFSPL-14%-30-4-26-PVT,INE514Q07346
1633,APRAMEYA ENGINEERING LTD,INE0LQG01010
1634,SARTHAK METALS LIMITED,INE017W01010
1635,VINYL CHEMICALS (I) LTD.,INE250B01029
1641,AIAHL-7.39%-22-10-29-PVT,INE0AED08037
1650,IRFC-7.47-15-4-33-PVT,INE053F08213
1654,SEJAL GLASS LIMITED,INE955I01044
1664,PFSPL-12%-24-5-27-PVT,INE514Q07353
1674,AIAHL-7.39%-12-10-29-PVT,INE0AED08029
1720,PFSPL-10.50%-31-07-27-PVT,INE514Q07361
1757,JYOTI RESINS & ADHESIVES LTD.,INE577D01013
1758,PFSPL-13%-15-5-31-PVT,INE514Q07379
1760,IOL CHEM AND PHARMA LTD,INE485C01029
1768,HDFCB-1.50%-13-4-27-PVT,INE040A08492
1814,PFSPL-12.25%-14-8-28-PVT,INE514Q07387
1867,HDFCB-7.90%-24-08-26-PVT,INE040A08484
1882,AVADH SUGAR & ENERGY LIMITED,INE349W01017
1885,AFL-8.50%-11-5-27-PVT,INE891K08042
1886,IRFC 7.37% 2029 SR 181,INE053F08411
1887,755GUJSDL31,IN1520230138
1888,BOBCARD-7.65%-7-3-31-PVT,INE027208011
1889,IRFCL 7.25% 2034 SR 182,INE053F08429
1891,UNITED SPIRITS LTD.,INE854D01024
1894,AFL-8.80%-05-08-26-PVT,INE891K08034
1895,740GUJSDL26,IN1520230146
1896,IREDA-7.85%-12-10-32-PVT,INE202E08094
1897,HDFCB-7.91%-14-8-29-PVT,INE040A08740
1902,IRFCL 7.15% 2039 SR 183,INE053F08437
1903,HDFCB-9.05%-16-10-28-PVT,INE040A08732
1904,SDL RJ 7.65% 2040,IN2920250379
1909,HDFCB-8.55%-27-3-2029-PVT,INE040A08724
1911,765GUJSDL29,IN1520230112
1914,CENTRUM CAPITAL LIMITED,INE660C01027
1915,IRFCL 7.09% 2034 SR 184,INE053F08445
1916,766GJSDL30,IN1520230120
1917,INDIAN TONERS & DEVELOPERS LTD,INE826B01018
1918,VIP Clothing Limited,INE450G01024
1922,IRFC-7.25%-17-1-35-PVT,INE053F08460
1928,HDFCB-8.07%-12-10-32-PVT,INE040A08799
1937,SAREGAMA INDIA LTD.,INE979A01025
1941,IRFC-7.28%-14-2-40-PVT,INE053F08478
1942,758GUJSDL26,IN1520230104
1943,HDFCB-6.88%-24-9-31-PVT,INE040A08781
1956,IRFC-7.17%-27-4-35-PVT,INE053F08486
1960,182TB05226,IN002025Y198
1968,HDFCB-7.80%-6-9-32-PVT,INE040A08773
1970,BOBCARD-8.47%-PERPETUAL-PVT,INE027208037
1977,IRFC-6.78%-30-4-30-PVT,INE053F08494
1978,IRFC 7.39% 2034 SR 180,INE053F08403
1981,CRIZAC LIMITED,INE0S4R01014
1984,HDFCB-8.66%-21-12-28-PVT,INE040A08765
1986,BOBCARD-8.25%-25-3-33-PVT,INE027208029
1987,HDFCB-8.46%-15-6-26-PVT,INE040A08757
1988,EMMBI INDUSTRIES LTD,INE753K01015
1990,LUMAX INDUSTRIES LTD.,INE162B01018
1995,ASPINWALL & CO LTD,INE991I01015
2003,IRFCL 6.78% 2030 SR 189,INE053F08494
2010,SDL RJ 7.24% 2036,IN2920250312
2015,SDL RJ 7.24% 2035,IN2920250320
2025,IREDAL-7.22%-6-2-27-PVT,INE202E08011
2058,SHARE IND. SECURITIES LTD,INE932X01026
2077,NIVI TRADING LTD.,INE552F01011
2085,SDL RJ 6.56% 2029,IN2920250304
2100,HPSEBL-10.39%-27-03-2026-PVT,INE220H08016
2106,IREDA-7.60%-23-2-27-PVT,INE202E08029
2110,AFL-7.42%-5-12-31-PVT,INE891K08091
2114,IREDA-9.23%-22-2-29-PVT,INE202E08045
2116,VERTOZ LIMITED,INE188Y01031
2117,IRFCL 7.15% 2034 SR 185,INE053F08452
2118,SDL RJ 7.24% 2031,IN2920250361
2122,HDFCB-6%-29-5-26-PVT,INE040A08708
2123,IRFCL 7.25% 2035 SR 186,INE053F08460
2126,IREDA-7.85%-6-3-27-PVT,INE202E08037
2128,AFL-7.9%-PERP-PVT,INE891K08083
2142,AFL-7.4%-10-6-31-CP,INE891K08075
2144,Aditya Vision Limited,INE679V01027
2152,GS12JUN42,IN000642C073
2153,BOMBAY DYEING & MFG. CO L,INE032A01023
2157,SUVEN LIFE SCIENCES LTD.,INE495B01038
2169,AFL-7.45%-14-2-31-PVT,INE891K08067
2170,IRFCL 7.28% 2040 SR 187,INE053F08478
2171,SDL RJ 7.54% 2035,IN2920250338
2172,IREDA-7.74%-8-5-30-PVT,INE202E08060
2174,AFL-8.08%-14-9-27-PVT,INE891K08059
2175,STL GLOBAL LIMITED,INE353H01010
2176,IRFCL 7.17% 2035 SR 188,INE053F08486
2177,SDL RJ 7.54% 2036,IN2920250346
2179,SDL RJ 6.9% 2029,IN2920250353
2183,SDL KA 6.51% 2031,IN1920200046
2226,SDL KA 6.49% 2030,IN1920200038
2252,INGERSOLL-RAND INDIA LTD,INE177A01018
2314,SDL KA 6.58% 2030,IN1920200053
2320,POPULAR VEHICLES N SER L,INE772T01024
2334,JAIN IRRIGATION SYSTEMS,INE175A01038
2338,GS22APR42,IN000442C037
2372,2024PLDAN-25-7-29-PTC,INE1KIF15019
2400,BOMBAY DYEING & MFG.CO.LTD.,INE032A01023
2411,SDL KA 7.93% 2031,IN1920200020
2425,KOTAKMAMC - MID150,INF174KA1VW2
2464,SDL KA 7.80% 2030,IN1920200012
2473,JAYBHARAT TEXTILES & REAL ESTA,INE091E01039
2535,SDL BR 7.17% 2032,IN1320210157
2549,MFL 8.85% 2028,INE414G07IS4
2578,VT-9.95%-20-6-29-PTC,INE0SLB15025
2579,745GUJSDL31,IN1520230070
2594,CAREER POINT EDUTECH LTD,INE0P6P01016
2609,ZAGGLE PREPAID OCEAN SERVICES ,INE07K301024
2629,SDL KA 6.12% 2027,IN1920200087
2649,IRFC-6.65%-20-5-30-PVT,INE053F08502
2654,SICAL LOGISTICS LIMITED,INE075B01020
2660,JEET MACHINE TOOLS LTD.,INE987E01012
2665,SDL KA 5.7% 2026,IN1920200079
2695,IRFC-6.47%-30-05-28-PVT,INE053F08510
2708,SBI Mutual Fund,INF200KB1969
2739,718GUJSDL28,IN1520230039
2746,DISHA RESOURCES LIMITED,INE193D01019
2749,MFL 8.78% 2027,INE414G07IR6
2781,SDL KA 6.09% 2028,IN1920200095
2786,Dr. Lal Pathlabs Limited,INE600L01024
2788,0IRFC-ZC-1-12-35-PVT,INE053F08536
2792,IRFC-6.58%-30-05-30-PVT,INE053F08528
2808,IRFC 0% 2035 SR 192,INE053F08536
2809,IRFC-7.46%-18-6-29-PVT,INE053F08387
2812,182TB16426,IN002025Y297
2813,HDFCB-7.18%-10-3-32-PVT,INE040A08633
2818,HDFCB-1.50%-24-4-27-PVT,INE040A08625
2819,IRFCL-7.44%-13-6-34-PVT,INE053F08395
2823,SDL RJ 7.16% 2035,IN2920250288
2824,182TB90426,IN002025Y289
2826,HDFCB-8.44%-01-06-26-PVT,INE040A08617
2827,742GUJSDL31,IN1520230260
2828,SDL RJ 7.29% 2037,IN2920250296
2837,763GUJSDL34,IN1520230237
2838,SDL BR 6.87% 2030,IN1320210108
2841,SDL RJ 6.66% 2029,IN2920250262
2852,76GUJSDL33,IN1520230245
2854,182TB26326,IN002025Y263
2861,GOI TBILL 182D-23/07/26,IN002025Y420
2862,SDL RJ 6.75% 2030,IN2920250270
2863,182TB30426,IN002025Y271
2867,CEINSYS TECH LIMITED,INE016Q01014
2877,SDL BR 6.84% 2030,IN1320210124
2881,IRFC-7.67%-15-12-33-PVT,INE053F08346
2889,HDFCB-7.79%-24-11-32-PVT,INE040A08674
2894,EOPREIT-10-3-26-CP,INE041014056
2898,KOTAKMAMC - MSCIINDIA,INF174KA1VD2
2905,IRFCL 6.65% 2030 SR 190,INE053F08502
2910,IRFC-7.57%-18-4-29-PVT,INE053F08353
2919,HDFCB-7.8%-03-05-33-CP,INE040A08666
2922,SDL BR 6.83% 2030,IN1320210116
2926,763GUJSDL33,IN1520230229
2929,EOPR-12-2-26-CP,INE041014049
2930,Solarworld Energy Solutions Li,INE0TY101024
2931,HAZOOR MULTI PROJECTS LTD.,INE550F01049
2932,HDFCB-7.86%-25-5-32-PVT,INE040A08658
2934,IOL CHEMICALS & PHARMACEUTICAL,INE485C01029
2941,SDL BR 7.13% 2032,IN1320210140
2943,IRFC-7.48%-16-2-34-PVT,INE053F08361
2951,IRFC 6.47% 2028 SR 191A,INE053F08510
2956,BANSWARA SYNTEX LIMITED,INE629D01020
2973,Advent Hotels International Li,INE28GN01010
2974,CAPLIN POINT LABORATORIES LTD.,INE475E01026
2975,IRFC 6.58% 2030 SR 191B,INE053F08528
2981,SDL BR 7.24% 2032,IN1320210132
2989,IRFC-7.44%-28-2-34-PVT,INE053F08379
3006,SICAL LOGISTICS LTD.,INE075B01020
3008,PRIME CABLE INDUSTRIES L,INE0CQA01020
3014,MFL 9.02% 2027,INE414G07JF9
3024,HINDCON CHEMICALS LIMITED,INE642Y01029
3031,KOTAKMAMC - NIFTY100EW,INF174KA1UW4
3041,706KERSDL41,IN2020210075
3044,JBCIPL-16-04-26-CP,INE824H14TI6
3048,RESPONSE INFORMATICS LTD,INE401B01010
3052,MFL 9.03%2029 SR33A OPII,INE414G07JE2
3059,SDL RJ 7.32% 2035,IN2920250205
3060,TELOGICA LIMITED,INE778I01024
3069,JBC-8-1-27-CP,INE824H14TH8
3074,SDL KL 7.4% 2037,IN2020210224
3087,SDL KA 6.4% 2030,IN1920200103
3089,MFL 8.97% 2027,INE414G07JH5
3093,ICICIPRAMC - EVIETF,INF109K1A153
3102,JBCIPL-07-01-27-CP,INE824H14TG0
3105,MFL 9.09% 2029 SR 35A,INE414G07JG7
3126,JBCPL-9-7-26-CP,INE824H14TF2
3138,SDL RJ 7.46% 2051,IN2920250239
3139,MFL 8.90% 2027,INE414G07JB8
3155,MFL 8.85% 2029,INE414G07JA0
3156,MRRPL-8.28%-31-3-31-PVT,INE08BT07017
3157,SDL RJ 7.23% 2035,IN2920250247
3158,SDL RJ 7.3% 2051,IN2920250254
3159,OWAIS METAL & MINERAL,INE0R8M01017
3169,MFL 8.95% 2027 SR33A OPI,INE414G07JD4
3170,MRRPL-8.08%-RESET RATE-30-9-35,INE08BT07025
3171,Power & Instrumentation (Gujar,INE557Z01018
3176,SDL RJ 7.46% 2038,IN2920250213
3179,SDL RJ 7.56% 2041,IN2920250221
3183,709KERSDL36,IN2020210059
3194,FIEM INDUSTRIES LIMITED,INE737H01014
3197,MFL REPO RATE LINK 2027,INE414G07JC6
3198,MORARKA FINANCE LTD.,INE367A01015
3204,SDL KL 7.31% 2032,IN2020210208
3216,JBCIPL-19-01-27-CP,INE824H14TJ4
3232,SDL KL 7.42% 2034,IN2020210190
3237,BIRLASOFT LIMITED,INE836A01035
3240,SDL KA 6.64% 2032,IN1920200160
3254,GS06NOV70,IN001170C017
3258,SHEELA FOAM LIMITED,INE916U01025
3260,BCL-9.25%-14-09-26-PVT,INE340A07092
3263,JBCIPL-11-03-26-CP,INE824H14TA3
3268,Edelweiss Mutual Fund,INF754K01TX4
3273,MFL 8.52% 2028 OP I,INE414G07JN3
3276,SDL KL 7.17% 2032,IN2020210182
3281,SDL KA 6.5% 2030,IN1920200152
3291,Cospower Engineering Limited,INE0CQB01010
3298,MFL 8.60% 2028,INE414G07JM5
3299,PET PLASTICS LTD.,INE704F01018
3310,SDL KA 6.77% 2033,IN1920200186
3313,SPL-13.50%-03-01-28-PVT,INE826M07046
3318,SPL-13.50%-3-1-28-PVT,INE826M07038
3322,MFL 8.20% 2030 SR 43A,INE414G07JP8
3335,SDL KA 6.63% 2030,IN1920200178
3351,MFL 8.52% 2028 OP II,INE414G07JO1
3353,BFL-9.25%-18-08-26-PVT,INE340A07084
3379,JBC-22-6-26-CP,INE824H14TE5
3387,SDL KL 6.99% 2036,IN2020210158
3393,MUTF 8.78% 2029,INE414G07JJ1
3396,SDL KL 6.86% 2035,IN2020210141
3397,SDL KA 6.4% 2031,IN1920200111
3403,PLATINUM INDUSTRIES LTD,INE0PT501018
3409,JBC-20-3-26-CP,INE824H14TD7
3415,MFL 8.90% 2027,INE414G07JI3
3422,MAHINDRA LOGISTIC LIMITED,INE766P01016
3423,SDL KA 6.49% 2031,IN1920200145
3427,SDL KL 7.14% 2035,IN2020210174
3429,BCPL Railway Infrastructure Li,INE00SW01015
3447,JBCIPL-19-03-26-CP,INE824H14TC9
3450,NANDAN DENIM LIMITED,INE875G01048
3457,MFL 8.65% 2028,INE414G07JL7
3465,SDL KA 6.48% 2030,IN1920200137
3471,MUTF 8.67% 2030,INE414G07JK9
3492,AMBIKA COTTON MILL LTD.,INE540G01014
3493,EPPELTONE ENGINEERS LTD,INE11HF01010
3498,NEWTIME INFRASTRUCTURE LIMITED,INE997D01021
3507,JBC-18-3-26-CP,INE824H14TB1
3510,SDL KL 7.05% 2036,IN2020210166
3511,SDL KA 6.32% 2028,IN1920200129
3519,SDL BR 6.82% 2028,IN1320210041
3520,MUNJAL AUTO IND. LTD.,INE672B01032
3527,JBC-19-2-26-CP,INE824H14SW9
3546,182TB19226,IN002025Y214
3556,182TB12226,IN002025Y206
3563,SDL BR 6.75% 2027,IN1320210033
3578,IRFC-7.15%-14-11-39-PVT,INE053F08437
3581,JBCIPL-13-02-26-CP,INE824H14SV1
3585,IRFC-7.25%-29-8-34-PVT,INE053F08429
3586,DHANLAXMI BANK LIMITED,INE680A01011
3587,MFL 7.85% 2029,INE414G07JU8
3594,HDFCB-7.40%-28-02-30-PVT,INE040A08690
3602,SDL BR 6.85% 2030,IN1320210066
3609,JBC-9-2-26-CP,INE824H14SU3
3612,IRFC-7.09%-16-12-34-PVT,INE053F08445
3617,EOPR-16-6-26-CP,INE041014072
3621,766GUJSDL32,IN1520230195
3639,JBCIPL-10-02-26-CP,INE824H14ST5
3644,IRFC-7.15%-27-12-34-PVT,INE053F08452
3652,AUSTERE SYSTEMS LIMITED,INE104201012
3653,SDL BR 6.77% 2028,IN1320210058
3656,EOPREIT-20-3-26-CP,INE041014064
3707,182TB19326,IN002025Y255
3718,MF 8.05% 2030 OPTION II,INE414G07JR4
3720,GOI TBILL 182D-17/07/26,IN002025Y412
3735,SDL BR 6.95% 2030,IN1320210082
3736,182TB12326,IN002025Y248
3745,SDL BR 6.87% 2030,IN1320210074
3769,SDL KA 6.4% 2030,IN1920200194
3785,GOI TBILL 182D-09/07/26,IN002025Y404
3787,764GUJSDL31,IN1520230187
3797,MFL 8.05% 2027,INE414G07JQ6
3800,GS06MAY66,IN000566C017
3821,182TB50326,IN002025Y230
3823,IRFC-7.39%-15-7-34-PVT,INE053F08403
3827,JBC-30-11-26-CP,INE824H14SY5
3832,JBCPL-10-3-26-CP,INE824H14SZ2
3833,MFL 8.03% 2031 OP II,INE414G07JT0
3867,IRFC-7.37%-31-7-29-PVT,INE053F08411
3869,JBCIPL-25-02-26-CP,INE824H14SX7
3874,182TB27226,IN002025Y222
3879,SCCL-7.3%-9-1-29-PVT,INE403G07111
3882,SCCL-8.05%-18-5-26-PVT,INE403G07103
3884,MF 7.88% 2028 OPTION I,INE414G07JS2
3889,SDL BR 6.98% 2030,IN1320210090
3895,NFPL-12.10%-17-4-29-PVT,INE0IX207239
3899,Rajnish Wellness Limited,INE685Z01033
3901,IREDA 7.36% 2039 SR XVI,INE202E08235
3910,NFPL-11.25%-29-7-31-PVT,INE0IX207247
3911,NFPL-11.30%-30-09-28-PVT,INE0IX207254
3921,IREDA 7.32% 29 SR XVI-E,INE202E08243
3924,GITA RENEWABLE ENERGY LIMITED,INE776O01018
3931,182TB26626,IN002025Y396
3937,NFPL-12.5%-15-12-31-PVT,INE0IX207221
3939,IREDA 7.37% 31 SR XVI-F,INE202E08250
3950,182TB18626,IN002025Y388
3954,IREDA 7.28% 2035 XVI-G,INE202E08268
3964,G R INFRAPROJECTS LIMITED,INE201P01022
3966,IREDA 7.40% 2036 XVI H,INE202E08276
3967,AFL-8.12%-PERPETUAL-PVT,INE891K08232
3978,SIEMENS ENERGY INDIA LTD,INE1NPP01017
3979,TATVA CHIN PHARM CHEM LTD,INE0GK401011
3980,AFL-8.04%-8-8-35-PVT,INE891K08224
3983,EUROTEX INDUSTRIES & EXPORTS L,INE022C01012
3984,CHALET HOTELS LIMITED,INE427F01016
3986,ANDREW YULE & COMPANY LTD.,INE449C01025
3994,NFPL-11.56%-11-12-30-PVT,INE0IX207262
3997,IREDA 7.74% 2035 SD-III,INE202E08292
4002,COMFORT FINCAP LTD.,INE274M01026
4006,AFL-8.41%-PERPETUAL-PVT,INE891K08216
4024,MOLD-TEK PACKAGING LIMITED,INE893J01029
4046,MFL-V-5-5-29-NCD,INE414G07GH1
4065,MFL-IV-5-5-27-NCD,INE414G07GG3
4085,MFL-VIII-5-5-27-NCD,INE414G07GK5
4086,Gloster Ltd,INE350Z01018
4089,GS19SEP2029,IN000929C041
4095,INDOWIND ENERGY LTD,INE227G01018
4102,Coffee Day Enterprises Limited,INE335K01011
4103,DALMIA BHARAT LIMITED,INE00R701025
4131,JUBILANT AGRI N CON PRO L,INE03CC01015
4132,KHANDWALA SECURITIES LTD,INE060B01014
4145,MFL-VI-5-5-32-NCD,INE414G07GI9
4147,BFL Asset Finvest Limited,INE948Q01018
4185,EMA PARTNERS INDIA LTD,INE0ZOL01023
4203,NFPL-13.5%-30-9-27-PVT,INE0IX207205
4207,SIGNPOST INDIA LIMITED,INE0KGZ01021
4212,NFPL-13.50%-26-11-27-PVT,INE0IX207213
4226,KRYPTON INDUSTRIES LTD.,INE951B01014
4228,IREDA 7.50% 2034 SRXVI A,INE202E08201
4230,754RJSDL53,IN2920250189
4233,IR 7.44% 2034 XVI B,INE202E08219
4255,MFL-II-5-5-27-NCD,INE414G07GE8
4268,IREDA 7.39% 39 SR XVI C,INE202E08227
4283,SCSL-27-3-26-CP,INE472H14599
4290,MAGNUM VENTURES 18% 2027,INE387I07013
4304,MFL-23-6-29-NCD,INE414G07GP4
4326,JEL-11-3-26-CP,INE121E14391
4327,ARFL-15-5-26-CP,INE03W114716
4331,WCL-7.25%-16-2-26-PVT,INE191B07162
4335,SAI SILKS (KALAMANDIR) L,INE438K01021
4336,KSHITIZ INVESTMENT LTD.,INE733N01011
4361,AFL-27-2-26-CP,INE03W114708
4362,LMW Limited,INE269B01029
4363,JSWEL-13-3-26-CP,INE121E14383
4366,MFL-23-6-27-NCD,INE414G07GR0
4367,SHREE RAMA MULTI TECH LTD,INE879A01019
4379,NINtec Systems Limited,INE395U01014
4386,KAMDHENU VENTURES LIMITED,INE0BTI01037
4387,OXYGENTA PHARMACEUTICAL LIMITE,INE102E01018
4395,MFL-23-6-27-NCD,INE414G07GM1
4413,CHAMBAL FERTILISERS & CHEMICAL,INE085A01013
4437,Oceanic Foods Limited,INE711V01010
4442,MFL-23-6-27-CP,INE414G07GO7
4446,AAHSPL-12MMIFOR-12-6-31-PVT,INE1YOE07034
4451,SCSL-18-2-26-CP,INE472H14524
4461,AAHSPL-MIFOR-12-6-31-PVT,INE1YOE07026
4462,Mayank Cattle Food Limited,INE0R5Z01015
4467,AEROFLEX ENTERPRISES LIMITED,INE065D01027
4478,182TB14526,IN002025Y339
4479,SOUTH INDIA PAPER MILLS LTD.,INE088G01014
4487,MFL-3-11-27-NCD,INE414G07GY6
4491,AAHSPL-12MMIFOR-12-6-31-PVT,INE1YOE07018
4493,IREDA 7.59% 2034 SR XV H,INE202E08193
4494,SDL PN 7.43% 2048,IN2820230091
4502,182TB08526,IN002025Y321
4506,SDL PN 7.43% 2048,IN2820230083
4507,ZODIAC-JRD-MKJ LTD.,INE077B01018
4510,IVALUE INFOSOLUTIONS LTD,INE056801025
4519,182T30426,IN002025Y313
4520,SDL PN 7.47% 2034,IN2820230075
4521,UTI BSE Sensex ETF,INF789FB1X58
4523,182TB23426,IN002025Y305
4533,SDL PN 7.45% 2034,IN2820230067
4536,MFL-3-11-27-NCD,INE414G07GZ3
4537,GS19MAR2030,IN000330C042
4538,SDL PN 7.41% 2034,IN2820230059
4539,ENFUSE SOLUTIONS LIMITED,INE0S3X01014
4547,182TB04626,IN002025Y362
4551,SDL PN 7.37% 2038,IN2820230042
4552,182TB11626,IN002025Y370
4553,KARNIMATA COLD STORAGE LTD,INE576P01019
4554,182TB28526,IN002025Y354
4555,SDL PN 7.47% 2043,IN2820230034
4556,PARSHWANATH CORPORATION LTD.,INE635I01018
4557,SOVEREIGN DIAMONDS LTD.,INE959D01013
4558,182TB21526,IN002025Y347
4559,MFL-3-11-27-NCD,INE414G07GV2
4560,SDL PN 7.59% 2033,IN2820230018
4561,SDL PN 7.62% 2038,IN2820230026
4563,PFC-7.42%-15-4-28-PVT,INE134E08NL6
4564,AFL-8.28%-28-10-33-PVT,INE891K08166
4576,738GUJSDL30,IN1520230013
4581,PFC-7.38%-15-1-32-PVT,INE134E08NM4
4589,AFL-8.15%-PERPETUAL-PVT,INE891K08158
4597,727GUJSDL31,IN1520230021
4598,PFCL-7.4%-15-1-35-PVT,INE134E08NN2
4602,ASCOM LEASIN & INVEST LTD,INE08KD01015
4607,AFL-8.06%-26-11-32-PVT,INE891K08141
4608,JINDAL STAINLESS LTD.,INE220G01021
4610,SHREE STEEL WIRE ROPES LTD.,INE387D01025
4631,PFCL-7.25%-16-1-45-PVT,INE134E08NK8
4635,AFL-8.07%-24-9-32-PVT,INE891K08133
4657,AFL-31-12-2999-PVT,INE891K08125
4666,CCSPL 10.35% 2026,INE157D07EH8
4670,PFCL-7.75%-15-4-26-PVT,INE134E08NQ5
4675,CCSPL 10.35% 2027,INE157D07EI6
4678,AFL-7.76%-PERPETUAL-PVT,INE891K08117
4684,NFPL-11.80%-5-7-27-PVT,INE0IX207171
4685,PFCL-6.64%-15-07-30-PVT,INE134E08NR3
4689,CCSP 10.20% 2027 SR 02,INE157D07EJ4
4698,PropShare Titania,INE19RO25021
4699,PFCL-7.44%-15-1-30-PVT,INE134E08NO0
4701,CCSP 10.20% 2027 SR 03,INE157D07EK2
4711,PFCL-7.45%-15-07-28-PVT,INE134E08NP7
4712,Property Share Investment Trus,INE19RO25013
4713,GS15DEC2034,IN001234C052
4742,PFCL-6.59%-15-10-30-PVT,INE134E08NU7
4748,GS12DEC2034C,IN001234C045
4756,PFCL-7.43%-PERPETUAL-PVT,INE134E08NV5
4790,RELIANCE YEARLY INTERVAL FUND-,INF204K01V53
4795,GS17DEC34C,IN001234C037
4798,SANWARIA CONSUMER LIMITED,INE890C01046
4802,PFCL-6.61%-15-07-28-PVT,INE134E08NS1
4821,R. S. SOFTWARE (INDIA) LI,INE165B01029
4844,ARVIND LTD.,INE034A01011
4846,RELIANCE YEARLY INTERVAL FUND-,INF204K01V46
4849,BAJAJ AUTO LIMITED,INE917I01010
4860,PFCL-6.27%-15-07-27-PVT,INE134E08NT9
4875,IREDA 7.00% 2030 SR XVII,INE202E08300
4914,PFCL-7.08%-27-11-35-PVT,INE134E08NY9
4930,MAZDA LIMITED,INE885E01042
4950,Edelweiss Mutual Fund,INF754K01VW2
4956,AFL-8.67%-PERPETUAL-PVT,INE891K08190
4963,CIGNITI TECHNOLOGIES LTD,INE675C01017
4970,Edelweiss Mutual Fund,INF754K01VY8
4980,PFCL-6.73%-15-10-27-PVT,INE134E08NW3
4989,AFL-8.73%-PERP-PVT,INE891K08182
5004,AFL-8.38%-11-1-34-PVT,INE891K08174
5007,Dhruv Consultancy Services Lim,INE506Z01015
5016,PFCL-7.1%-12-11-40-PVT,INE134E08NX1
5052,SDL PN 7.45% 2034,IN2820230133
5067,JBVL-31-5-28-PVT,INE1D4O08012
5071,754RJSDL35,IN2920250338
5073,TATA MOTORS LIMITED,INE1TAE01010
5076,SDL PN 7.51% 2036,IN2820230117
5086,SDL PN 7.49% 2037,IN2820230125
5091,RENAISSANCE GLOBAL LTD,INE722H01024
5099,KILITCH DRUGS (INDIA) LTD.,INE729D01010
5100,SDL PN 7.52% 2035,IN2820230109
5104,SCSIL-17-02-26-CP,INE472H14698
5116,669UP2030,IN3320200048
5123,AVAILABLE FINANCE LTD.,INE325G01010
5133,SCSL-5-2-26-CP,INE472H14680
5144,686UPSDL30,IN3320200030
5149,RELIANCE YEARLY INTERVAL FUND,INF204K01V38
5156,PANACHE DIGILIFE LIMITED,INE895W01019
5171,SCSIL-31-07-26-CP,INE472H14672
5173,182TB17726,IN002025Y412
5204,182TB90726,IN002025Y404
5215,RELIANCE YEARLY INTERVAL FUND-,INF204K01V20
5256,RELIANCE YEARLY INTERVAL FUND-,INF204K01V12
5264,DEEPAK FERTILISERS & PETROCHEM,INE501A01019
5267,RELIANCE YEARLY INTERVAL FUND,INF204K01V04
5276,AKG EXIM LIMITED,INE00Y801016
5294,CCSPL 9.95% 2027,INE157D07EL0
5299,AFL-8.35%-23-6-34-PVT,INE891K08208
5301,SDL BR 6.92% 2032,IN1320190227
5306,SDL BR 7.02% 2030,IN1320190219
5312,CCSPL 9.90% 2027 SR 02,INE157D07EM8
5314,MFL-VI-20-4-31-NCD,INE414G07FV4
5319,CCSP 9.85% 2027 SR 03,INE157D07EN6
5320,MFL-7.9%-30-5-31-PVT,INE414G07FY8
5321,SDL BR 7.14% 2030,IN1320190201
5322,NFPL-11.75%-5-8-27-PVT,INE0IX207189
5323,KIRLOSKAR OIL ENG LTD,INE146L01010
5324,SDL PN 7.79% 2036,IN2820230190
5327,Rudra Gas Enterprise Limited,INE0OYK01010
5328,CCSP 9.75% 2028,INE157D07EO4
5335,GS19SEP2052,IN000952C027
5338,182TB23726,IN002025Y420
5339,MFL-VIII-20-4-26-NCD,INE414G07FX0
5340,NFPL-11.50%-4-9-30-PVT,INE0IX207197
5341,SDL PN 7.77% 2033,IN2820230182
5342,CCSPL 9.85% 2028 SR 5,INE157D07EP1
5343,VOLTAS LTD.,INE226A01021
5344,SDL PN 7.75% 2036,IN2820230174
5345,RAM RATNA WIRES LTD.,INE207E01023
5346,GS06NOV45,IN001145C019
5347,MFL-II-20-4-26-NCD,INE414G07FR2
5348,SDL PN 7.67% 2035,IN2820230166
5350,MFL-V-20-4-26-NCD,INE414G07FU6
5357,SDL PN 7.49% 2035,IN2820230158
5359,SHREE CEMENT LTD.,INE070A01015
5361,AMBIKA COTTON MILLS LTD.,INE540G01014
5366,SDL PN 7.48% 2034,IN2820230141
5370,HIMATSINGKA SEIDE LTD.,INE049A01027
5376,PFC-7.70%-15-9-26-PVT,INE134E08MK0
5377,INTEC CAPITAL LTD.,INE017E01018
5386,Chemcrux Enterprises Limited,INE298W01016
5391,PFC-7.66%-15-4-2033-PVT,INE134E08MH6
5415,PFC-7.70%-15-4-2033-PVT,INE134E08MI4
5418,PFC-7.77%-15-4-28-PVT,INE134E08MJ2
5423,SDL TR 6.65% 2035,IN3220200049
5434,VIVID MERCANTILE LIMITED,INE647Z01025
5436,PFCL-7.37%-22-5-26-PVT,INE134E08MO2
5451,SDL TR 6.81% 2035,IN3220200031
5452,SDL TR 6.55% 2030,IN3220200023
5454,PFC-7.55%-15-7-26-PVT,INE134E08ML8
5455,Pricol Limited,INE726V01018
5459,Sansera Engineering Limited,INE953O01021
5465,POWER GRID CORPORATION OF INDI,INE752E01010
5471,PFC-7.62%-15-7-33-PVT,INE134E08MM6
5473,SDL TR 6.7% 2030,IN3220200015
5492,VELJAN DENISON LIMITED,INE232E01013
5523,PFCL-ZC-25-8-26-PVT,INE134E08MS3
5531,Aztec Fluids & Machinery Limit,INE0SCB01016
5546,ECL-10.00%-PERPETUAL-PVT,INE528S08068
5555,AHASOLAR TECHNOLOGIES LIMITED,INE0NEV01011
5559,PFCL-7.64%-25-8-26-PVT,INE134E08MT1
5561,NMI05-8.90%-25-10-29-PTC,INE0WLO15012
5562,GS06MAY41,IN000541C010
5586,RAJESH POWER SERVICES LIMITED,INE0VN801010
5592,MFL-ZC-1-5-27-NCD,INE414G07EC7
5595,ECL-9.75%-PERPETUAL-PVT,INE528S08050
5599,PFCL-7.48%-19-6-38-PVT,INE134E08MP9
5612,PFCL-7.57%-12-7-33-PVT,INE134E08MQ7
5625,ECL-9.25%-6-10-27-PVT,INE528S08043
5646,XTGLOBAL INFOTECH LIMITED,INE547B01028
5653,PFCL-7.60%-25-8-33-PVT,INE134E08MR5
5665,ECL-9.25%-31-7-27-PVT,INE528S08035
5667,Siti Networks Ltd.,INE965H01011
5683,PFC-7.88%-PERPETUAL-PVT,INE134E08MW5
5701,ECL-9.95%-9-10-26-PVT,INE528S08027
5714,PFC-7.60%-13-4-29-PVT,INE134E08MX3
5731,GS25MAY41,IN000541C028
5738,NAOMI-8.9%-25-10-29-PTC,INE0WLO15020
5742,PFCL-7.70%-30-11-33-PVT,INE134E08MU9
5759,PULZ ELECTRONICS LIMITED,INE335X01014
5760,PFCL-7.69%-15-12-38-PVT,INE134E08MV7
5761,EMMBI INDUSTRIES LIMITED,INE753K01015
5770,TEXMO PIPE & PRODUCTS LTD,INE141K01013
5773,SDL PN 7.46% 2033,IN2820230257
5779,VERITAAS ADVERTISING LTD,INE0SRI01019
5793,SDL PN 7.69% 2036,IN2820230240
5797,PARAMPARA DAIRY DLGHT LTD,INE749Y01014
5801,Dr. Agarwal's Health Care Limi,INE943P01029
5806,PFC-7.49%-22-2-34-PVT,INE134E08MY1
5811,SDL PN 7.79% 2038,IN2820230232
5823,SDL PN 7.77% 2036,IN2820230216
5825,PFC-7.55%-15-4-27-PVT,INE134E08MZ8
5826,SDL PN 7.78% 2037,IN2820230224
5829,Univa Foods Limited,INE275F01019
5832,ADANI PORTS AND SPECIAL ECONOM,INE742F01042
5834,SDL PN 7.79% 2037,IN2820230208
5867,CHADHA PAPERS LTD.,INE669W01018
5872,PFCL-7.44%-15-7-34-PVT,INE134E08NA9
5875,MINI DIAMONDS (INDIA) LTD.,INE281E01028
5881,MFL-ZC-27-6-27-NCD,INE414G07EG8
5910,SCSL-2-4-26-CP,INE472H14763
5918,SCSL-11-12-26-CP,INE472H14755
5936,PFCL-7.27%-15-10-31-PVT,INE134E08ND3
5938,SCSL-10-3-26-CP,INE472H14748
5943,PFCL-7.22%-15-10-39-PVT,INE134E08NE1
5944,Acme Resources Limited,INE636B01011
5945,NITTA GELATIN INDIA LTD.,INE265B01019
5946,KEY CORP LTD.,INE130F01016
5947,SBI Mutual Fund,INF200K30064
5948,PFCL-7.32%-15-7-39-PVT,INE134E08NB7
5949,SCSIL-11-3-26-CP,INE472H14730
5951,DR AGARWALS HEALTH CARE L,INE943P01029
5954,PAT-25-9-27-PTC,INE0R7Z15011
5955,SCSIL-16-9-26-CP,INE472H14722
5957,SBI Mutual Fund,INF200K30056
5958,PFCL-7.30%-16-10-34-PVT,INE134E08NC5
5962,SCSL-9-3-26-CP,INE472H14714
5964,SBI Mutual Fund,INF200K30049
5965,PFCL-7.40%-15-1-30-PVT,INE134E08NH4
5966,HBL-8.44%-28-12-28-PVT,INE040A08393
5967,AFFIGPL-13.65%-7-12-26-PVT,INE774L07099
5969,SCSIL-19-06-26-CP,INE472H14706
5973,SBI Mutual Fund,INF200K30031
5974,KOTAK NIFTY ETF,INF174K014P6
5975,PFCL-7.16%-16-01-40-PVT,INE134E08NI2
5976,HBL-7.56%-29-6-27-PVT,INE040A08385
5980,PFCL-7.24%-15-1-35-PVT,INE134E08NJ0
5985,SBI Mutual Fund,INF200K30023
5990,PFCL-7.10%-15-1-35-PVT,INE134E08NF8
5993,HINDUSTAN ZINC LIMITED,INE267A01025
5994,SKYBIOTECH HEALTHCARE LIMITED,INE393H01016
5996,SBI Mutual Fund,INF200K30015
5999,360 ONE WAM LIMITED,INE466L01038
6002,PFCL-7.11%-16-1-40-PVT,INE134E08NG6
6006,HDFCBANK-7.95%-21-9-26-PVT,INE040A08369
6012,ARCHIES LTD.,INE731A01020
6014,SCNL-11.5%-21-8-32-PVT,INE836B08301
6015,TECHNOCRAFT IND LTD,INE545H01011
6016,AFIP-13.25%-6-12-27-PVT,INE774L07081
6017,PFCL-6.35%-30-6-27-PVT,INE134E08LH8
6020,Dodla Dairy Limited,INE021O01019
6021,PFCL-7.11%-30-6-36-PVT,INE134E08LI6
6029,GS22FEB29C,IN000229C020
6043,SCNL-11.50%-24-01-31-PVT,INE836B08293
6047,PFCL-6.35%-30-06-26-PVT,INE134E08LG0
6062,TANKUP ENGINEERS LIMITED,INE0Z7N01017
6078,PFCL-6.95%-1-10-31-PVT,INE134E08LM8
6084,SCNL-12.75%-19-7-29-PVT,INE836B08285
6085,PFC-6.92%-14-4-32-PVT,INE134E08LN6
6086,RELIANCE CHEMOTEX IND LTD,INE750D01016
6093,AGI INFRA LIMITED,INE976R01033
6095,VAMPL-11%-15-1-27-PVT,INE0BXI07010
6098,PFCL-6.09%-27-08-26-PVT,INE134E08LK2
6099,TECHNOCRAFT INDUSTRIES (INDIA),INE545H01011
6100,PFC-7.15%-27-08-36-PVT,INE134E08LL0
6101,AAVAS Financiers Limited,INE216P01012
6109,Dhillon Freight Carrier Limite,INE0SPJ01011
6121,PFCL-7.42%-8-9-32-PVT,INE134E08LQ9
6135,GS22AUG40C,IN000840C016
6171,SOURCE NATURAL FOODS & HERBAL,INE679C01027
6178,CHOWGULE STEAMSHIPS LTD.,INE490A01015
6183,Vishal Mega Mart Limited,INE01EA01019
6185,PFCL-7.13%-15-7-26-PVT,INE134E08LP1
6245,PFC-7.65%-13-11-37-PVT,INE134E08LV9
6262,PFCL-7.15%-8-9-26-PVT,INE134E08LS5
6270,PFCL-7.15%-8-9-27-PVT,INE134E08LT3
6280,VISION INFRA EQUIP SOL L,INE0TR001017
6287,AX2025-12.25%-24-12-26-PTC,INE2FAX15017
6298,CINEVISTA LTD.,INE039B01026
6300,PFCL-7.72%-19-12-37-PVT,INE134E08LY3
6301,NETTLINX LTD.,INE027D01019
6302,SDL CG 7.59% 2046,IN3520250058
6303,828GOI2027,IN0020070069
6315,833GOI2032,IN0020070077
6326,SMIOL-11%-30-9-31-PVT,INE149K07013
6328,SDL CG 7.54% 2036,IN3520250066
6332,IREDAL-7%-31-05-30-PVT,INE202E08300
6341,PFC-7.58%-15-5-33-PVT,INE134E08LW7
6342,SDL CG 7.56% 2037,IN3520250074
6374,PFCL-7.59%-17-1-28-PVT,INE134E08LX5
6411,SDL CG 7.34% 2040,IN3520250017
6416,IREDAL-7.70%-PERPETUAL-PVT,INE202E08318
6444,SARVESHWAR FOODS LIMITED,INE324X01026
6457,SDL CG 7.19% 2035,IN3520250025
6469,UCL-11.65%-6-5-31-PVT,INE583D08115
6474,RAINBOW FOUNDATIONS LTD.,INE230F01014
6498,SHREE CEMENT LIMITED,INE070A01015
6501,SDL CG 7.37% 2033,IN3520250033
6510,Fabtech Technologies Limited,INE0HF201011
6513,Bright Outdoor Media Limited,INE0OMI01019
6516,SDL CG 7.5% 2035,IN3520250041
6524,UCL-11.65%-17-5-31-PVT,INE583D08131
6547,PFCL-7.82%-6-3-38-PVT,INE134E08MB9
6549,JEL-23-3-26-CP,INE121E14409
6559,PFC-7.77%-15-7-26-PVT,INE134E08MC7
6562,Tata Motors Limited,INE1TAE01010
6570,SUGAL & DAMANI SHARE BROKERS L,INE309D01011
6588,SDL TR 7.29% 2036,IN3220200064
6590,SDL TR 7.34% 2036,IN3220200056
6591,PFC-7.64%-22-2-33-PVT,INE134E08MA1
6611,PFCL-7.82%-13-3-30-PVT,INE134E08MF0
6622,GP ECO SOLUTIONS INDIA L,INE0S7E01015
6628,FC-7.82%-13-3-31-PVT,INE134E08MG8
6634,SCNL-15.50%-31-12-26-PVT,INE836B08202
6635,8.26% CENTRAL GOVT 2027,IN0020070036
6641,MFL-ZC-14-12-26-NCD,INE414G07DQ9
6644,832GOI2032,IN0020070044
6649,PFC-7.82%-11-3-33-PVT,INE134E08MD5
6652,WORKMATES CORE2CLOUD SOLUTION ,INE1I1301016
6655,PFC-7.82%-12-3-32-PVT,INE134E08ME3
6669,MEGA FIN (INDIA) LTD.,INE524D01015
6692,SDL RJ 7.44% 2034,IN2920230553
6694,SDL RJ 7.47% 2033,IN2920230546
6704,ANANT RAJ LIMITED,INE242C01024
6720,SDL RJ 7.46% 2042,IN2920230538
6766,ESAFSFBL-11.25%-4-5-29-PVT,INE818W08099
6771,SDL RJ 7.49% 2040,IN2920230561
6774,Span Divergent Limited,INE004E01016
6788,RAGHUVIR SYNTHETICS LTD.,INE969C01022
6789,LIBAS CONSU PRODUCTS LTD,INE908V01012
6798,SDL RJ 7.52% 2044,IN2920230579
6799,SHANTHI GEARS LTD.,INE631A01022
6800,SEC RE NCD SR IV,INE338I07099
6837,SDL MZ 7.27% 2033,IN2520200105
6850,IMAGICAAWORLD ENTERTAINMENT LI,INE172N01012
6869,AXIS MF - AXIS GOLD ETF,INF846K01W80
6870,AXISAMC - AXISNIFTY,INF846K01W98
6881,Tatva Chintan Pharma Chem Limi,INE0GK401011
6889,JAYANT AGRO ORGANICS LTD,INE785A01026
6890,LLOYDS ENGG WORK LIMITED,INE093R01011
6897,MAHASAGAR TRAVELS LTD.,INE007G01014
6906,WONDERLA HOLIDAYS LTD.,INE066O01014
6918,697KARSDL31,IN1920200285
6943,DOLAT ALGOTECH LIMITED,INE966A01022
6945,Shiva Mills Limited,INE644Y01017
6946,SGL-REST RATE-31-12-30-PVT,INE629B07013
6947,SUTLEJ TEXTILES & INDUSTRIES L,INE645H01027
6948,SDL RJ 7.37% 2045,IN2920230504
6963,TCPL-9.75%-18-2-27-PVT,INE01EQ07103
6971,678KARSDL32,IN1920200269
6980,TCPL-9.9%-02-08-27-PVT,INE01EQ07111
6986,ASTEC LIFESCIENCES LTD,INE563J01010
6999,TCPL-9.9%-2-8-27-PVT,INE01EQ07129
7003,SDL RJ 7.48% 2037,IN2920230520
7004,675KARSDL33,IN1920200244
7005,SDL RJ 7.46% 2034,IN2920230512
7012,TCPL-9.9%-13-8-27-PVT,INE01EQ07137
7016,ARFIN INDIA LIMITED,INE784R01023
7029,GULSHAN POLYOLS LTD.,INE255D01024
7051,SDL HR 7.16% 2038,IN1620240300
7060,KFL-11.40%-12-4-26-PVT,INE0NES07097
7070,Kanchi Karpooram Ltd.,INE081G01019
7078,SDL HR 7.22% 2038,IN1620240318
7080,KFL-11.05%-20-2-26-PVT,INE0NES07089
7111,KOTHARI PRODUCTS LTD.,INE823A01017
7122,Nippon India Mutual Fund,INF732E01268
7124,SDL HR 7.03% 2035,IN1620240342
7129,YASH MANAGEMENT & SATELLITE LT,INE216B01012
7133,SDL HR 7.26% 2039,IN1620240326
7139,HILTON METAL FORGING LTD.,INE788H01017
7143,SDL HR 7.23% 2039,IN1620240334
7148,ESAF-11%-20-4-30-PVT,INE818W08123
7151,SDL HR 7.04% 2037,IN1620240359
7152,SDL PN 6.88% 2045,IN2820250016
7159,UCL-10.25%-18-4-26-PVT,INE583D08040
7161,SDL PN 6.88% 2046,IN2820250024
7162,SDL HR 7.08% 2039,IN1620240367
7164,MAKS ENERGY SOL INDIA LTD,INE0CDK01019
7170,ESAF-11.10%-20-4-31-PVT,INE818W08115
7176,SDL PN 6.77% 2043,IN2820250032
7183,SANGANI HOSPITALS LIMITED,INE0OVI01010
7187,SDL PN 6.79% 2045,IN2820250040
7192,DJ MEDIAPRINT & LOG LTD,INE0B1K01014
7205,SDL HR 7.09% 2040,IN1620240375
7207,SDL PN 6.88% 2045,IN2820250057
7209,Edelweiss Mutual Fund,INF754K01KO2
7210,Kamdhenu Ventures Limited,INE0BTI01037
7211,UCL-12.50%-15-9-29-PVT,INE583D08057
7218,SDL MZ 7.04% 2033,IN2520200097
7227,UCL-11.65%-15-3-31-PVT,INE583D08081
7228,SDL PN 6.89% 2046,IN2820250065
7230,JET FREIGHT LOGISTICS LTD,INE982V01025
7233,SDL MZ 6.64% 2032,IN2520200089
7234,ADITYA BIRLA MONEY LTD,INE865C01022
7244,SDL PN 7.13% 2050,IN2820250073
7245,EMERALD TYRE MANUF LTD,INE0RHD01013
7260,ESAF-11.10%-28-2-34-PVT,INE818W08107
7267,SDL MZ 6.68% 2031,IN2520200071
7268,AADHAR HOUSING FINANCE L,INE883F01010
7269,SDL PN 7.19% 2049,IN2820250081
7275,SDL MZ 6.84% 2034,IN2520200063
7284,SDL PN 7.19% 2040,IN2820250099
7285,UCL-11.65%-25-3-31-PVT,INE583D08099
7286,HB PORTFOLIO LTD.,INE638B01025
7294,GS12DC2032C,IN001232C049
7300,MRHFL-8.90%-05-05-26-PVT,INE950O08048
7316,DIVYASHAKTI LIMITED,INE410G01010
7323,Aditya Birla Sun Life BSE Sens,INF209KB10E8
7324,GS15DEC32C,IN001232C056
7328,MRHFL-9.10%-29-04-26-PVT,INE950O08030
7329,SDL RJ 7.63% 2041,IN2920230421
7334,SDL RJ 7.66% 2034,IN2920230413
7335,ASIAN ENERGY SERVICES LTD,INE276G01015
7341,KRITI NUTRIENTS LIMITED,INE798K01010
7342,SDL HR 7.13% 2036,IN1620240193
7370,SDL RJ 7.44% 2034,IN2920230454
7371,MRHFL-9.10%-18-05-26-PVT,INE950O08063
7374,SDL RJ 7.48% 2034,IN2920230447
7381,JFL LIFE SCIENCES LIMITED,INE0LA901015
7389,Aditya Birla Sun Life Mutual F,INF209KB10C2
7391,GS17DEC32C,IN001232C031
7400,MRHFL-9.10%-06-05-26-PVT,INE950O08055
7401,SDL RJ 7.51% 2034,IN2920230439
7409,MOFS 8.15% 2028 SR 2,INE338I07198
7424,SDL RJ 7.43% 2044,IN2920230470
7457,SDL RJ 7.42% 2039,IN2920230462
7460,SDL PN 7.73% 2032,IN2820250107
7475,SDL PN 7.57% 2037,IN2820250115
7478,SDL RJ 7.37% 2034,IN2920230496
7479,SDL RJ 7.4% 2042,IN2920230488
7480,SDL PN 7.49% 2040,IN2820250123
7482,JINDAL STEEL LIMITED,INE749A01030
7484,ANKA INDIA LTD.,INE067C01025
7489,SDL PN 7.29% 2033,IN2820250131
7495,SEC RE NCD 9.35% SR VI,INE338I07107
7497,GRANDMA TRADING & AGENCIES LTD,INE927M01029
7498,663KARSDL30,IN1920200178
7512,KOTAK MAHINDRA MUTUAL FUND - K,INF373I01023
7514,ORIENTAL RAIL INFRASTRUCTURE L,INE457G01029
7519,65KARSDL30,IN1920200152
7520,BHARAT DYNAMICS LIMITED,INE171Z01026
7521,SEC RE NCD 9.70% SR VIII,INE338I07123
7522,ZEAL GLOBAL SERVICES LTD,INE0PPS01018
7523,664KARSDL32,IN1920200160
7524,BABA FOOD PROCESSING,INE0QW501012
7525,SEC RE NCD 9.30% SR VII,INE338I07115
7530,SAFE ENTER RETAIL FIX LTD,INE17D601016
7558,SEC RE NCD 9.10% SR III,INE338I07149
7584,649KARSDL31,IN1920200145
7588,TRILIANCE POLYMERS LIMITED,INE778N01016
7599,SEC RE NCD 8.85% SR I,INE338I07131
7629,SUPERIOR INDUSTRIAL ENTERPRISE,INE843L01012
7631,64KARSDL31,IN1920200111
7632,VMS INDUSTRIES LTD.,INE932K01015
7633,SDL RJ 7.66% 2033,IN2920230405
7634,GOI LOAN 8.83% 2041,IN0020110063
7635,Keystone Realtors Limited,INE263M01029
7640,SEC RE NCD 8.97% SR V,INE338I07164
7658,GOI LOAN 8.97% 2030,IN0020110055
7669,SEC RE NCD SR II,INE338I07156
7686,MFL-8.65%-15-3-27-PVT,INE414G07JV6
7691,Happiest Minds Technologies Li,INE419U01012
7705,AVHFIL-7.95%-27-11-30-PVT,INE852O07188
7756,Godrej Agrovet Limited,INE850D01014
7762,Western Carriers (India) Limit,INE0CJF01024
7767,KITEX GARMENTS LTD.,INE602G01020
7769,SDL HR 7.12% 2037,IN1620240201
7771,GRAND OAK CANYONS DISTILLERY L,INE926B01016
7777,Onesource Specialty Pharma Lim,INE013P01021
7794,SDL HR 7.19% 2037,IN1620240219
7804,Tierra Agrotech Limited,INE05CY01014
7805,COFORGE LIMITED,INE591G01025
7836,KIRAN SYNTEX LTD.,INE293D01017
7837,SDL HR 7.18% 2038,IN1620240243
7848,BIRLANU LIMITED,INE557A01011
7851,SDL HR 7.09% 2037,IN1620240227
7853,SDL PN 7.49% 2035,IN2820250149
7865,Concord Enviro Systems Limited,INE037Z01029
7867,DAPS ADVERTISING LIMITED,INE975Z01012
7869,SDL PN 7.48% 2031,IN2820250156
7870,SDL HR 7.16% 2037,IN1620240235
7876,ARVIND SMARTSPACES LTD,INE034S01021
7906,AVHFIL-8.75%-RESET RATE-19-9-2,INE852O07139
7911,SDL HR 7.22% 2038,IN1620240268
7920,LANDMARK GLOBAL LEARNING LIMIT,INE12QA01010
7951,SDL HR 7.15% 2038,IN1620240250
7955,AVHFIL-8.75%-RESET RATE-5-9-29,INE852O07121
7973,PLAZA WIRES LIMITED,INE0INJ01017
7978,SDL HR 7.14% 2038,IN1620240284
7984,AVHFIL-RESET RATE-11-03-30-PVT,INE852O07154
8007,AVHFIL-8.75%-RESET RATE-30-12-,INE852O07147
8009,SDL HR 7.14% 2038,IN1620240276
8023,NEW MARKETS ADVISORY LTD.,INE800K01014
8026,AVHFIL-8.75%-23-5-30-PVT,INE852O07170
8037,TRANSCORP INTERNATIONAL LTD.,INE330E01023
8038,VANDAN FOODS LIMITED,INE0RDJ01019
8057,UNION MUTUAL FUND,INF582M01KS4
8065,AVHFIL-8.75%-RESET RATE-02-04-,INE852O07162
8068,SDL HR 7.14% 2038,IN1620240292
8080,AKSHARCHEM (INDIA) LTD.,INE542B01011
8081,JSWSL-8.39%-13-5-27-PVT,INE019A08058
8084,MFL-3-6-26-NCD,INE414G07ID6
8094,BFL-07-05-26-CP,INE296A14A40
8104,BFL-08-05-26-CP,INE296A14A57
8118,MFL-8.10%-3-6-28-NCD,INE414G07IC8
8120,GUJARAT PETROSYNTHESE LTD.,INE636P01011
8143,BFL-24-4-26-CP,INE296A14A24
8147,Macfos Limited,INE0OLH01013
8170,BFL-06-05-26-CP,INE296A14A32
8196,MFL-3-6-28-NCD,INE414G07IE4
8206,SABOO SODIUM CHLORO LTD.,INE440C01016
8214,Aditya Birla Sun Life Mutual F,INF209KB11D8
8226,GENNEX LABORATORIES LTD.,INE509C01026
8230,NESTLE INDIA LTD.,INE239A01024
8235,SYNTHIKO FOILS LTD.,INE363L01045
8267,MFL-8%-3-6-26-NCD,INE414G07IB0
8280,GS06MAY43,IN000543C016
8299,SHIVAM AUTO.LTD,INE637H01024
8306,KDDL LTD.,INE291D01011
8308,Neogen Chemicals Limited,INE136S01016
8319,MFLTD-7.75%-4-10-28-NCD,INE414G07IL9
8326,BANNARI AMMAN SUGARS LTD,INE459A01010
8341,MFLTD-8%-4-10-28-NCD,INE414G07IO3
8353,VMC-7.9%-4-3-29-MB,INE0KDG08023
8354,MFLTD-8%-4-10-26-NCD,INE414G07IN5
8355,Advance Agrolife Limited,INE1B0W01010
8363,JINDAL WORLDWIDE LTD,INE247D01039
8366,SDL KL 7.16% 2030,IN2020190194
8371,JATTASHANKAR INDUSTIES LTD.,INE722N01014
8415,BFL-18-6-26-CP,INE296A14A81
8419,BFL-19-6-29-CP,INE296A14A99
8420,DECCAN CEMENTS LTD.,INE583C01021
8453,HESTER BIOSCIENCES LTD,INE782E01017
8456,BFL-14-5-26-CP,INE296A14A65
8457,MFLTD-7.75%-4-10-26-NCD,INE414G07IK1
8463,GMR POW AND URBAN INFRA L,INE0CU601026
8472,MFL-4-10-28-NCD,INE414G07IJ3
8473,SUPREME ENGINEERING LTD,INE319Z01021
8493,NIPPONAMC - NETFSILVER,INF204KC1402
8503,BFL-26-5-26-CP,INE296A14A73
8506,UDAYSHIVAKUMAR INFRA LTD,INE0N0Y01013
8533,SDL BR 7.17% 2030,IN1320190193
8544,COASTAL CORPORATION LTD.,INE377E01024
8552,SIGNATUREGLOBAL INDIA LTD,INE903U01023
8553,MFL-8.25%-25-1-29-NCD,INE414G07IT2
8554,SDL BR 7.18% 2030,IN1320190185
8573,MFL-8.25%-25-1-27-NCD,INE414G07IW6
8574,SDL BR 7.17% 2030,IN1320190169
8579,SDL BR 7.29% 2030,IN1320190177
8587,MFL-8.50%-25-1-27-NCD,INE414G07IV8
8590,SDL KL 6.84% 2030,IN2020190228
8661,LIC Mutual Fund,INF767K01RN1
8673,MFL-4-10-26-NCD,INE414G07IP0
8682,GHCL TEXTILES LIMITED,INE0PA801013
8722,KFL-11.5%-28-3-29-PVT,INE0NES07295
8763,KRFL-11.40%-24-10-27-PVT,INE0NES07287
8782,KFL-11.40%-11-4-28-PVT,INE0NES07279
8829,Maruti Interior Products Limit,INE0JSJ01014
8831,CCL PRODUCTS (INDIA) LTD.,INE421D01022
8845,KFL-11.40%-12-05-27-PVT,INE0NES07253
8849,STJ23II-8.75%-17-8-28-PTC,INE0QTL15013
8850,KFL-11.10%-19-8-27-PVT,INE0NES07261
8853,GS06NOV68,IN001168C011
8862,MFL-25-1-27-NCD,INE414G07IY2
8863,KFPL-11.20%-03-04-27-PVT,INE0NES07246
8875,KFL-11.40%-15-1-27-PVT,INE0NES07238
8879,MFL-25-1-29-NCD,INE414G07IX4
8880,DISH TV INDIA LTD.,INE836F01026
8882,SDL KL 7.05% 2030,IN2020190210
8896,KFL-11.3%-11-4-27-PVT,INE0NES07220
8899,SDL KL 7.03% 2030,IN2020190202
8916,KFL-11.4%-23-6-28-PVT,INE0NES07212
8917,HANDSON GBL MNGMNT LTD,INE596H01014
8918,MFL-8.50%-25-1-29-NCD,INE414G07IZ9
8920,MEGA FLEX PLASTICS LTD,INE0G1D01014
8923,BFL-15-07-26-CP,INE296A14B64
8924,VEDAVAAG SYSTEMS LTD.,INE359B01010
8925,KFL-11.40%-25-06-28-PVT,INE0NES07204
8946,Logiciel Solutions Limited,INE1BA901016
8964,TAVERNIER RESOURCES LIMI,INE355H01015
8969,BFL-16-7-26-CP,INE296A14B72
8989,SHRI KRISHNA DEVCON LTD.,INE997I01012
8995,IREDA 7.68% 2033 SR XV-C,INE202E08144
9006,BHARAT FORGE LTD.,INE465A01025
9012,IREDA 7.77% 2027 SR XV D,INE202E08151
9026,BFL-26-06-26-CP,INE296A14B31
9037,GOEL CONSTRUCTION COMPANY LIMI,INE0ZOM01013
9038,IREDA 7.59% 2034 SR XV E,INE202E08169
9066,IREDA 7.53% 2034 SR XV F,INE202E08177
9080,IREDA 7.57% 2029 SR XV G,INE202E08185
9084,Taylormade Renewables Limited,INE459Z01017
9100,Mercantile Ventures Limited,INE689O01013
9104,Chembond Material Technologies,INE995D01025
9121,HARIYANA VENTURES LIMITED,INE219D01012
9122,Bajel Projects Limited,INE0KQN01018
9172,MFL-7.75%-10-4-26-NCD,INE414G07HL1
9174,RAJ TV NETWORK LTD,INE952H01027
9193,GNG Electronics Limited,INE18JU01028
9229,SUGS LLOYD LIMITED,INE0XX801016
9231,ANLON HEALTHCARE LIMITED,INE0Y8W01017
9235,PUSHPA JEWELLERS LIMITED,INE154801018
9253,ORIENT CEMENT LTD.,INE876N01018
9254,YUDIZ SOLUTIONS LIMITED,INE09FA01019
9260,MFL-7.75%-23-12-27-NCD,INE414G07HE6
9261,Edelweiss Mutual Fund,INF754K01LE1
9262,VINNY OVERSEAS LIMITED,INE01KI01027
9279,MFL-7.50%-23-12-27-NCD,INE414G07HH9
9281,RIBA TEXTILES LTD.,INE811H01017
9282,BFL-17-7-26-CP,INE296A14B98
9291,MADRAS FERTILISERS LTD,INE414A01015
9312,MFL-ZC-23-12-27-NCD,INE414G07HG1
9323,Home First Finance Company Ind,INE481N01025
9334,MFL-8%-10-4-26-NCD,INE414G07HR8
9351,NIPPONAMC - NETFAUTO,INF204KC1337
9366,MFL-10-4-28-NCD,INE414G07HO5
9367,RAM RATNA WIRES LIMITED,INE207E01023
9377,SDL KL 7.28% 2030,IN2020190186
9388,KFL-11.4%-19-6-26-PVT,INE0NES07196
9390,RPSG VENTURES LIMITED,INE425Y01011
9394,SDL KL 7.18% 2029,IN2020190178
9397,MFL-7.85%-10-4-28-NCD,INE414G07HM9
9402,MFL-8.1%-10-4-28-NCD,INE414G07HQ0
9404,KFL-11.20%-11-12-26-PVT,INE0NES07188
9416,MFL-10-4-26-NCD,INE414G07HP2
9422,GS19MAR2053,IN000353C028
9439,GS22OCT44,IN001044C030
9443,KFL-11.30%-30-01-27-PVT,INE0NES07170
9444,JAYESH LOGISTICS LIMITED,INE1AE401014
9445,BANG OVERSEAS LTD.,INE863I01016
9446,MINAXI TEXTILES LTD.,INE952C01028
9455,GUJ IND POW CO. LTD,INE162A01010
9457,KFL-11.30%-23-1-27-PVT,INE0NES07154
9459,KFL-11.30%-6-3-27-PVT,INE0NES07162
9462,MFL-7.85%-3-6-28-NCD,INE414G07HZ1
9473,KFL-11.40%-26-5-27-PVT,INE0NES07147
9474,ASSO ALCOHOLS & BREW LTD,INE073G01016
9485,ASHOKA BUILDCON LTD.,INE442H01029
9486,KFL-11.40%-22-4-27-PVT,INE0NES07139
9487,HOUSING DEV & INFRA LTD,INE191I01012
9500,PUNJAB NATIONAL BANK,INE160A01022
9501,MULTI COMMODITY EXCHANGE OF IN,INE745G01043
9502,KFL-11.40%-28-1-27-PVT,INE0NES07121
9503,MFL-8.65%-23-3-26-PVT,INE414G07HW8
9504,KFL-11.4%-13-6-27-PVT,INE0NES07113
9505,ANANTAM HIGHWAYS TRUST,INE1UA823019
9506,Digitide Solutions Limited,INE0U4701011
9511,KFL-11.40%-10-5-26-PVT,INE0NES07105
9517,MFL-7.75%-3-6-26-NCD,INE414G07HY4
9530,MFL-8.65%-23-9-27-PVT,INE414G07HX6
9557,ORKLA INDIA LIMITED,INE16NZ01023
9585,729KASDL39,IN1920200673
9586,RADAAN MEDIAWORKS (I) LTD.,INE874F01027
9587,INDSIL HYDRO POWER AND MANGANE,INE867D01018
9589,EEL-27-01-27-PVT,INE468N07BC5
9590,854NHPC28,INE848E07526
9593,SKF INDIA (INDUSTRIAL) LIMITED,INE2J8701016
9595,SBI Mutual Fund,INF200KB1217
9596,India Pesticides Limited,INE0D6701023
9598,SKF INDIA LTD,INE640A01023
9607,SWARAJ ENGINES LTD.,INE277A01016
9612,Samhi Hotels Limited,INE08U801020
9615,HDFCB-7.05%-2-12-31-PVT,INE040A08963
9622,HDFCB-7.7%-16-5-28-PVT,INE040A08955
9623,EEL-30-12-26-PVT,INE468N07BB7
9625,867NHPC33,INE848E07534
9658,Sudarshan Colorants India Limi,INE492A01029
9661,724KASDL37,IN1920200657
9693,724KASDL38,IN1920200665
9695,ARABIAN PETROLEUM LIMITED,INE08NJ01024
9711,SHIV TEXCHEM LIMITED,INE0YRO01015
9730,GUJARAT INJECT (KERALA) LTD.,INE659F01014
9733,Edelweiss Mutual Fund,INF754K01OB1
9742,722KARSDL38,IN1920200640
9753,BCL INDUSTRIES LIMITED,INE412G01024
9760,SDL KL 7.19% 2051,IN2020210117
9761,EMMVEE PHOTOVOLTAIC PWR L,INE1C6T01020
9773,SDL KL 6.97% 2031,IN2020210109
9780,VIVID GLOBAL INDUSTRIES LTD.,INE737C01023
9799,PARAMATRIX TECHNOLOGIES L,INE0S2W01018
9802,RULKA ELECTRICALS LIMITED,INE0R7301013
9803,SDL KL 7.06% 2039,IN2020210133
9804,VIYASH SCIENTIFIC LIMITED,INE807F01027
9831,SDL KL 7.04% 2034,IN2020210125
9837,SBI Mutual Fund,INF200KB1282
9845,FUJIYAMA POWER SYSTEMS L,INE12UR01024
9847,Brand Concepts Limited,INE977Y01011
9851,HDFCB-7.65%-25-5-33-PVT,INE040A08930
9857,GNA AXLES LIMITED,INE934S01014
9864,MRHFL-8.315%-12-5-27-PVT,INE950O08303
9871,HDFCB-7.97%-17-2-33-PVT,INE040A08914
9887,SDL KL 7.06% 2041,IN2020210075
9938,VIPPY SPINPRO LTD.,INE660D01017
9961,SDL KL 7.06% 2038,IN2020210067
9971,SDL KL 7.2% 2056,IN2020210091
10001,Yunik Managing Advisors Limite,INE143K01019
10009,SDL KL 7.13% 2046,IN2020210083
10017,NCPL-10.80%-19-12-31-NCD,INE814O07584
10049,OPGPL-10.75%-18-8-26-PVT,INE0D8F07048
10053,MAWANA SUGARS LIMITED,INE636A01039
10063,SDL KL 6.96% 2034,IN2020210034
10082,SCCL-8.25%-11-3-29-PVT,INE403G07095
10089,Hariom Pipe Industries Limited,INE00EV01017
10100,SDL KL 6.84% 2033,IN2020210026
10102,AMJ LAND HOLDINGS LIMITED,INE606A01024
10119,VIKRAM SOLAR LIMITED,INE078V01014
10144,SDL KL 7.09% 2036,IN2020210059
10158,SDL KL 6.81% 2031,IN2020210042
10217,NCPL-11.75%-7-3-26-PVT,INE814O07527
10229,BFL-22-07-26-CP,INE296A14C14
10252,729GUJSDL32,IN1520210239
10259,SHAKTI PUMPS (INDIA) LTD.,INE908D01010
10263,NCPL-12%-23-5-26-PVT,INE814O07519
10336,FYNX CAPITAL LIMITED,INE455H01013
10339,OSWAL YARNS LTD.,INE670H01017
10357,NCPL-11.75%-13-3-27-PVT,INE814O07576
10358,709GUJSDL32,IN1520210205
10361,NGCPL-06-07-26-PVT,INE814O07568
10386,TCIFINANCELTD-ROLL SETT,INE911B01018
10387,879NHPC28,INE848E07559
10394,719KARSDL40,IN1920200707
10399,VFL-8.85%-19-09-29-PVT,INE448U07315
10415,NCPL-11.7%-29-11-26-PVT,INE814O07550
10418,725GUJSDL32,IN1520210221
10419,892NHPC33,INE848E07567
10439,VFL-8.50%-23-06-28-PVT,INE448U07323
10440,NGCPL-11.70%-21-8-27-PVT,INE814O07543
10441,NGPL-12.15%-27-6-29-PVT,INE814O07535
10442,712GUJSDL32,IN1520210213
10458,CENTRAL DEPO SER (I) LTD,INE736A01011
10460,HDFCB-9%-1-11-28-PVT,INE040A08872
10472,VFL-8.85%-19-09-29-PVT,INE448U07307
10483,HDFCB-6.83%-8-1-31-PVT,INE040A08864
10496,TITAN BIOTECH LTD.,INE150C01011
10498,BFL-5-3-26-CP,INE296A14D88
10512,SURAJ LTD.,INE713C01016
10529,Aditya Birla Sun Life Mutual F,INF209KB14K7
10537,BFL-12-3-26-CP,INE296A14D96
10560,Nutricircle Limited,INE536C01029
10561,BFL-18-2-26-CP,INE296A14D62
10581,ADTECH SYSTEMS LIMITED,INE257C01014
10585,TAPI FRUIT PROCESSING LTD,INE0M7001010
10609,STANDARD INDUSTRIES LTD.,INE173A01025
10618,662KARSDL32,IN1920200541
10625,BFL-24-02-26-CP,INE296A14D70
10634,BFL-12-02-26-CP,INE296A14D47
10654,KSH INTERNATIONAL LIMITED,INE987S01020
10662,IFB INDUSTRIES LTD,INE559A01017
10666,BALMER LAWRIE INVESTMENTS LTD.,INE525F01025
10670,BFL-13-2-26-CP,INE296A14D54
10685,663KARSDL34,IN1920200525
10689,VJRA011-9.25%-20-9-27-PTC,INE116015012
10741,Gateway Distriparks Limited,INE079J01017
10775,SDL KL 6.78% 2031,IN2020210018
10804,IFB AGRO INDUSTRIES LTD,INE076C01018
10811,PIDILITE INDUSTRIES LTD.,INE318A01026
10816,MML-25-6-26-CP,INE046W14137
10818,Megri Soft Limited,INE756R01013
10821,HDFCB-7.10%-12-11-31-PVT,INE040A08831
10831,GRETEX CORPORATE SERVICES,INE199P01028
10839,HDFCB-7.77%-28-6-27-PVT,INE040A08823
10845,MML-13-5-26-CP,INE046W14129
10847,HDFCB-7.25%-17-6-30-PVT,INE040A08815
10858,GS12MAR28C,IN000328C053
10869,HDFCB-8%-27-7-32-PVT,INE040A08807
10878,GS19MAR2028,IN000328C046
10883,MML-13-8-26-CP,INE046W14111
10887,MML-29-1-26-CP,INE046W14103
10901,SBL Infratech Limited,INE0DLM01024
10914,SHRISTI INFRASTRUCTURE DEVELOP,INE472C01027
10921,VIT-5-6-26-CP,INE0KXY14055
10980,NATIONAL ALUMINIUM CO.LTD.,INE139A01034
10984,EXXARO TILES LIMITED,INE0GFE01026
11033,CIAN Agro Ind & Infra Ltd,INE052V01019
11034,NILE LTD.,INE445D01013
11042,RAYMOND LTD,INE301A01014
11045,NIDHI GRANITES LTD.,INE276H01013
11049,PRARUH TECHNOLOGIES LIMITED,INE0TI501017
11078,EEL-DISC-31-1-28-PVT,INE468N07BM4
11081,VFL-9.75%-21-2-29-PVT,INE448U07299
11117,ECAPEL-ZC-16-2-27-PVT,INE468N07BL6
11120,JENBURKT PHARMACEUTICALS LTD.,INE354A01013
11139,EIL-13.50%-31-08-30-PVT,INE741X07077
11141,VFL-9.65%-13-11-27-PVT,INE448U07273
11155,EEL-NIFTY 50-19-12-35-PVT,INE468N07BN2
11169,VFL-9.65%-21-2-28-PVT,INE448U07281
11187,BFL-6-11-26-CP,INE296A14D21
11192,VFL-9.80%-27-6-28-PVT,INE448U07257
11196,735KARSDL40,IN1920200616
11197,EEL-13-8-27-PVT,INE468N07BI2
11198,SHREENATH PAPER PRODUCTS LIMIT,INE0RXS01018
11199,VASCON ENGINEERS LTD,INE893I01013
11215,VFL-9.75%-13-11-28-PVT,INE448U07265
11218,BFL-12-11-26-CP,INE296A14D39
11221,PRAKASH PIPES LIMITED,INE050001010
11222,729KARSDL36,IN1920200624
11231,Rotographics (India) Limited,INE364S01014
11235,VFL-9.75%-28-3-28-SR-3-PVT,INE448U07232
11238,ECAPEL-ZC-28-3-28-PVT,INE468N07BK8
11243,BFL-04-11-26-CP,INE296A14D13
11244,ADANI POWER LTD,INE814H01029
11252,EEL-13-8-26-PVT,INE468N07BJ0
11262,HEC INFRA PROJECTS LTD,INE558R01013
11263,VFL-9.75%-28-11-26-SR-2-PVT,INE448U07240
11265,VFL-9.75%-25-6-27-PVT,INE448U07216
11274,Magadh Sugar & Energy Limited,INE347W01011
11275,ANYA POLYTECH & FERTI LTD,INE0SI601032
11281,DALMIA BHARAT SUG IN LTD,INE495A01022
11296,ECEL-29-11-27-PVT,INE468N07BE1
11322,EEL-26-11-27-PVT,INE468N07BD3
11354,EEL-01-02-27-PVT,INE468N07BG6
11371,EEL-30-11-24-PVT,INE468N07BF8
11382,SOTAC PHARMACEUTICALS LTD,INE0O2D01012
11383,MIDLAND POLYMERS LTD.,INE046M01036
11384,MRHFL-9%-21-01-30-PVT,INE950O08162
11385,SDL HR 7.32% 2036,IN1620240086
11386,653KARSDL30,IN1920200459
11389,ARIHANT ACADEMY LIMITED,INE0NCC01015
11391,GODREJ CONSUMER PRODUCTS,INE102D01028
11392,MRHFL-9.40%-7-8-28-PVT,INE950O08154
11393,669KARSDL37,IN1920200467
11394,SDL HR 7.33% 2036,IN1620240078
11405,PDL-9.95%-15-12-33-PVT,INE420C07064
11411,CUBEX TUBINGS LTD.,INE144D01012
11412,PDL-9.95%-26-9-26-PVT,INE420C07049
11413,pdl-9.95%-16-11-26-PVT,INE420C07056
11415,SDL HR 7.32% 2036,IN1620240094
11422,MRHFL-8.50%-19-5-27-PVT,INE950O08121
11426,PDL-9.95%-17-1-34-PVT,INE420C07080
11441,Aditya Birla Sun Life Mutual F,INF209KB15K4
11455,MRHFL-8.50%-15-6-27-PVT,INE950O08147
11460,DR. LAL PATH LABS LTD.,INE600L01024
11462,PDL-9.95%-24-2-34-PVT,INE420C07098
11465,675KARSDL34,IN1920200400
11468,MRHFL-8.50%-28-5-27-PVT,INE950O08139
11517,JAI MATA GLASS LTD.,INE250C01027
11524,MOREPEN LAB. LTD,INE083A01026
11542,Ratnabhumi Developers Limited,INE821Y01011
11546,MUKAT PIPES LTD.,INE862C01029
11547,PARADEEP PHOSPHATES LTD,INE088F01024
11560,MRHFL-8.40%-24-11-26-PVT,INE950O08105
11565,SHANTI GOLD INTERNATION L,INE06ZD01017
11570,ALAN SCOTT ENTERPRISES LIMITED,INE273F01022
11586,652KARSDL30,IN1920200491
11604,POLYMAC THERMOFORMERS LTD,INE826P01018
11648,PANABYTE TECHNOLOGIES LIMITED,INE516E01019
11651,654KARSDL30,IN1920200475
11668,IRFC-6.99%-4-6-41-PVT,INE053F08098
11676,668KARSDL36,IN1920200483
11684,Krishna Institute of Medical S,INE967H01025
11689,TUNWAL E-MOTORS LIMITED,INE0OXV01027
11721,698GUJSDL31,IN1520210080
11737,Loyal Equipments Limited,INE876S01017
11864,SKIPPER LTD,INE439E01022
11874,RELCAPAMC - NETFGILT5Y,INF204KC1030
11891,LAXMI COTSPIN LIMITED,INE801V01019
11898,RELCAPAMC-NETFSDL26,INF204KC1022
11899,CHT-7.95%-31-3-44-INVIT,INE0NR607025
11900,Edelweiss Mutual Fund,INF754K01QX0
11901,SDL HR 7.34% 2036,IN1620240102
11917,DAR CREDIT & CAPITAL LTD,INE04Q901010
11923,695GUJSDL31,IN1520210056
11924,POWER FIN CORP LTD.,INE134E01011
11925,CHT-7.49%15-4-41-PVT,INE0NR607017
11933,BFL-20-04-26-CP,INE296A14E46
11938,CHT-7.59%-31-3-44-INVIT,INE0NR607041
11939,NIPPONAMC - NETFPHARMA,INF204KC1089
11947,ALUFLUORIDE LTD.,INE058F01019
11950,CHT-7.67-31-12-42-INVITS,INE0NR607033
11951,INGERSOLL-RAND (INDIA) LTD.,INE177A01018
11955,SDL HR 7.26% 2036,IN1620240110
11958,665KARSDL35,IN1920200509
11970,BFL-23-3-26-CP,INE296A14E20
11973,CHT-7.3006%-25-4-32-INVIT,INE0NR607066
11975,675GUJSDL31,IN1520210023
11979,SDL HR 7.24% 2036,IN1620240144
11995,SDL HR 7.24% 2036,IN1620240128
11996,BFL-25-3-26-CP,INE296A14E38
11997,VISAKA INDUSTRIES LTD.,INE392A01021
11998,CHT-7.2503%-25-4-28-INVIT,INE0NR607058
12002,672GUJSDL30,IN1520210015
12003,SDL HR 7.25% 2039,IN1620240136
12012,SONATA SOFTWARE LTD,INE269A01021
12013,CHT-7.3015%-20-8-35-INVIT,INE0NR607082
12015,MRHFL-9.10%-29-5-26-PVT,INE950O08089
12016,RATHI BARS LTD.,INE575I01016
12017,SDL HR 7.13% 2036,IN1620240169
12020,BFL-16-3-26-CP,INE296A14E12
12025,CHT-6.93%-20-2-29-INVIT,INE0NR607074
12026,MRHFL-9.10%-20-05-26-PVT,INE950O08071
12031,SDL HR 7.25% 2036,IN1620240151
12032,SAVERA INDUSTRIES LTD.,INE104E01014
12051,Aditya Birla Sun Life Mutual F,INF209KB16D7
12060,SDL HR 7.12% 2036,IN1620240185
12062,AAA TECHNOLOGIES LIMITED,INE0D0U01013
12077,MRHFL-8.99%-24-7-26-PVT,INE950O08097
12078,SDL HR 7.12% 2036,IN1620240177
12081,SDL MZ 6.48% 2030,IN2520200055
12094,883HUDCO29,INE031A07AA4
12098,736KERSDL38,IN2020230081
12104,PDL-8.5%-9-12-28-PVT,INE420C07163
12121,SDL MZ 7.05% 2035,IN2520200048
12123,PDL-9.75%-8-8-28-PVT,INE420C07148
12125,662KASDL32,IN1920200343
12126,PDL-10%-10-9-28-PVT,INE420C07155
12127,RESTILE CERAMICS LTD.,INE298E01022
12128,SDL MZ 6.57% 2035,IN2520200030
12143,SDL MZ 6.6% 2030,IN2520200022
12150,MRHFL-8.35%-22-12-34-PVT,INE950O08295
12154,PDL-8.45%-15-12-27-PVT,INE420C07171
12157,675KASDL33,IN1920200327
12161,HUDCO-8.71%-24-3-34-TFBOND,INE031A07AE6
12163,SDL MZ 7.04% 2030,IN2520200014
12170,HUDCO-8.73%-24-3-29-TFBOND,INE031A07AD8
12176,ARKADE DEVELOPERS LIMITED,INE0QRL01017
12199,729KELSDL49,IN2020230024
12214,901HUDCO34,INE031A07AB2
12215,VAXTEX COTFAB LIMITED,INE098201036
12219,Medico Intercontinental Limite,INE858Q01019
12252,INFOSYS LIMITED,INE009A01021
12262,IRCON INTERNATIONAL LTD,INE962Y01021
12264,HUDCO-8.96%-24-3-34-TFBOND,INE031A07AH9
12301,VIRAT CRANE INDUSTRIES LTD.,INE295C01014
12307,HUDCO-8.98%-24-3-29-TFBOND,INE031A07AG1
12363,HUDCO-7.39%-8-2-31-TAXFREENCD,INE031A07AM9
12392,S H KELKAR AND CO. LTD.,INE500L01026
12409,NAVIN FLUORINE INT. LTD,INE048G01026
12419,VILIN BIO MED LIMITED,INE0L4V01013
12425,Richfield Financial Services L,INE201C01012
12447,SANOFI CONS HEALTHC IND L,INE0UOS01011
12463,NCPL-11.75%-27-2-26-PVT,INE814O07493
12465,Aditya Birla Sun Life Mutual F,INF209KB17D5
12476,GS12SEP27,IN000927C052
12483,Gconnect Logitech and Supply C,INE0QHY01011
12513,706GUJSDL32,IN1520210197
12575,Emerald Leisures Limited,INE044N01021
12581,GS19SEP2027,IN000927C045
12586,PANKAJ POLYMERS LTD.,INE698B01011
12604,AMRAPALI INDUSTRIES LTD.,INE762C01021
12619,MANGALAM ORGANICS LIMITED,INE370D01013
12651,SMVD POLY PACK LIMITED,INE702Y01013
12714,TCPL-9.65%-6-11-26-PVT,INE01EQ07087
12728,NISUS FINANCE SERVICES CO LIMI,INE0DQN01013
12739,MAPRO INDUSTRIES LTD.,INE848M01019
12756,TCPL-9.75%-18-3-27-PVT,INE01EQ07095
12763,675GUJSDL29,IN1520210122
12778,689GUJSDL31,IN1520210114
12790,693GJSDL31,IN1520210148
12791,SPECTRUM FOODS LTD.,INE547C01018
12796,SHARDUL SECURITIES LTD.,INE037B01020
12798,GREAVES COTTON LTD.,INE224A01026
12803,SDL HR 7.48% 2034,IN1620240011
12804,KOTAKMAMC - NEXT50ETF,INF174KA1YO3
12818,PDL-9.95%-3-5-29-PVT,INE420C07114
12826,PDL-9.95%-30-7-27-PVT,INE420C07122
12829,SDL HR 7.43% 2034,IN1620240045
12831,PRIME FRESH LIMITED,INE442V01012
12837,SDL HR 7.52% 2034,IN1620240029
12839,MRHFL-7.9%-16-12-30-PVT,INE950O08196
12841,SDL HR 7.42% 2034,IN1620240037
12842,SG FINSERVE LIMITED,INE618R01015
12852,684GUJSD31,IN1520210106
12856,SDL HR 7.36% 2034,IN1620240060
12860,Gabion Technologies India Limi,INE1H1501013
12878,SDL HR 7.38% 2034,IN1620240052
12879,MDPL-10%-31-3-27-PVT,INE0M1Q07015
12880,SINTERCOM INDIA LIMITED,INE129Z01016
12882,PDL-10%-3-6-27-PVT,INE420C07130
12901,737RAJSDL34,IN2920210548
12917,754MPSDL46,IN2120250302
12921,REPONO LIMITED,INE15WN01014
12944,UCL-25-6-26-CP,INE583D14790
12945,AXISCADES TECHNOLOGIES LIMITED,INE555B01013
12952,3M OIS SPREAD 2.08 BPS,INE516Y07535
12974,VISHWARAJ SUGAR IND LTD,INE430N01022
12985,3M OIS SPREAD 2.33 BPS,INE516Y07527
13014,Alkem Laboratories Limited,INE540L01014
13015,PCHFL 9.30% 2027,INE516Y07519
13090,KAYA LIMITED,INE587G01015
13091,KOTAK GOLD ETF,INF174KA1HJ8
13107,STEELMAN TELECOM LIMITED,INE0MSK01016
13136,MCSL-10%-25-2-28-PVT,INE296G07267
13143,KAYNES TECHNOLOGY IND LTD,INE918Z01012
13151,MCSL-17-6-27-CP,INE296G07275
13152,MRHFL-8.35%-22-6-29-PVT,INE950O07461
13185,MRHFL-7.99%-4-5-28-PVT,INE950O07495
13189,Baazar Style Retail Limited,INE01FR01028
13192,MCSL-10.35%-3-4-27-PVT,INE296G07283
13219,Golden Crest Education & Servi,INE222U01010
13220,MCSL-9.5%-23-7-27-PVT,INE296G07291
13223,MRHFL-8.25%-03-08-29-PVT,INE950O07487
13234,Studds Accessories Limited,INE00Q601028
13248,BIOCON LIMITED.,INE376G01013
13267,MRHFL-8.45%-22-1-27-PVT,INE950O07438
13298,HARDCASTLE & WAUD MFG.CO.LTD.,INE722D01015
13312,MISHRA DHATU NIGAM LTD,INE099Z01011
13341,MRHFL-8.45%-25-3-27-PVT,INE950O07453
13352,DEV ACCELERATOR LIMITED,INE0VOV01021
13384,MRHFL-8.41%-28-2-29-PVT,INE950O07446
13394,PREMIER ENERGY AND INFRASTRUCT,INE429K01012
13395,SHREE RAMA NEWSPRINT LTD,INE278B01020
13402,MCSL-10%-29-07-27-PVT,INE296G07309
13412,MAGELLANIC CLOUD LIMITED,INE613C01026
13413,Aditya Birla Sun Life Mutual F,INF209KB18D3
13415,WELCURE DRUGS & PHARMACEUTICAL,INE331C01025
13420,DECCAN GOLD MINES LTD.,INE945F01025
13442,SHIPPING CORPORATION OF INDIA,INE109A01011
13450,EVEREADY INDUSTRIES INDIA LTD.,INE128A01029
13451,Comrade Appliances Limited,INE0NXA01015
13459,GTL LTD,INE043A01012
13470,JAINIK POWER CABLES LTD,INE0XIL01012
13481,BIOGEN PHARMACHEM INDUSTRIES L,INE703D01023
13487,UCL-23-3-26-CP,INE583D14717
13502,UCL-17-3-26-CP,INE583D14709
13503,SDL PN 6.81% 2031,IN2820210010
13514,IRB INVIT FUND,INE183W23014
13528,BlackBuck Limited,INE0UIZ01018
13529,UCL-5-5-26-CP,INE583D14725
13548,UCL-26-2-26-CP,INE583D14741
13569,UCL-16-3-26-CP,INE583D14774
13580,Longspur International Venture,INE180M01033
13581,UCL-3-6-26-CP,INE583D14766
13596,KOTAKMAMC - KOTAKIT,INF174KA1GC5
13600,SDL PN 6.84% 2031,IN2820210085
13606,Mirae Asset Mutual Fund,INF769K01HI8
13612,DIVINE POWER ENERGY LTD,INE0SCO01019
13613,Sri Chakra Cement Limited,INE827D01020
13614,SDL MN 7.27% 2036,IN2320240038
13617,SEC RE NCD 9% SR.V,INE516Y07428
13636,SDL PN 6.98% 2033,IN2820210093
13640,SEC RE NCD 8.60% SR 5,INE121A07RM2
13642,SDL MN 7.39% 2036,IN2320240020
13658,SEC RE NCD 8.75% SR.IV,INE516Y07410
13661,M P TODAY MEDIA LIMITED,INE105Y01019
13663,Aditya Birla Sun Life Mutual F,INF209KB18T9
13670,SDL PN 6.89% 2031,IN2820210069
13680,SDL MN 7.15% 2039,IN2320240053
13707,SEC RE NCD SR 4,INE121A07RK6
13718,EL FORGE LTD.,INE158F01017
13723,SDL MN 7.15% 2039,IN2320240046
13724,MFL INDIA LTD.,INE244C01020
13727,GREENLEAF ENVIROTECH LTD,INE0PLX01017
13728,SDL PN 6.97% 2031,IN2820210044
13754,SEC RE NCD SR 6,INE121A07RI0
13755,Mirae Asset Mutual Fund,INF769K01HF4
13777,STRLNG & WIL REN ENE LTD,INE00M201021
13782,SEC RE NCD 8.30% SR 3,INE121A07RF6
13784,SDL PN 6.95% 2031,IN2820210028
13789,SDL MN 7.43% 2036,IN2320240012
13790,GS06NOV43,IN001143C014
13804,SFL-8.65%-21-9-31-PVT,INE722A07BA6
13843,MCSL-10%-19-3-27-PVT,INE296G07143
13851,SEC RE NCD 8.50% SR 3,INE121A07RT7
13883,SFL-9%-23-6-31-PVT,INE722A07AV4
13889,SEC RE NCD SR 6,INE121A07RU5
13895,MCSL-10%-16-5-27-PVT,INE296G07150
13900,Mirae Asset Mutual Fund,INF769K01HS7
13926,Naturite Agro Products Limited,INE223R01014
13934,MCSL-9.90%-12-6-26-PVT,INE296G07168
13941,PATANJALI FOODS LIMITED,INE619A01035
13954,SEC RE NCD SR 4,INE121A07RS9
13955,BLACK BOX LIMITED,INE676A01027
13967,MCSL-9.25%-2-3-26-PVT,INE296G07176
13986,CHOLA 8.40% 2027 SR 635,INE121A07RP5
14005,BHARAT FORGE LTD,INE465A01025
14011,MCSL-9.25%-12-3-26-PVT,INE296G07184
14041,MCSL-9.90%-29-10-26-PVT,INE296G07192
14072,SEC RE NCD SR 6,INE121A07RN0
14079,Mirae Asset Mutual Fund,INF769K01HP3
14080,IND TERRAIN FASHIONS LTD,INE611L01021
14094,ELNET TECHNOLOGIES LTD.,INE033C01019
14113,SEC RE NCD 8.50% SR 3,INE121A07RO8
14117,ALLIED DIGITAL SERV. LTD,INE102I01027
14120,SFL-8.75%-23-7-31-PVT,INE722A07AX0
14155,SURYALAKSHMI COT MIL LTD,INE713B01026
14157,MRHFL-7.25%-27-8-27-PVT,INE950O07511
14158,Emmvee Photovoltaic Power Limi,INE1C6T01020
14159,GTL INFRA.LTD,INE221H01019
14160,SEC RE NCD SR.IV,INE121A07QZ6
14161,ALPA LABORATORIES LTD.,INE385I01010
14162,MRHFL-7.15%-21-07-28-PVT,INE950O07503
14165,Aditya Birla Sun Life Mutual F,INF209KB19F6
14166,SEC RE NCD SR.VI,INE121A07QX1
14167,MRHFL-7.45%-21-11-30-PVT,INE950O07537
14168,SEC RE NCD 8.40% SR.V,INE121A07QY9
14169,MCSL-10%-20-11-26-PVT,INE296G07218
14170,MRHFL-7.3%-26-9-28-PVT,INE950O07529
14173,NPC 7.14% 2039 SR 39,INE206D08519
14180,Aditya Birla Sun Life Mutual F,INF209KB19D1
14181,NLC INDIA LIMITED,INE589A01014
14182,MCSL-10.40%-2-12-26-PVT,INE296G07226
14183,JINDAL PHOTO LTD.,INE796G01012
14185,MCSL-9.5%-12-12-26-PVT,INE296G07234
14186,SEC RE NCD 8.30% SR.III,INE121A07QW3
14201,MCSL-10%-27-6-26-PVT,INE296G07242
14212,TCM LTD.,INE034F01010
14215,MCSL-10%-28-1-27-PVT,INE296G07259
14220,SEC RE NCD SR 4,INE121A07RD1
14223,750MPSDL44,IN2120250153
14228,EPACK PREFAB TECHN LTD,INE0MLS01022
14232,SDL PN 7.14% 2036,IN2820210127
14234,Mirae Asset Mutual Fund,INF769K01IC9
14235,SDL TN 6.57% 2031,IN3120200347
14236,SEC RE NCD 8.40% SR 5,INE121A07RE9
14237,SDL PN 7.14% 2032,IN2820210135
14240,SDL TN 6.53% 2031,IN3120200339
14242,SFL-9%-22-02-32-PVT,INE722A07BG3
14246,SDL TN 6.95% 2031,IN3120200362
14259,SFL-9.05%-20-12-31-PVT,INE722A07BE8
14260,BHILWARA SPINNERS LTD.,INE436C01014
14261,SDL TN 6.85% 2051,IN3120200354
14262,UCL-28-5-26-CP,INE583D14634
14263,PRO CLB GLOBAL LIMITED,INE438C01010
14264,AHL-9.95%-11-5-29-PVT,INE365D07085
14265,PG FOILS LTD.,INE078D01012
14267,Mirae Asset Mutual Fund,INF769K01IB1
14268,SFL-8.85%-31-05-32-PVT,INE722A07BI9
14269,UNITED TEXTILES LTD.,INE727E01012
14270,BERGER PAINTS (I) LTD,INE463A01038
14277,CIFL 7.38% 2027 SR 653,INE121A07SN8
14301,CIFL 7.58% 2030 SR 655,INE121A07SO6
14332,CIFL 8.20% 2028 SR 651,INE121A07SL2
14355,Mirae Asset Mutual Fund,INF769K01KR3
14374,CIFL 8.19% 2027 SR 652,INE121A07SM0
14382,Mirae Asset Mutual Fund,INF769K01KS1
14383,CIFL 8.50% 2034 SR 649,INE121A07SJ6
14388,SDL PN 7.41% 2042,IN2820210168
14399,RELIANCE INDUSTRIES LTD.,INE002A01018
14408,SDL PN 7.37% 2042,IN2820210176
14409,CIFL 8.19% 2026 SR 650,INE121A07SK4
14435,SDL PN 7.19% 2037,IN2820210143
14436,SUDAL INDUSTRIES LTD.,INE618D01015
14439,CIFL 8.40% 2027,INE121A07SH0
14450,757MPSDL45,IN2120250138
14456,SDL PN 7.12% 2037,IN2820210150
14460,IMPEX FERRO TECH LTD.,INE691G01015
14470,EPACK DURABLE LIMITED,INE0G5901015
14498,SFPL-11.26%-7-5-26-PVT,INE0N5S07029
14501,AHRT-3M-MIBOR-20-12-33-PTC,INE2O9N15014
14527,PENNAR INDUSTRIES LTD.,INE932A01024
14555,SFPL-11.10%-08-06-26-PVT,INE0N5S07037
14609,SFPL-11%-23-3-27-PVT,INE0N5S07052
14627,Shashijit Infraprojects Limite,INE700V01021
14639,MRHFL-9.18%-1-6-28-PVT,INE950O07248
14664,SENORES PHARMACEUTICALS LIMITE,INE0RB801010
14693,BHARAT IMMUNOLOGICALS & BIOLOG,INE994B01014
14696,Mirae Asset Mutual Fund,INF769K01KT9
14700,Suvidhaa Infoserve Limited,INE018401013
14722,Mirae Asset Mutual Fund,INF769K01KU7
14770,CIFL 7.36% 2028 SR 656,INE121A07SP3
14774,Mirae Asset Mutual Fund,INF769K01KV5
14783,INNOVASSYNTH INVESTMENTS LTD.,INE690J01011
14825,CIFCL 7.73% 2031 SR 658,INE121A07SQ1
14835,SFPL-11.6%-15-4-28-PVT,INE0N5S07011
14840,Aditya Birla Sun Life Mutual F,INF209KB19Z4
14848,GENUS POWER INFRASTRU LTD,INE955D01029
14849,SFL-9.25%-8-2-30-PVT,INE722A07AN1
14850,Mirae Asset Mutual Fund,INF769K01LC3
14851,SDL MZ 7.69% 2031,IN2520220012
14852,Eighty Jewellers Limited,INE0KSN01014
14857,SFL-9.50%-21-2-31-PVT,INE722A07AQ4
14858,SDL MZ 7.86% 2032,IN2520220020
14867,CHOLA 8.60% 2029 SR 637,INE121A07RX9
14873,DECCAN CEMENTS LIMITED,INE583C01021
14879,SDL MZ 8.02% 2036,IN2520220038
14884,ASTRON PAPER BORD MIL LTD,INE646X01014
14887,CHOLA 8.60% 2029 SR 638,INE121A07RY7
14890,MARUTI SECURITIES LTD.,INE368C01019
14904,SFL-9.50%-7-2-31-PVT,INE722A07AO9
14909,SDL MZ 7.74% 2033,IN2520220046
14915,SEC RE NCD 8.60% SR 5,INE121A07RV3
14921,SDL MZ 7.78% 2037,IN2520220053
14924,SFL-9.25%-22-2-30-PVT,INE722A07AP6
14931,CHOLA 8.65% 2029 SR 636,INE121A07RW1
14932,MCSL-10%-28-12-26-PVT,INE296G07135
14933,SDL MZ 7.78% 2032,IN2520220061
14934,CIFL 8.64% 2029 SR 645,INE121A07SF4
14935,Mirae Asset Mutual Fund,INF769K01LJ8
14936,SDL MZ 7.87% 2036,IN2520220079
14937,CIFL 8.5% 2027 SR 646,INE121A07SG2
14946,SEC RE NCD 8.75% SR.V,INE516Y07378
14947,SDL MZ 7.7% 2035,IN2520220087
14948,QUESS CORP LIMITED,INE615P01015
14949,SDL MZ 7.69% 2037,IN2520220095
14950,SEC RE NCD 8.50% SR.IV,INE516Y07360
14951,CI 8.64% 2029 644,INE121A07SE7
14952,MONIKA ALCOBEV LIMITED,INE0LCG01010
14955,SHARANAM INFRAPROJECT AND TRAD,INE104S01022
14956,CHOLA 8.65% 2029 SR 643,INE121A07SD9
14957,ASAHI SONGWON COLOR LTD,INE228I01012
14958,M.M.FORGINGS LTD.,INE227C01017
14959,NIP IND ETF JUNIOR BEES,INF732E01045
14960,CHOLA 8.58% 2027 SR 641,INE121A07SB3
14961,CHOLA 8.59% 2029 SR 640,INE121A07SA5
14962,CHOLA 8.65% 2029 SR 642,INE121A07SC1
14964,SHIKHAR LEASING & TRADING LTD.,INE02BV01019
14966,RATTANINDIA POWER LTD.,INE399K01017
14967,NIP IND ETF LIQUID BEES,INF732E01037
14989,J.G.CHEMICALS LIMITED,INE0MB501011
15010,VIKAS WSP LTD.,INE706A01022
15011,Mirae Asset Mutual Fund,INF769K01JP9
15029,MRHFL-8.35%-24-9-32-PVT,INE950O07396
15041,ESQUIRE MONEY GUARANTEES LTD.,INE0HMN01013
15048,MHFL-7.90%-9-1-32-PVT,INE950O07388
15057,DEVINE IMPEX LTD.,INE455C01014
15077,Mirae Asset Mutual Fund,INF769K01JU9
15115,NILA SPACES LIMITED,INE00S901012
15125,MOFSL-8.50%-06-08-27-PVT,INE338I07180
15152,ANNA INFRASTRUCTURES LTD.,INE336D01014
15158,SATIA INDUSTRIES LIMITED,INE170E01023
15192,Gabriel Pet Straps Limited,INE0QZF01012
15275,UTIQUE ENTERPRISES LIMITED,INE096A01010
15281,VAJRA010-9.50%-20-06-28-PTC,INE0YD715011
15292,DUDIGITAL GLOBAL LIMITED,INE0HPK01020
15325,Spectrum Electrical Industries,INE01EO01010
15326,MOFSL-9.35%-9-5-29-NCD,INE338I07107
15330,MOFSL-8.85%-9-5-26-NCD,INE338I07131
15338,VRL Logistics Limited,INE366I01010
15339,ORIENT PRESS LTD.,INE609C01024
15344,MOFSL-9.7%-9-5-34-NCD,INE338I07123
15351,SAMTEX FASHIONS LTD.,INE931D01020
15352,KABRA EXTRUSIONTECHNIK LTD.,INE900B01029
15353,MOFSL-9.3%-9-5-34-NCD,INE338I07115
15354,RIDDHI SIDDHI GLUCO BIOLS LTD.,INE249D01019
15360,BIOCON LTD.,INE376G01013
15362,MOFSL-ZC-9-5-26-NCD,INE338I07156
15379,MOFSL-9.1%-9-5-27-NCD,INE338I07149
15389,GS22OCT48,IN001048C023
15395,NARBADA GEMS AND JEWELLERY LTD,INE540C01021
15403,MOFSL-9.25%-3-9-32-PVT,INE338I07172
15415,LMPL-11.90%-30-5-28-PVT,INE366T07188
15420,MOFSL-8.97%-9-5-29-NCD,INE338I07164
15438,Mirae Asset Mutual Fund,INF769K01KG6
15439,EURO LEDER FASHION LTD.,INE940E01011
15441,LMPL-13.79%-25-9-26-PVT,INE366T07162
15442,GSGL 7.99% 2028 SR 1,INE316Z08055
15443,TCPL PACKAGING LTD.,INE822C01015
15450,GSGL 7.68% 2028 STRPP SR2,INE316Z08048
15453,MARATHON NEXTGEN REALTY LTD.,INE182D01020
15464,ACME SOLAR HOLDINGS LTD,INE622W01025
15467,Super Iron Foundry Limited,INE16IQ01014
15469,FINOLEX INDUSTRIES LTD.,INE183A01024
15473,LMPL-13.06%-28-5-27-PVT,INE366T07154
15474,GS&GL 7.99% 2029 SR 2,INE316Z08063
15475,PATIDAR BUILDCON LIMITED,INE637N01014
15476,Dachepalli Publishers Limited,INE1F9M01018
15477,GSGL 7.68% 2028 STRPP SR4,INE316Z08014
15478,7SEAS ENTERTAINMENT LIMITED,INE454F01010
15479,PCPL-17-4-28-PVT,INE0NF907031
15481,PTC INDIA LIMITED,INE877F01012
15482,BAHETI RECYCLING IND LTD,INE029Q01017
15484,PCPL-ZC-16-4-28-PVT,INE0NF907023
15489,GSGL 7.68% 2028 STRPP SR3,INE316Z08030
15490,L.G.BALAKRISHNAN & BROS.LTD.,INE337A01034
15491,Mirae Asset Mutual Fund,INF769K01KF8
15497,GSGL 7.68% 2028 STRPP SR1,INE316Z08022
15504,NITCO LIMITED,INE858F01012
15514,SSPN Finance Limited,INE820R01017
15549,SDL KL 7.48% 2045,IN2020250196
15550,IRB InvIT Fund,INE183W23014
15560,HDFCB-7.75%-13-6-33-PVT,INE040A08AF2
15564,WONDERLA HOLIDAYS LTD,INE066O01014
15571,SDL KL 7.49% 2040,IN2020250188
15584,LORDS CHLORO ALKALI LTD,INE846D01012
15586,ZEE ENTERTAINMENT ENT LTD,INE256A01028
15587,AFFLE 3I LIMITED,INE00WC01027
15588,DYNACONS SYS & SOLN LTD,INE417B01040
15590,SDL KL 7.44% 2050,IN2020250170
15596,SDL RJ 7.44% 2033,IN2920230108
15597,ADOR WELDING LTD,INE045A01017
15608,SDL KL 7.74% 2060,IN2020250162
15615,HDFC-7.65%-20-3-34-PVT,INE040A08AK2
15623,SDL RJ 7.36% 2041,IN2920230132
15628,SDL KL 7.78% 2045,IN2020250154
15630,KFMSPL-20%-01-01-29-PVT,INE1QV007010
15645,HDFCBL-7.71%-20-12-33-PVT,INE040A08AJ4
15654,SDL RJ 7.41% 2033,IN2920230124
15656,SDL RJ 7.43% 2048,IN2920230116
15667,SDL KL 7.58% 2050,IN2020250147
15680,Cargotrans Maritime Limited,INE0M4L01013
15681,HDFCB-8.46%-24-6-26-PVT,INE040A08AA3
15701,CIFCL-8.40%-4-5-28-NCD,INE121A07QY9
15705,MOFSL-ZC-9-5-27-NCD,INE338I07099
15715,HBL ENGINEERING LIMITED,INE292B01021
15721,CIFCL-ZC-4-6-26-NCD,INE121A07QZ6
15725,PONNIE SUGARS (ERODE) LTD,INE838E01017
15727,CIFCL-8.30%-4-6-26-NCD,INE121A07QW3
15728,Mirae Asset Mutual Fund,INF769K01EG9
15729,S.A.L. STEEL LTD.,INE658G01014
15742,HDFCB-6.88%-16-6-31-PVT,INE040A08AD7
15743,CIFCL-ZC-4-5-28-NCD,INE121A07QX1
15744,K.C.P.LTD.,INE805C01028
15746,GILLETTE INDIA LTD.,INE322A01010
15748,Sujala Trading & Holding Ltd.,INE029H01016
15754,YATHARTH HOSPITAL & TRAUMA CAR,INE0JO301016
15762,HDFCB-8.05%-22-10-29-PVT,INE040A08AC9
15769,TCFL-13.40%-24-01-27-PVT,INE615R07067
15774,HDFCB-9%-29-11-28-PVT,INE040A08AB1
15779,TPREL 7.70% 2034,INE607M08113
15782,SDL TN 6.73% 2030,IN3120200065
15791,TAMIL NADU NEWSPRINT & PAPERS,INE107A01015
15792,GHMC-10.23%-21-8-29-MB,INE477Z24011
15795,INDIAN OVERSEAS BANK,INE565A01014
15797,TPREL 7.55% 2040,INE607M08121
15818,TPREL 7.85% 2034,INE607M08105
15826,ALKEM LABORATORIES LTD.,INE540L01014
15829,BHARTIYA INTERNATIONAL,INE828A01016
15877,TPREL 7.65% 2040,INE607M08139
15888,PREPL-ZC-25-09-28-PVT,INE787V11019
15913,SDL RJ 7.44% 2033,IN2920230157
15916,FUTURISTIC SOLUTIONS LTD.,INE241F01011
15917,STEL HOLDINGS LIMITED,INE577L01016
15918,SDL KL 7.52% 2033,IN2020250139
15937,SDL RJ 7.49% 2034,IN2920230140
15944,SDL KL 7.49% 2056,IN2020250121
15949,IIFL CAPITAL SERVICES LIMITED,INE489L01022
15964,SDL RJ 7.4% 2041,IN2920230173
15979,SDL KL 7.24% 2041,IN2020250113
15993,SDL RJ 7.41% 2039,IN2920230165
16001,EIH LTD.,INE230A01023
16002,SDL KL 7.17% 2051,IN2020250105
16008,Altius Telecom Infrastructure ,INE0BWS23018
16016,SDL RJ 7.46% 2033,IN2920230199
16030,SDL TN 7.50% 2029,IN3120200024
16037,SDL RJ 7.44% 2036,IN2920230181
16053,Titaanium Ten Enterprise Limit,INE120V01014
16054,SDL TN 7.75% 2030,IN3120200016
16058,NIP IND ETF INFRA BEES,INF732E01268
16074,TEGA INDUSTRIES LIMITED,INE011K01018
16123,Innovana Thinklabs Limited,INE403Y01018
16129,GUJ STATE FERT & CHEM LTD,INE026A01025
16142,MAITHAN ALLOYS LTD.,INE683C01011
16146,INDG041-20-8-28-PTC,INE1PUF15021
16148,SDL KL 7.1% 2045,IN2020250097
16155,Purohit Construction Limited,INE147J01012
16158,BSNL-IRR-22-12-32-PVT,INE103D08039
16173,SDL KL 7.13% 2058,IN2020250089
16175,INDG041-9.30%-20-8-28-PTC,INE1PUF15013
16186,BSNL-7.55%-20-3-34-PVT,INE103D08047
16189,SDL KL 7.09% 2052,IN2020250071
16192,Greenhitech Ventures Limited,INE0S0701019
16193,BSNL-7.51%-20-3-34-PVT,INE103D08054
16212,SDL KL 6.94% 2062,IN2020250063
16220,BSNLD-7.51%-26-3-34-PVT,INE103D08062
16236,SDL KL 6.77% 2037,IN2020250055
16237,VIMTA LABS LIMITED,INE579C01029
16239,MICROPRO SOFTWARE SOL L,INE0PZK01014
16253,PPPL-15%-27-03-29-PVT,INE0L9G07010
16261,TRIL-24-04-26-CP,INE371K14DE5
16268,OFSL-15-06-26-CP,INE04VS14319
16271,SDL KL 6.89% 2051,IN2020250048
16285,TRIL-13-3-26-CP,INE371K14DD7
16286,SDL KL 6.84% 2047,IN2020250030
16305,ABCL 8.03% 2035 SR SB1,INE674K08018
16306,SDL KL 6.78% 2040,IN2020250022
16307,SWAN DEFENCE N HEVY IND L,INE542F01020
16311,TRIL-10-3-26-CP,INE371K14DC9
16322,JSW CEMENT LIMITED,INE718I01012
16332,GOI LOAN 8.28% 2027,IN0020070069
16334,TRIL-30-1-26-CP,INE371K14DB1
16342,KOTHARI INDUSTRIAL CORPORATION,INE972A01020
16343,KOTAK MAHINDRA BANK LTD,INE237A01036
16344,GOI LOAN 8.33% 2032,IN0020070077
16345,AXEL POLYMERS LTD.,INE197C01012
16346,SCN-20-11-26-CP,INE836B14333
16347,FUT LIFESTYLE FASH LTD,INE452O01016
16349,SDL JH 8.10% 2032,IN3720190062
16352,Cosmo First Limited,INE757A01017
16353,Fraser And Company Limited,INE184Q01010
16377,SDL JH 7.26% 2027,IN3720190021
16379,VARIMAN GLOBAL ENTERPRISES LIM,INE717F01028
16390,P.M.TELELINNKS LTD.,INE092C01015
16391,TCPL PACKAGING LIMITED,INE822C01015
16403,SDL JH 7.05% 2030,IN3720190039
16413,SDL JH 7.37% 2031,IN3720190054
16415,SDL JH 6.99% 2030,IN3720190047
16437,TPC-7.77%-24-3-31-PVT,INE245A08240
16455,GOI LOAN 8.26% 2027,IN0020070036
16456,TPC-7.77%-23-3-29-PVT,INE245A08232
16461,Ashnisha Industries Limited,INE694W01024
16469,TPC-7.77%-22-3-30-PVT,INE245A08224
16470,GOI LOAN 8.32% 2032,IN0020070044
16483,TPCL-7.05%-23-2-26-PVT,INE245A08216
16489,NIP IND ETF SHARIAH BEES,INF732E01128
16500,SDL RJ 7.59% 2048,IN2920230033
16519,SDL KL 6.78% 2046,IN2020250014
16530,TPCL-7.05%-19-12-28-PVT,INE245A08281
16535,SDL RJ 7.61% 2043,IN2920230025
16538,SDL RJ 7.56% 2033,IN2920230017
16556,TPCL-7.72%-28-9-32-PVT,INE245A08273
16569,SDL RJ 7.34% 2033,IN2920230058
16579,TPCL-7.75%-29-12-32-PVT,INE245A08265
16601,PTCIFS-9.15%-30-03-27-PVT,INE560K07102
16602,SDL RJ 7.45% 2033,IN2920230041
16604,COOL CAPS INDUSTRIES LTD,INE0HS001028
16609,ELECON ENGINEERING CO.LTD.,INE205B01031
16612,TOYAM SPORTS LIMITED,INE457P01020
16626,TPCL-7.75%-8-1-30-PVT,INE245A08257
16631,SDL RJ 7.35% 2043,IN2920230074
16650,SDL RJ 7.36% 2033,IN2920230066
16655,PATTECH FITWELL TUB COM L,INE0NZW01014
16662,SDL RJ 7.39% 2048,IN2920230090
16672,STL-10.25%-2-9-27-PVT,INE1VXE07015
16673,AXISAMC - AXISBPSETF,INF846K01Z04
16684,SDL RJ 7.34% 2033,IN2920230082
16686,AXISAMC - AXISHCETF,INF846K01Z12
16700,BSNL-6.79%-23-9-30-PVT,INE103D08021
16706,TPCL-7.25%-19-12-30-PVT,INE245A08299
16731,SDL RJ 7.75% 2036,IN2920230306
16783,SDL RJ 7.75% 2035,IN2920230330
16801,GS06NOV66,IN001166C015
16812,SDL RJ 7.74% 2033,IN2920230322
16815,SDL RJ 7.59% 2046,IN2920230314
16825,SML-10.97%-26-7-29-PVT,INE982X07432
16840,SDL RJ 7.74% 2033,IN2920230355
16842,SDL RJ 7.64% 2049,IN2920230348
16843,SDL TN 6.72% 2027,IN3120200305
16848,SML-12%-28-2-26-PVT,INE982X07424
16849,AXISAMC - AXISTECETF,INF846K01Y96
16859,ARIES AGRO LTD.,INE298I01015
16869,SDL RJ 7.74% 2034,IN2920230371
16884,SDL TN 6.63% 2035,IN3120200321
16887,ALLIANCE INTEGRATED METALIKS L,INE123D01024
16899,SDL RJ 7.67% 2033,IN2920230363
16906,SDL TN 6.73% 2040,IN3120200313
16923,AMBUJA CEMENTS LTD.,INE079A01024
16925,OFSL-12-3-26-CP,INE04VS14244
16926,751HUDCO28,INE031A07865
16939,HARIG CRANKSHAFTS LTD.,INE905C01034
16940,Ontic Finserve Limited,INE989S01042
16942,SML-10.40%-23-2-26-PVT,INE982X07440
16944,EID PARRY INDIA LTD,INE126A01031
16945,HUDCO050327,INE031A07840
16950,Chandrima Mercantiles limited,INE371F01024
16952,Mirae Asset Mutual Fund,INF769K01GS9
16978,ASHOKA REFINERIES LTD.,INE760M01016
16983,719HUDCO28,INE031A07881
16990,Route Mobile Limited,INE450U01017
17006,CLASSIC ELECTRODE (IND) L,INE0UQ601012
17012,SDL TN 6.69% 2030,IN3120200297
17046,SHAKTI PRESS LTD.,INE794C01016
17047,PARADEEP PARIVAHAN LIMITED,INE0SMW01011
17049,E.I.D.-PARRY (INDIA) LTD.,INE126A01031
17059,CSAIPL-12%-12-2-26-PVT,INE0LWH07062
17064,CSAIPL-14.25%-29-04-26-PVT,INE0LWH07054
17066,TRIDHYA TECH LIMITED,INE0LWY01029
17085,CSAIPL-14.25%-05-04-27-PVT,INE0LWH07070
17088,PBM POLYTEX LTD.,INE501F01018
17089,EMPIRE INDUSTRIES LTD.,INE515H01014
17092,PFC 7.60% 2029 SR BS237A,INE134E08MX3
17103,SAKTHI SUGARS LTD,INE623A01011
17107,HESTER BIOSCIENCES LTD.,INE782E01017
17109,OSWAL LEASING LTD.,INE811Q01018
17110,GS12JUN44,IN000644C053
17114,CSAIPL-14.25%-25-8-27-PVT,INE0LWH07088
17115,Global Surfaces Limited,INE0JSX01015
17116,JOINDRE CAPITAL SERVICES LTD.,INE024B01010
17118,PFC 7.55% 2027 SR BS238,INE134E08MZ8
17123,SHESHADRI INDUSTRIES LIMITED,INE193R01019
17128,920GOI2030,IN0020130053
17130,SDL RJ 7.67% 2034,IN2920230397
17132,SDL RJ 7.66% 2031,IN2920230389
17142,SDL TN 6.33% 2030,IN3120200222
17145,CORDS CABLE INDUSTRIES LTD.,INE792I01017
17165,SDL TN 6.41% 2030,IN3120200214
17177,923GOI2043,IN0020130079
17178,PGC 7.02% 2035 LXXXIII,INE752E08809
17188,PFC 7.49% 2034 SR BS237B,INE134E08MY1
17196,SDL TN 6.49% 2050,IN3120200230
17200,IGARASHI MOTORS INDIA LTD.,INE188B01013
17202,GSS INFOTECH LIMITED,INE871H01011
17208,OK PLAY INDIA LTD.,INE870B01024
17217,SDL TN 6.67% 2050,IN3120200263
17236,SDL MN 7.12% 2040,IN2320240079
17251,SDL MN 7.2% 2040,IN2320240061
17257,PFC 7.44% 2034 SR 239,INE134E08NA9
17258,SDL TN 6.5% 2030,IN3120200255
17282,SDL TN 6.66% 2030,IN3120200289
17324,PFC 7.27% 2031 SR 242A,INE134E08ND3
17336,NICL-8.95%-26-03-27-PVT,INE168X08014
17345,FUTURE LIFESTYLE FASHIONS LTD,INE452O01016
17347,PFC 7.22% 2039 242B,INE134E08NE1
17358,DCB 9.20% 2034 SR I,INE503A08069
17370,SDL RJ 7.45% 2044,IN2920230207
17372,PFC 7.32% 2039 SR 240,INE134E08NB7
17390,TUSALDAH LIMITED,INE319M01011
17393,PFCL 7.30% 2034 SR 241,INE134E08NC5
17395,BLACK BOX LIMITED,INE676A01027
17396,Khemani Distributors & Marketi,INE030U01025
17400,AXISAMC - AXISBNKETF,INF846K01X63
17407,SDL RJ 7.62% 2043,IN2920230231
17415,PFCL 7.40% 2030 SR 244B,INE134E08NH4
17417,876HUDCO28,INE031A07949
17419,STRIDES PHARMA SCI LTD,INE939A01011
17423,CEAT LIMITED,INE482A01020
17425,PFCL 7.16% 2040 SR 244A,INE134E08NI2
17428,SDL RJ 7.54% 2033,IN2920230223
17431,SDL RJ 7.43% 2049,IN2920230215
17443,SDL RJ 7.73% 2033,IN2920230256
17446,SDL RJ 7.71% 2033,IN2920230249
17447,SDL TN 6.63% 2055,IN3120200206
17448,PFCL 7.10% 2035 SR 243B,INE134E08NF8
17449,849HUDCO33,INE031A07923
17460,851HUDCO28,INE031A07915
17462,PFCL 7.11% 2040 SR 243A,INE134E08NG6
17463,BANAS FINANCE LTD.,INE521L01030
17464,PFCL 7.42% 2028 SR 246A,INE134E08NL6
17465,Mirae Asset Mutual Fund,INF769K01FN2
17466,876HUDCO34,INE031A07980
17467,PFCL 7.38% 2032 SR 246B,INE134E08NM4
17468,ROTO PUMPS LIMITED,INE535D01037
17469,858HUDCO29,INE031A07972
17470,PFC 7.24% 2035 SR 245A,INE134E08NJ0
17475,PFC 7.25% 2045 SR 245B,INE134E08NK8
17476,BERYL DRUGS LTD.,INE415H01017
17477,874HUDCO33,INE031A07956
17480,VIMTA LABS LTD.,INE579C01029
17485,PFCL 7.45% 2028 SR 248B,INE134E08NP7
17488,PJL-8.60%-5-7-29-PVT,INE010A08156
17495,PJL-8.50%-5-7-28-PVT,INE010A08149
17496,NIS MANAGEMENT LIMITED,INE0M3X01010
17506,DELTA CORP LTD.,INE124G01033
17507,PFCL 7.75% 2026 SR 248A,INE134E08NQ5
17514,Ascensive Educare Limited,INE0E4I01027
17528,PFCL 7.40% 2035 SR 247B,INE134E08NN2
17529,SIMPLEX CASTINGS LTD.,INE658D01011
17530,MAHALAXMI RUBTECH LTD.,INE112D01035
17531,ARUNAYA ORGANICS LIMITED,INE0TTG01017
17532,PFCL 7.44% 2030 SR 247A,INE134E08NO0
17539,LIC MF EXHNGE TRADED FUND NIFT,INF767K01PC8
17543,Umiya Mobile Limited,INE1P1A01018
17548,SDL TN 6.68% 2055,IN3120200180
17549,PFCL 6.27% 2027 SR 251A,INE134E08NT9
17552,817GJ2029,IN1520190035
17557,PGC 6.94% 2035 SR LXXXI,INE752E08783
17561,PFCL 6.59% 2030 SR 251B,INE134E08NU7
17566,PGC 6.98% 2035 SR LXXXII,INE752E08791
17567,RSC INTERNATIONAL LTD.,INE015F01019
17568,OCCL Limited,INE0PK601023
17569,PGC 7.08% 2034 SR LXXIX,INE752E08767
17570,814GJSDL29,IN1520190019
17573,PFCL 6.64% 2030 SR 250B,INE134E08NR3
17583,PFCL 6.61% 2028 SR 250A,INE134E08NS1
17596,PG 7.12% 2034 SR LXXX,INE752E08775
17609,PGCL 7.55% 2034 SRLXXVII,INE752E08742
17610,PGC 7.38% 2034,INE752E08759
17611,PFCL 7.08% 2035 SR 255,INE134E08NY9
17612,SMC Global Securities Limited,INE103C01036
17615,731GUJ2029,IN1520190068
17618,PGCL 7.65% 2034 SR LXXV,INE752E08726
17619,AMFORGE INDUSTRIES LTD.,INE991A01020
17622,KALPATARU PROJECTS INTERNATION,INE220B01022
17625,GS06MAY64,IN000564C012
17626,PGCL 7.35% 2034 SR LXXVI,INE752E08734
17627,PFCL 6.73% 2027 SR 253,INE134E08NW3
17628,PFCL 7.10% 2040 SR 254,INE134E08NX1
17629,SAFARI IND (INDIA) LTD,INE429E01023
17630,SDL RJ 7.7% 2043,IN2920230272
17643,LIC MF EXCHNG TRADED FUND-SENS,INF767K01OT5
17646,TP 7.93% 2034 SR II,INE607M08089
17647,SDL RJ 7.74% 2039,IN2920230264
17655,LIC MF EXHGE TRADED FUND-NIFTY,INF767K01OS7
17664,RESPONSIVE INDUSTRIES LTD.,INE688D01026
17666,SDL RJ 7.72% 2033,IN2920230298
17682,SDL TN 6.74% 2050,IN3120200123
17683,CTPL-27-2-26-CP,INE015Y14641
17686,GODREJ AGROVET LIMITED,INE850D01014
17692,SDL RJ 7.65% 2048,IN2920230280
17704,Balgopal Commercial limited,INE119R01014
17715,DIVI S LABORATORIES LTD,INE361B01024
17719,SDL TN 6.6% 2030,IN3120200115
17723,GS19MAR2051,IN000351C022
17724,KATI PATANG LIFESTYLE LIMITED,IN9237C01014
17727,TAKE SOLUTIONS LTD.,INE142I01023
17735,SDL TN 6.55% 2030,IN3120200149
17739,SDL TN 6.69% 2050,IN3120200131
17751,SDL TN 6.70% 2050,IN3120200164
17752,TP 7.93% 2029 SR I,INE607M08097
17753,TATA TELESERV(MAHARASTRA),INE517B01013
17762,SDL TN 6.6% 2029,IN3120200156
17763,GS19SEP2054,IN000954C023
17764,INDUCTO STEEL LTD.,INE146H01018
17765,SDL KL 7.47% 2037,IN2020230123
17766,RHI MAGNESITA INDIA LIMITED,INE743M01012
17768,SYNOPTICS TECHNOLOGIES L,INE0BTR01012
17776,SDL KL 7.4% 2041,IN2020230131
17780,SDL KL 7.45% 2040,IN2020230107
17781,EARCL-NIFTY-24-1-30-PVT,INE015L07725
17786,SDL KL 7.47% 2039,IN2020230115
17792,LFL-11.95%-30-10-26-PVT,INE090W07618
17793,ECOS (INDIA) MOB & HOSP L,INE06HJ01020
17799,JCL-3%-30-6-26-PVT,INE028U08032
17812,GE Vernova T&D India Limited,INE200A01026
17818,JCL-30-06-26-PVT,INE028U08040
17821,SDL ML 7.11% 2033,IN2420240078
17825,JASCH INDUSTRIES LTD.,INE711C01028
17862,JCL-1%-25-03-28-PVT,INE028U08057
17869,SDL ML 7.12% 2034,IN2420240060
17877,SML-12.45%-30-3-26-PVT,INE982X07234
17878,LGT Business Connextions Limit,INE191201016
17879,SDL ML 7.25% 2034,IN2420240052
17882,SDL ML 7.39% 2034,IN2420240045
17891,SDL KL 7.62% 2038,IN2020230180
17892,Shish Industries Limited,INE145Y01023
17893,SDL ML 7.45% 2034,IN2420240037
17894,Benara Bearings and Pistons Li,INE495Z01011
17895,SDL ML 7.48% 2034,IN2420240029
17896,SDL KL 7.62% 2044,IN2020230198
17897,BNR UDYOG LTD.,INE355C01016
17908,SDL ML 7.46% 2034,IN2420240011
17909,SDL KL 7.66% 2046,IN2020230164
17910,SML-12.70%-31-12-26-PVT,INE982X07267
17914,SDL KL 7.71% 2043,IN2020230172
17920,TRANSGENE BIOTEK LTD.,INE773D01018
17923,Sonal Mercantile Limited,INE321M01017
17926,LFL-11.33%-23-2-26-PVT,INE090W07675
17935,SDL KL 7.45% 2039,IN2020230149
17936,LFL-10.76%-10-5-26-PVT,INE090W07683
17937,FOSECO INDIA LTD,INE519A01011
17946,NIP IND ETF NIFTY 100,INF204K014N5
17947,SDL KL 7.49% 2045,IN2020230156
17948,NIPPONAMC - LIQGRWBEES,INF204KC1FU1
17967,SDL RJ 6.05% 2026,IN2920210142
17972,ASHNOOR TEXTILE MILLS LTD.,INE372I01018
17998,SDL RJ 6.84% 2031,IN2920210159
18017,MHPL-9.03%-12-9-27-PVT,INE03NI08014
18020,SDL RJ 6.9% 2032,IN2920210167
18043,PSB 7.74% 2034 SR 1,INE608A08058
18058,SML-11.77%-31-5-26-PVT,INE982X07283
18061,SDL RJ 7.04% 2036,IN2920210175
18068,PROCTER & GAMBLE HYGIENE & HEA,INE179A01014
18074,Infinity Infoway Limited,INE16XA01017
18078,RAJ TELEVISION NETWORK LTD.,INE952H01027
18080,SDL RJ 6.24% 2026,IN2920210183
18104,SPRIGHT AGRO LIMITED,INE179O01031
18109,SDL RJ 6.91% 2031,IN2920210191
18116,JINDAL SAW LTD.,INE324A01032
18125,BHFL-7.70%-9-3-35-PVT,INE377Y08126
18139,SARDA ENERGY & MIN LTD,INE385C01021
18143,BHFL-8%-7-2-35-PVT.,INE377Y08118
18188,AIHFPL-12.47%-06-05-26-PVT,INE0E2307211
18214,CINDRELLA FINANCIAL SERVICES L,INE897D01015
18220,GSB FINANCE LTD.,INE777C01011
18226,SUDARSHAN CHEMICAL INDUSTRIES,INE659A01023
18238,ABHA POWER N STEEL LTD,INE0UYG01015
18241,LOOKS HEALTH SERVICES LIMITED,INE204N01013
18262,SDL RJ 6.84% 2031,IN2920210100
18284,Z.F.STEERING GEAR (INDIA) LTD.,INE116C01012
18300,NIPPONAMC - MANUFGBEES,INF204KC1GH6
18307,AMJ LAND HOLDINGS LIMITED,INE606A01024
18315,Ace Alpha Tech Limited,INE0S9X01011
18320,778KLSDL45,IN2020250154
18335,SDL RJ 6.8% 2031,IN2920210126
18338,HDFC BANK 7.65% 2034 SR2,INE040A08AK2
18353,SDL RJ 7.05% 2041,IN2920210118
18355,SDL RJ 7.07% 2046,IN2920210134
18362,HDFC BANK 7.71% 2033 SR1,INE040A08AJ4
18364,AIHFPL-14%-31-1-26-PVT,INE0E2307229
18372,Mirae Asset Mutual Fund,INF769K01PY8
18373,INFOSYS LTD.,INE009A01021
18381,CURRENT INFRAPROJECTS LTD,INE1CRQ01014
18385,Mirae Asset Mutual Fund,INF769K01PZ5
18389,DHANLAXMI BANK LIMITED,INE680A01011
18390,SDL KL 7.46% 2048,IN2020230016
18393,VST INDUSTRIES LTD,INE710A01016
18414,LINC LIMITED,INE802B01027
18415,DJS STOCK & SHARES LTD.,INE234E01027
18491,LFL-13.25%-31-12-26-PVT,INE090W07725
18509,OMNITEX INDUSTRIES (INDIA) LTD,INE814D01010
18510,GS19MAR2026,IN000326C040
18530,SINCLAIRS HOTELS LTD.,INE985A01022
18535,HANDSON GLOBAL MANAGEMENT (HGM,INE596H01014
18540,LFL-13.25%-15-9-26-PVT,INE090W07709
18552,SDL KL 7.36% 2038,IN2020230081
18553,IRIS RegTech Solutions Limited,INE864K01010
18559,SDL KL 7.36% 2041,IN2020230099
18562,SDL KL 7.47% 2042,IN2020230065
18563,SDL KL 7.42% 2043,IN2020230073
18565,SDL KL 7.29% 2051,IN2020230040
18566,OSWAL GREENTECH LIMITED,INE143A01010
18567,SDL KL 7.39% 2052,IN2020230057
18568,GANGA BATH FITTINGS LTD,INE0ZI101018
18569,IRSL-10.75%-20-3-26-PVT,INE0CJZ08027
18570,NATIONAL HIGHW INFRA TRUS,INE0H7R23014
18580,SPECIALITY REST LTD,INE247M01014
18581,SDL KL 7.29% 2049,IN2020230024
18584,PRESTIGE ESTATE LTD,INE811K01011
18585,SDL KL 7.32% 2053,IN2020230032
18593,SDL RJ 6.75% 2031,IN2920210027
18596,ACME Solar Holdings Limited,INE622W01025
18603,NIPPONAMC - SNXT30BEES,INF204KC1EZ3
18606,BANG OVERSEAS LTD.,INE863I01016
18608,ARSHIYA LIMITED,INE968D01022
18617,SDL RJ 6.78% 2031,IN2920210035
18634,SML-11.70%-12-8-27-PVT,INE982X07176
18637,VISHAL MEGA MART LIMITED,INE01EA01019
18647,SDL RJ 6.82% 2031,IN2920210043
18659,AHFL-9.75%-17-10-26-PVT,INE538L08096
18674,SDL RJ 6.78% 2031,IN2920210050
18705,AHFL-9.75%-10-10-26-PVT,INE538L08088
18712,SDL RJ 6.13% 2026,IN2920210068
18714,AHFL-10%-10-10-26-PVT,INE538L08070
18717,Naapbooks Limited,INE0GOA01018
18725,POKARNA LIMITED,INE637C01025
18731,SDL RJ 6.77% 2031,IN2920210076
18733,AHFL-9.75%-10-10-26-PVT,INE538L08062
18740,SDL RJ 6.1% 2026,IN2920210084
18744,AHFL-10%-19-09-26-PVT,INE538L08054
18745,AIHFPL-11.75%-31-1-27-PVT,INE0E2307195
18748,SDL RJ 6.76% 2031,IN2920210092
18771,SPECTRUM ELECTRIC IND LTD,INE01EO01010
18774,RISHAB SPECIAL YARNS LTD.,INE351D01013
18825,NICCO PARKS & RESORTS LTD.,INE653C01022
18845,ICONIK SPORTS AND EVENTS LIMIT,INE088P01015
18849,781UPSDL34,IN3320220046
18900,EEL-ZC-26-2-27-PVT,INE468N07615
18918,MARC TECHNOCRATS LIMITED,INE0TD401015
18921,EEL-ZC-03-4-26-PVT,INE468N07623
18922,Advanced Enzyme Technologies L,INE837H01020
18941,India Homes Limited,INE072A01029
18961,BINNY MILLS LTD.,INE160L01011
18990,AIHFPL-12.24%-21-7-27-PVT,INE0E2307138
19001,GS02JUL39C,IN000739C010
19103,INVENTURE GRO & SEC LTD,INE878H01024
19104,CELLO WORLD LIMITED,INE0LMW01024
19105,360OPL-17-03-26-CP,INE248U14RE4
19109,ELITECON INTERNATIONAL LIMITED,INE669R01026
19110,PENNAR INDUSTRIES LTD,INE932A01024
19125,OPL-9-3-26-CP,INE248U14RC8
19129,BGHPL-10-3-26-CP,INE09OL14GX0
19131,EARCL-2%-27-4-27-PVT,INE015L07501
19145,360OPL-16-06-26-CP,INE248U14RD6
19164,DKGFSPL-14.30%-28-5-29-PVT,INE179P08066
19165,Manoj Jewellers Limited,INE0MV001018
19168,DKGFSPL-14.50%-15-2-27-PVT,INE179P08074
19171,INTERISE TRUST,INE790Z23019
19172,SHAIVAL REALITY LIMITED,INE262S01010
19173,CHL LTD.,INE790D01020
19187,MEP INFRA. DEVELOPERS LTD,INE776I01010
19188,BASANT AGRO TECH (INDIA) LTD.,INE473E01021
19193,EARCL-2%-27-8-27-PVT,INE015L07519
19195,KEYNOTE FINANCIAL SERVICES LIM,INE681C01015
19197,DKGFSPL-14.5%-9-5-35-PVT,INE179P08082
19204,BGHP-27-2-26-CP,INE09OL14GS0
19210,EARCL-2%-28-8-27-PVT,INE015L07527
19215,BELRISE INDUSTRIES LIMITED,INE894V01022
19228,BGHPL-6-2-26-CP,INE09OL14GM3
19231,MFL 8.7% 2036,INE414G08355
19238,TIJARIA POLYPIPES LTD,INE440L01017
19239,OPL-26-2-26-CP,INE248U14QZ1
19240,BGHPL-29-1-26-CP,INE09OL14GI1
19248,MARICO LTD.,INE196A01026
19249,EPIC ENERGY LTD.,INE932F01015
19266,BGHPL-5-2-26-CP,INE09OL14GL5
19282,SDL RJ 6.07% 2026,IN2920210381
19316,CRESSANDA RAILWAY SOLUTIONS LI,INE716D01033
19331,SDL RJ 6.84% 2031,IN2920210399
19335,MOREPEN LABORATORIES LTD.,INE083A01026
19353,Digicontent Limited,INE03JI01017
19362,ACE INTEGRATED SOLU. LTD.,INE543V01017
19397,SAHYADRI INDUSTRIES LTD,INE280H01015
19429,SITI NETWORKS LIMITED,INE965H01011
19431,ENGINEERS INDIA LTD,INE510A01028
19433,SDL MN 7.7% 2035,IN2320220063
19448,SDL MN 7.62% 2035,IN2320220071
19459,OPL-3-3-26-CP,INE248U14QY4
19488,SDL MN 7.76% 2035,IN2320220089
19500,OPL-4-2-26-CP,INE248U14QW8
19507,AVT NATURAL PRODUCTS LTD,INE488D01021
19540,SDL MN 7.82% 2032,IN2320220022
19552,EARCL-2%-20-11-27-PVT,INE015L07568
19555,SEIL-18.75%-31-3-28-PVT,INE503B07036
19558,SDL RJ 6.94% 2033,IN2920210308
19561,SDL MN 7.83% 2032,IN2320220030
19578,SDL RJ 6.91% 2031,IN2920210324
19587,EARCL-2%-7-10-28-PVT,INE015L07576
19594,SDL MN 7.71% 2032,IN2320220048
19595,SDL RJ 6.01% 2026,IN2920210316
19601,SDL RJ 6.98% 2031,IN2920210332
19607,ASHIRWAD STEELS & INDUSTRIES L,INE338C01012
19608,SDL MN 7.69% 2034,IN2320220055
19623,SDL RJ 6.34% 2027,IN2920210340
19635,DHARANI FINANCE LTD.,INE899D01011
19650,SDL RJ 6.96% 2031,IN2920210357
19655,MEHUL COLOURS LIMITED,INE1KH601014
19659,VA TECH WABAG LTD,INE956G01038
19668,SDL RJ 6.98% 2031,IN2920210365
19669,SAT KARTAR SHOPPING LTD,INE0NB801022
19678,GS12JUN46,IN000646C041
19684,SDL RJ 6.92% 2031,IN2920210373
19686,SDL MN 7.72% 2032,IN2320220014
19690,CIFCL-8.25%-4-10-29-PVT,INE121A07SI8
19691,Credo Brands Marketing Limited,INE220Q01020
19694,CIFCL-31-1-29-NCD,INE121A07RU5
19723,CIFCL-8.5%-31-1-27-NCD,INE121A07RT7
19725,CIFCL-8.6%-31-1-29-NCD,INE121A07RV3
19726,KOTAK MAHINDRA BANK LTD.,INE237A01036
19756,IIRM HOLDINGS INDIA LIMITED,INE670C01026
19758,Bharat Dynamics Limited,INE171Z01026
19760,POPULAR FOUNDATIONS LIMITED,INE0PZB01013
19768,JOLLY PLASTIC INDUSTRIES LTD.,INE289M01016
19789,PRABHA ENERGY LIMITED,INE0I0M01023
19797,GS19SEP2031,IN000931C047
19803,EARCL-9.9%-8-12-28-PVT,INE015L07618
19805,CIFCL-31-1-27-NCD,INE121A07RS9
19818,FAZE THREE LIMITED,INE963C01033
19830,EARCL-2%-15-1-29-PVT,INE015L07626
19835,DCG CABLES & WIRES LTD,INE0S8401018
19840,JINDAL CAPITAL LTD.,INE356F01017
19849,ORISSA MINERALS DEVELOPMENT CO,INE725E01024
19861,SHEETAL COOL PRODUCTS LIMITED,INE501Y01019
19867,883GOI2041,IN0020110063
19876,CIFCL-ZC-7-12-28-NCD,INE121A07RN0
19877,897GOI2030,IN0020110055
19879,KSFP 8.20% 2036 SR SD1,INE0DZE08026
19880,Zeal Aqua Limited,INE819S01025
19887,BINAYAK TEX PROCESSORS LTD.,INE626H01019
19890,CIFCL-8.50%-7-12-26-NCD,INE121A07RO8
19898,INNOKAIZ INDIA LIMITED,INE0LDI01022
19901,KSFP 8.14% 2036 SR SD2,INE0DZE08034
19910,KANDARP DG SMART BPO LTD,INE0MOT01016
19920,NTC INDUSTRIES LTD.,INE920C01017
19922,IRIS CLOTHINGS LIMITED,INE01GN01025
19979,PAKKA LIMITED,INE551D01018
19980,MAAN ALUMINIUM LIMITED,INE215I01027
19994,D B CORP LTD,INE950I01011
19996,CIFCL-8.54%-12-4-29-PVT,INE121A07RZ4
20010,RAMKY INFRA LTD,INE874I01013
20015,PANAFIC INDUSTRIALS LTD,INE655P01029
20035,WINNY IMMIGRA & EDU SER L,INE0S9101013
20036,HINDUSTAN UNILEVER LTD.,INE030A01027
20037,SDL RJ 6.87% 2031,IN2920210266
20038,CIFCL-9-9-26-NCD,INE121A07RD1
20039,Shree Ganesh Remedies Limited,INE414Y01015
20041,SDL RJ 6.77% 2031,IN2920210274
20042,CIFCL-8.4%-9-8-28-NCD,INE121A07RE9
20043,QUADPRO ITES LIMITED,INE0GOJ01027
20044,VAPI ENTERPRISE LIMITED,INE464D01014
20046,SDL RJ 6.86% 2036,IN2920210282
20048,YATHARTH HOSP & TRA C S L,INE0JO301016
20050,WELSPUN LIVING LIMITED,INE192B01031
20064,Artemis Medicare Services Limi,INE025R01021
20065,SDL RJ 6.23% 2027,IN2920210290
20083,CIFCL-8.25%-15-5-26-PVT,INE121A07RC3
20087,SURYA ROSHNI LTD.,INE335A01020
20088,SWASTI VINAYAKA SYNTHETICS LTD,INE804A01025
20091,HDFC MUTUAL FUND - HDFC CAPITA,INF179KB1A18
20092,JCL-27-02-26-CP,INE282H14071
20093,HDFC MUTUAL FUND - HDFC CAPITA,INF179KB1A34
20094,JCL-23-03-26-CP,INE282H14089
20107,HDFC MUTUAL FUND - HDFC CAPITA,INF179KB1A00
20114,SHANKARA BLDG PRODUCT LTD,INE274V01019
20116,ROLCON ENGINEERING CO.LTD.,INE775R01013
20124,JCL-18-2-26-CP,INE282H14063
20141,Misquita Engineering Limited,INE957W01025
20147,DHANVANTRI JEEVAN REKHA LTD.,INE239F01015
20154,Prudent Corporate Advisory Ser,INE00F201020
20162,EARC-2%-22-7-29-PVT,INE015L07683
20164,MANGALAM GLOBAL ENT LTD,INE0APB01032
20167,SKM EGG PROD EXPORT(I) LT,INE411D01023
20174,CIFCL-8.60%-07-12-28-NCD,INE121A07RM2
20191,KILITCH DRUGS INDIA LTD,INE729D01010
20204,NEPHROCARE HEALTH SERV L,INE428V01029
20205,SDL RJ 7.13% 2041,IN2920210209
20210,CIFCL-ZC-7-12-26-NCD,INE121A07RK6
20211,KOTAKMAMC - KOTAKLIQ,INF174KA1LV5
20230,INDO BORAX & CHEMICALS LTD.,INE803D01021
20233,SDL RJ 6.29% 2026,IN2920210225
20239,SDL RJ 6.97% 2031,IN2920210217
20251,SDL RJ 7.0% 2031,IN2920210233
20253,PHOTOQUIP INDIA LTD.,INE813B01016
20265,CIFCL-9-8-28-NCD,INE121A07RI0
20267,Avalon Technologies Limited,INE0LCL01028
20269,SDL RJ 6.27% 2026,IN2920210241
20270,COFORGE LIMITED,INE591G01025
20271,CIFCL-8.3%-9-9-26-NCD,INE121A07RF6
20272,JASH ENGINEERING LIMITED,INE039O01029
20277,SDL RJ 6.91% 2031,IN2920210258
20281,LOGICA INFOWAY LIMITED,INE0BSU01018
20312,TPL 8.40% 2027 SR 12B,INE813H07341
20313,IGT-7.97%-6-5-31-INVIT-NCD,INE219X07280
20322,CARNATION INDUSTRIES LTD.,INE081B01028
20350,IGT-7.72%-6-5-31-INVIT-NCD,INE219X07272
20376,DEVYANI INTERNATIONAL LTD,INE872J01023
20383,TPL 8.32% 2029 SR 13D,INE813H07366
20387,IGT-7.32%-27-6-31-INVT,INE219X07298
20405,TPL 8.32% 2028 SR 13C,INE813H07374
20408,IGT-7.69%-6-5-28-INVIT-NCD,INE219X07249
20415,MITCON CON & ENG SER LTD,INE828O01033
20432,PICTUREPOST STUDIOS LTD,INE0YAL01017
20434,ICICIPRAMC - BHARATIWIN,INF109KB15Y7
20435,IGT-7.49%-6-5-28-INVIT-NCD,INE219X07231
20451,SDL RJ 6.48% 2027,IN2920210506
20459,IGT-8.2%-6-5-31-INVIT-NCD,INE219X07264
20462,GOI STRIPS C 220240,IN000240C019
20464,TPL 8.40% 2029 SR 12D,INE813H07325
20476,SDL RJ 7.22% 2032,IN2920210522
20483,THEJO ENGINEERING LIMITED,INE121N01019
20496,SDL RJ 7.17% 2032,IN2920210514
20501,CYBER MEDIA (INDIA) LTD.,INE278G01037
20502,Adcon Capital Services Limited,INE805Q01028
20507,IGT-7.95%-6-5-31-INVIT-NCD,INE219X07256
20509,UNIONAMC - UNIONGOLD,INF582M01KS4
20510,SDL RJ 7.24% 2032,IN2920210530
20534,CANARA BANK,INE476A01022
20535,TPL 8.40% 2028 SR 12C,INE813H07333
20541,IGT-7.6%-6-5-28-INVIT-NCD,INE219X07207
20599,IGT-7.9%-6-5-28-NCD,INE219X07223
20624,HAPPIEST MINDS TECHNO LTD,INE419U01012
20636,IGT-7.7%-6-5-28-INVIT-NCD,INE219X07215
20644,UMA CONVERTER LIMITED,INE067901012
20663,ECE-GSEC-16-2-26-PVT,INE468N07185
20671,UCO BANK,INE691A01018
20698,TPL 8.32% 2027 SR 13B,INE813H07382
20707,TCAP-8.65%-26-8-27-NCD,INE306N07LM5
20708,TCAP-8.55%-26-8-27-NCD,INE306N07LL7
20711,TPL 8.32% 2026 SR 13A,INE813H07390
20727,Mirae Asset Mutual Fund,INF769K01MY5
20734,AMRAPALI CAPITAL AND FINANCE S,INE218P01018
20735,Geojit Financial Services Limi,INE007B01023
20806,GS06MAY62,IN000562C016
20830,ABCL 7.9413% 2028 SR L1,INE860H07JC8
20831,SUPER FINE KNITTERS LIMITED,INE459U01018
20867,ABCL 8.0208% 2030 SR L3,INE860H07JD6
20878,Sunita Tools Limited,INE0Q1S01010
20879,KUMBHAT FINANCIAL SERVICES LTD,INE795E01019
20880,ABCL 8.10% 2029 SR F1,INE860H07JA2
20886,ABCL 7.91% 2034 SR G1,INE860H07JB0
20900,ANTHEM BIOSCIENCES LTD,INE0CZ201020
20978,ABCL 8.0163% 2029 SR L2,INE860H07JE4
21045,360OPL-15-10-26-CP,INE248U14SP8
21047,8.48%S-R-NCD SERIES 2A,INE733E07JF7
21055,VJ016T-9.25%-20-6-34-PTC,INE1ZSF15016
21059,ABCL 8.0343% 2034 SR E1,INE860H07IZ1
21061,360OPPL-05-10-26-CP,INE248U14SQ6
21065,SDL RJ 7.13% 2029,IN2920210555
21073,SDL RJ 7.37% 2034,IN2920210548
21085,SDL RJ 7.29% 2032,IN2920210563
21088,EARC-NIFTY-B1G601D-7-7-26-PVT,INE015L07337
21091,POLYMECHPLAST MACHINES LTD.,INE809B01014
21092,KOTAKMAMC - KOTAKSILVE,INF174KA1KU9
21101,ABCL FBIL LINK2027 SR K3,INE860H07IX6
21115,360OPL-29-10-26-CP,INE248U14SO1
21131,ABCL 8.33% 2027 SR L1,INE860H07IY4
21141,OPL-18-1-27-CP,INE248U14ST0
21152,OPL-19-1-27-CP,INE248U14SU8
21166,360OPL-18-3-26-CP,INE248U14SR4
21191,CG-VAK SOFTWARE & EXPORTS LTD.,INE084D01010
21201,EARCL-NIFTY-J8G601C-13-07-2026,INE015L07386
21207,OPL-6-3-26-CP,INE248U14SS2
21210,THACKER & CO.LTD.,INE077P01034
21213,Kaya Limited,INE587G01015
21225,Mirae Asset Mutual Fund,INF769K01LQ3
21258,TACA 7.3% 2030 SR B,INE976I07DA7
21269,ABCL SR II,INE860H07IR8
21292,TACA 7.12% 2028 SR C,INE976I07DB5
21296,UJAAS ENERGY LIMITED,INE899L01030
21301,ABCL 7.97% 2028 SR D1,INE860H07IO5
21322,MANGALAM ORGANICS LIMITED,INE370D01013
21327,ABCL 7.8% SR V,INE860H07IP2
21340,Forbes Precision Tools and Mac,INE0TT901016
21353,ABCL 8% SR I,INE860H07IQ0
21378,IGT-7.85%-28-2-28-PVT,INE219X07363
21379,ORIENTAL AROMATICS LTD,INE959C01023
21380,BAJAJ FINANCE LIMITED,INE296A01032
21401,HARIA EXPORTS LTD.,INE772B01014
21409,MULTI COMMODITY EXCHANGE,INE745G01043
21410,Garden Reach Shipbuilders & En,INE382Z01011
21411,OPL-2-6-26-CP,INE248U14SM5
21412,IGT-7.917%-28-2-31-PVT,INE219X07355
21413,ORIENT CEMENT LTD,INE876N01018
21414,SAGILITY LIMITED,INE0W2G01015
21427,EFC (I) LIMITED,INE886D01026
21428,ABCL 8.16% 2029 SR K1,INE860H07IW8
21435,OPL-29-5-26-CP,INE248U14SL7
21439,IGT-7.35%-31-3-38-INVIT,INE219X07389
21442,ABCL 8.1% SR VI,INE860H07IS6
21447,NIP IND ETF DIV OPP,INF204KA1MS3
21452,ABCL 8.05% SR III,INE860H07IT4
21456,360OPL-27-3-26-CP,INE248U14SI3
21457,PAR DRUGS AND CHEM LTD,INE04LG01015
21469,Identixweb Limited,INE0PA401012
21473,SDL RJ 6.29% 2026,IN2920210407
21475,ABCL SR IV,INE860H07IU2
21481,IGT-7.70%-31-3-41-PVT,INE219X07371
21484,CLIO INFOTECH LTD.,INE011B01017
21487,ABCL 8.12% 2028 SR L1,INE860H07II7
21491,IRFC 7.44% 2034 SR 177,INE053F08379
21502,Mirae Asset Mutual Fund,INF769K01LZ4
21510,ABCL 8.30% 2026 SR L2,INE860H07IJ5
21511,ANUPAM RASAYAN INDIA LTD,INE930P01018
21516,IRFC 7.46% 2029 SR 178,INE053F08387
21528,ANDHRA SUGARS LTD,INE715B01021
21530,IRFC 7.44% 2034 SR.179,INE053F08395
21539,Radhika Jeweltech Limited,INE583V01021
21558,KAYTEX FABRICS LIMITED,INE13ZD01013
21585,ABCL 7.90% 2028 SR C1,INE860H07IM9
21635,ROSSARI BIOTECH LIMITED,INE02A801020
21676,IGT-6.72%-14-9-26-INVITs,INE219X07306
21678,ABCL 8.01% 2028 SR. B1,INE860H07IK3
21679,IRFC 7.57% 2029 SR 175,INE053F08353
21680,GS06NOV41,IN001141C018
21682,SOUTH ASIAN ENTERPRISES LTD.,INE118B01010
21685,IRFCL 7.48% 2034 SR 176,INE053F08361
21696,LIBERTY SHOES LTD.,INE557B01019
21699,Mirae Asset Mutual Fund,INF769K01LX9
21722,Mirae Asset Mutual Fund,INF769K01LY7
21740,SDL MZ 7.62% 2036,IN2520220103
21747,SKP SECURITIES LTD.,INE709B01016
21754,MUNJAL AUTO INDUSTRIES LTD.,INE672B01032
21764,SDL MZ 7.74% 2038,IN2520220111
21788,AMCO INDIA LTD.,INE924B01011
21795,TATA CAP 7.99% 2029 SR B,INE976I07CS1
21809,360OPL-13-02-26-CP,INE248U14RZ9
21835,SEMAC CONSTRUCTION LTD,INE617A01013
21836,360OPL-20-02-26-CP,INE248U14RY2
21859,SDL RJ 7.14% 2032,IN2920210423
21860,EARCL-NIFTY-J8G602C-17-07-26-P,INE015L07428
21861,SDL RJ 7.03% 2031,IN2920210415
21865,TCL 8.01% 2034,INE976I07CX1
21876,SDL RJ 6.43% 2027,IN2920210431
21887,TCL 8.0980% 2027,INE976I07CY9
21901,DIGITIDE SOLUTIONS LTD,INE0U4701011
21917,TCL 7.62% 2030 SR A,INE976I07CZ6
21939,EARCL-2%-28-03-27-PVT,INE015L07469
21943,SDL RJ 7.24% 2032,IN2920210456
21952,SDL RJ 6.45% 2027,IN2920210449
21959,Lancer Container Lines Limited,INE359U01028
21960,SDL RJ 6.2% 2026,IN2920210464
21961,EARCL-2%-29-3-27-PVT,INE015L07477
21963,MODI RUBBER LTD,INE832A01018
21965,Vishwaraj Sugar Industries Lim,INE430N01022
21966,TCL 8.285% 2027 SR C,INE976I07CT9
21969,SDL RJ 7.21% 2032,IN2920210472
21970,HINDUSTAN COPPER LTD,INE531E01026
21971,TCL MARKET LINK 2026 SRA,INE976I07CU7
21973,Amara Raja Energy & Mobility L,INE885A01032
21974,EARCL-2%-26-4-27-PVT,INE015L07493
21975,SDL RJ 7.24% 2032,IN2920210480
21982,TANLA PLATFORMS LIMITED,INE483C01032
21983,TCL 8.137% 2029 SR A,INE976I07CV5
21984,SDL RJ 7.09% 2032,IN2920210498
21985,GS06MAY39C,IN000539C014
22016,RELIANCE MUTUAL FUND- RELIANCE,INF204KA1Z33
22023,63 Moons Technologies Limited,INE111B01023
22060,DANUBE INDUSTRIES LIMITED,INE575D01041
22087,OIL AND NATURAL GAS CORPORATIO,INE213A01029
22090,SHRIRAM FINANCE LIMITED,INE721A01047
22099,Scintilla Commercial & Credit ,INE892C01018
22115,Concord Drugs Limited,INE858L01010
22143,HFCL LIMITED,INE548A01028
22179,IGT-8.9922%-14-2-29-PVT-InvIT,INE219X07025
22221,RELIANCE MUTUAL FUND- RELIANCE,INF204KA1Z58
22222,DISA INDIA LTD.,INE131C01011
22223,DREDGING CORP OF INDIA,INE506A01018
22233,SC Agrotech Limited,INE895E01017
22236,JBM AUTO LTD.,INE927D01051
22255,VRDPL-12%-3-2-35-PVT,INE084S08013
22259,BLUE DART EXPRESS LTD.,INE233B01017
22260,Mirae Asset Mutual Fund,INF769K01PB6
22304,BANK OF BARODA,INE028A01039
22306,FACOR ALLOYS LTD.,INE828G01013
22338,POWER FINANCE CORPORATION LTD.,INE134E01011
22341,KOTAKMAMC - KOTAKCONS,INF174KA1JE5
22347,HINDUSTAN HOUSING CO.LTD.,INE083O01019
22368,GS19MAR2049,IN000349C034
22376,MARCO CABLE & CONDUCTOR L,INE0QP001012
22378,GOPAL SNACKS LIMITED,INE0L9R01028
22380,GS12DEC36,IN001236C032
22381,SUNDREX OIL COMPANY LTD,INE0CTB01014
22385,Supriya Lifescience Limited,INE07RO01027
22412,GOI TBILL 182D-05/02/26,IN002025Y198
22445,KOTAKMAMC - KOTAKMNC,INF174KA1JF2
22482,Raw Edge Industrial Solutions ,INE960Z01014
22491,KOTAKMAMC - KOTAKLOVOL,INF174KA1IY5
22494,EARCL-NIFTY-B1F601C-17-6-26-PV,INE015L07188
22501,NSL-7.6937%-28-5-27-REITS,INE0NDH07043
22502,GB Logistics Commerce Limited,INE0RWU01016
22513,NST-7.19%-RESET RATE-2-5-32-RE,INE0NDH07050
22521,ADVANI HOTELS & RESORTS (INDIA,INE199C01026
22527,NST-8%-16-6-28-PVT,INE0NDH07027
22541,BHARAT ROAD NETWORK LTD,INE727S01012
22545,NST-7.7165%-14-6-28-REITS,INE0NDH07035
22552,Mirae Asset Mutual Fund,INF769K01PQ4
22565,MGFL-10.85%-26-12-26-PVT,INE08KJ07159
22583,Mirae Asset Mutual Fund,INF769K01PR2
22597,MGFL-11.75%-26-11-30-PVT,INE08KJ07167
22602,VAISHALI PHARMA LIMITED,INE972X01022
22613,NST-Rest Rate-14-12-35-PVT,INE0NDH07068
22630,MGFLD-11%-29-8-27-PVT,INE08KJ07175
22639,GS22APR44,IN000444C033
22640,NSL-Reset Rate-13-12-35-PVT,INE0NDH07076
22687,LODHA DEVELOPERS LIMITED,INE670K01029
22688,SHREE SALASAR INVESTMENT LTD.,INE315N01017
22714,MGFL-11%-11-12-26-PVT,INE08KJ07134
22744,RTS POWER CORPORATION LTD.,INE005C01017
22745,MGFL-11%-03-02-27-PVT,INE08KJ07142
22756,NCL RESEARCH & FINANCIAL SERVI,INE132F01038
22760,Tata Mutual Fund,INF277K30047
22763,Tata Mutual Fund,INF277K30054
22764,SDL KL 7.36% 2054,IN2020230248
22769,ABC INDIA LTD.,INE125D01011
22789,Tata Mutual Fund,INF277K30039
22791,GS22OCT46B,IN001046C035
22792,IFCI LTD,INE039A01010
22806,SDL KL 7.42% 2049,IN2020230255
22818,GARWARE SYNTHETICS LTD.,INE340D01016
22828,SDL KL 7.39% 2034,IN2020230222
22831,KLG CAPITAL SERVICES LTD.,INE929C01018
22835,Tata Mutual Fund,INF277K30013
22836,Tata Mutual Fund,INF277K30021
22843,SDL KL 7.38% 2044,IN2020230230
22853,8.91%S-R-NCD SERIES 3B,INE733E07JJ9
22861,LAXMI ORGANIC INDUS LTD,INE576O01020
22862,SDL KL 7.76% 2035,IN2020230206
22878,SDL KL 7.67% 2043,IN2020230214
22887,8.73%S-R-NCD SERIES 2B,INE733E07JI1
22889,Mirae Asset Mutual Fund,INF769K01NS5
22899,RAJESWARI INFRASTRUCTURE LIMIT,INE016C01014
22905,JAYANT INFRATECH LIMITED,INE0KR801019
22906,8.66%S-R-NCD SERIES 3A,INE733E07JG5
22931,TFB 7.53% 2030 SR. 2B,INE733E07JV4
22938,MKVENTURES CAPITAL LIMITED,INE874A01010
22983,Mirae Asset Mutual Fund,INF769K01OA1
22989,TFB 7.37% 2035 SR. 3A,INE733E07JT8
23012,TFB 7.28% 2030 SR. 2A,INE733E07JS0
23045,S CHAND AND COMPANY LTD,INE807K01035
23046,SDL KL 7.53% 2050,IN2020230289
23053,KOTAKMAMC - KOTAKMID50,INF174KA1IB3
23059,ALFAVISION OVERSEAS (INDIA) LT,INE883B01027
23077,KOTAKMAMC - KOTAKALPHA,INF174KA1IA5
23082,SDL KL 7.54% 2055,IN2020230297
23084,ECE-LEAP INDEX-26-6-26-PVT,INE468N07482
23106,SDL KL 7.42% 2064,IN2020230263
23114,SDL KL 7.49% 2036,IN2020230271
23138,SDL TS 7.27% 2049,IN4520240537
23167,EARCL-NIFTY-F6G602A-26-06-26-P,INE015L07279
23170,CEMANTIC INFRA-TECH LIMITED,INE222B01028
23191,SDL TS 7.23% 2049,IN4520240545
23194,GS02JAN36C,IN000136C019
23198,GATEWAY DISTRIPARKS LTD,INE079J01017
23207,VFPL 9.80% 2028 SR 17,INE448U07257
23213,SDL TS 7.23% 2052,IN4520240552
23215,JAGSONPAL PHARMACEUTICALS,INE048B01035
23242,ASTER DM HEALTHCARE LTD.,INE914M01019
23254,SDL TS 7.27% 2047,IN4520240529
23305,GUJARAT NARMADA VALLEY FERTILI,INE113A01013
23308,Cosmic CRF Limited,INE0ORA01015
23319,SDL TS 7.18% 2047,IN4520240503
23347,SDL TS 7.18% 2049,IN4520240511
23384,TFB 7.62% 2035 SR. 3B,INE733E07JW2
23399,Mirae Asset Mutual Fund,INF769K01OO2
23442,EARC-10%-F6F602A-23-6-26-PVT,INE015L07212
23447,OVOBEL FOODS LTD.,INE812S01012
23460,NIP IND ETF CONSUMPTION,INF204KA1LD7
23491,IFB INDUSTRIES LTD.,INE559A01017
23492,PASUPATI SPG.& WVG.MILLS LTD.,INE909B01020
23496,SDL TS 7.07% 2055,IN4520240586
23497,IGT-7.45%-6-5-26-INVIT-NCD,INE219X07199
23498,SHREYANS INDUSTRIES LTD.,INE231C01019
23500,STERLING AND WILSON RENEWABLE ,INE00M201021
23516,EARCL-NIFTY-I8F601D-25-6-26-PV,INE015L07253
23524,HEERA ISPAT LTD.,INE025D01013
23535,SDL TS 7.23% 2053,IN4520240560
23538,PRECISION WIRES INDIA LTD,INE372C01037
23542,Mirae Asset Mutual Fund,INF769K01ON4
23545,EARCL-NIFTY-F6G601A-26-06-26-P,INE015L07261
23558,SDL TS 7.07% 2052,IN4520240578
23563,MASFSL-9.4%-23-6-26-PVT,INE348L07258
23566,GLOBAL VECTRA HELICORP LTD.,INE792H01019
23571,MASFSL-9.60%-23-12-26-PVT,INE348L07241
23577,364TB17926,IN002025Z252
23579,364TB24926,IN002025Z260
23580,CAPITAL TRUST LTD.,INE707C01018
23581,KAUSHALYA INFRASTRUCTURE DEVEL,INE234I01028
23582,MFSL-9.60%-13-2-27-PVT,INE348L07274
23588,364TB10926,IN002025Z245
23590,SFL-29-9-32-NCD,INE302E07946
23595,MFSL-9.75%-30-12-26-PVT,INE348L07266
23601,364TB30926,IN002025Z237
23602,ABCL-8.73-PERPETUAL-PVT,INE860H08EN4
23609,MFSL-9.60%-28-03-27-PVT,INE348L07290
23614,ANUH PHARMA LTD.,INE489G01022
23624,MFSL-1 MMCLR OF IDFC FIRST Ban,INE348L07282
23626,Shyama Computronics and Servic,INE861E01019
23627,INSPIRE FILMS LIMITED,INE0NDX01019
23635,364TB81026,IN002025Z286
23639,364T151026,IN002025Z294
23644,SAI LIFE SCIENCES LIMITED,INE570L01029
23651,364TB21026,IN002025Z278
23652,WISE TRAVEL INDIA LIMITED,INE623Y01011
23665,ABCL-7.43%-05-12-31-PVT,INE860H08EG8
23668,Patdiam Jewellery Limited,INE473T01011
23678,DKGFSP-13.60%-6-12-27-PVT,INE179P07332
23724,ABCL-7.34%-11-6-31-PVT,INE860H08EE3
23727,MUKTA ARTS LIMITED,INE374B01019
23729,KIRAN VYAPAR LTD,INE555P01013
23754,DKGFSPL-24-5-27-PVT,INE179P07365
23756,HEGICL-8.15%-26-9-33-PVT,INE225R08048
23757,SFL-10.25%-29-8-30-NCD,INE302E07920
23758,DKGFSL-24-5-27-PVT,INE179P07373
23759,DKGFSL-12.75%-24-5-27-PVT,INE179P07381
23760,THANGAMAYIL JEWELLERY LTD,INE085J01014
23761,SFL-29-8-30-NCD,INE302E07938
23762,HDFCEGICL-8.15%-20-2-33-PVT,INE225R08030
23763,ABCL-8.31%-11-7-34-PVT,INE860H08EL8
23764,Pune E - Stock Broking Limited,INE510U01018
23765,SFL-29-8-28-NCD,INE302E07904
23766,ABCL-8.03%-24-6-33-PVT,INE860H08EI4
23767,HEGIC-8.20%-17-3-35-PVT,INE225R08055
23768,Electronics Mart India Limited,INE02YR01019
23769,SFL-29-8-27-NCD,INE302E07912
23770,VEDANTA LIMITED,INE205A01025
23784,NWIL-27-2-26-CP,INE523L14AS5
23801,SAWACA ENTERPRISES LIMITED,INE248B01023
23811,REPRO INDIA LIMITED,INE461B01014
23826,Shukra Pharmaceuticals Limited,INE551C01044
23835,NWIL-13-4-26-CP,INE523L14AT3
23871,KMC SPECIALITY HOSPITALS (INDI,INE879K01018
23886,GS19SEP2058,IN000958C024
23892,AUTOLINE INDUSTRIES LTD.,INE718H01014
23909,NWAL-20-1-27-CP,INE523L14AU1
23914,SHUBHLAXMI JEWEL ART LTD,INE01Z401013
23925,HEGICL-7.72%-19-9-32-PVT,INE225R08022
23983,HDFCEGICL-7.10%-9-11-31-PVT,INE225R08014
24002,NWIL-20-2-26-CP,INE523L14AV9
24029,ABCL-8.95%-06-06-29-PVT,INE860H08EB9
24032,KTPL-19%-13-8-28-PVT,INE272T07014
24067,NWIL-18-5-26-CP,INE523L14AP1
24080,SP REFRACTORIES LIMITED,INE0JW501011
24089,ABCL-7.43%-27-12-30-PVT,INE860H08ED5
24123,ARCHEAN CHEMICAL IND LTD,INE128X01021
24144,ABCL-9.7600%-4-12-28-PVT,INE860H08EA1
24154,NWIL-11-2-26-CP,INE523L14AQ9
24161,INFORMED TECHNOLOGIES INDIA LT,INE123E01014
24205,NWIL-21-5-26-CP,INE523L14AR7
24220,ABCL-8.95%-28-7-26-PVT,INE860H08DU1
24221,SDL HP 7.76% 2030,IN1720220012
24232,ABCL-8.90%-29-9-26-PVT,INE860H08DV9
24234,INDRAPRASTHA GAS LTD.,INE203G01027
24236,BABA ARTS LTD.,INE893A01036
24241,SDL HP 7.82% 2032,IN1720220020
24248,780GUJ2027,IN1520170151
24256,ABCL-9.10%-23-6-26-PVT,INE860H08DS5
24276,SAAKSHI MEDTEC N PANELS L,INE0PSK01027
24282,MASFS-8.35%-16-11-26-PVT,INE348L07308
24292,ABCL-8.97%-28-7-26-PVT,INE860H08DT3
24295,775GUJ2027,IN1520170136
24309,364TB28826,IN002025Z229
24312,MFSL-9.10%-29-8-27-PVT,INE348L07332
24320,VEL-8.60%-7-9-28-PVT,INE665L07040
24323,SDL HP 7.89% 2037,IN1720220053
24324,ABCL-8.50%-18-5-27-PVT,INE860H08DY3
24325,805GUJ2028,IN1520170185
24330,SEIT-7.15%-27-7-30-INVIT,INE0R8O07036
24334,Intelligent Supply Chain Infra,INE0QSW23016
24344,SDL HP 7.48% 2033,IN1720220061
24347,MASFSL-9.75%-15-06-27-PVT,INE348L07324
24354,364TB20826,IN002025Z211
24356,ABCL-8.70%-PERPETUAL-PVT,INE860H08DZ0
24362,EMAMI PAPER MILLS LTD.,INE830C01026
24364,SEIT-7.2728-27-7-32-INVIT,INE0R8O07028
24366,MASFS-9.25%-16-5-27-PVT,INE348L07316
24385,MFSL-8.75%-30-12-28-PVT,INE348L07357
24389,ABCL-8.90%-20-11-26-PVT,INE860H08DW7
24400,775GUJ2028,IN1520170169
24408,364TB13826,IN002025Z203
24411,SDL HP 7.43% 2028,IN1720220038
24417,SEIT-7.5855%-2-2-35-INVITS,INE0R8O07010
24427,MFSL-8.9%-28-11-27-PVT,INE348L07340
24441,ABCL-8.25%-9-3-27-PVT,INE860H08DX5
24459,SDL HP 7.57% 2031,IN1720220046
24473,HERO MOTOCORP LIMITED,INE158A01026
24474,MINDSPACE BUSINESS P REIT,INE0CCU25019
24475,K2 INFRAGEN LIMITED,INE0DEZ01013
24488,SDL HP 7.5% 2037,IN1720220095
24493,364T171226,IN002025Z385
24499,364T251226,IN002025Z393
24500,SDL AS 6.63% 2035,IN1220250048
24507,364T101226,IN002025Z377
24512,SDL AS 6.77% 2040,IN1220250030
24519,MFSL-9.75%-28-9-26-PVT,INE348L07159
24520,READYMIX CONSTRU MACHI L,INE10QL01011
24524,SDL HP 7.49% 2034,IN1720220079
24528,364TB31126,IN002025Z369
24530,SDL AS 6.86% 2035,IN1220250063
24531,GOTHI PLASCON (INDIA) LTD.,INE538G01018
24538,SUPREME PETROCHEM LTD.,INE663A01033
24540,364T261126,IN002025Z351
24542,SDL HP 7.5% 2036,IN1720220087
24550,DALMIA INDUSTRIAL DEVELOPMENT ,INE642P01019
24551,SDL AS 6.22% 2030,IN1220250055
24562,NIVA BUPA HEALTH INSURANCE COM,INE995S01015
24567,SDL AS 7.02% 2035,IN1220250089
24578,SDL AS 6.76% 2032,IN1220250071
24589,MANAKSIA STEELS LTD,INE824Q01011
24594,MFSL-3 Months Bank MCLR-21-3-2,INE348L07183
24597,TCBIL-8.90%-30-3-35-PVT,INE0KPD07018
24598,SDL AS 7.13% 2031,IN1220250097
24608,KOTAK MAHINDRA MUTUAL FUND - K,INF174K01ZN3
24618,GLOTTIS LIMITED,INE0TQE01026
24630,LXBJ25-12.25%-28-01-32-PTC,INE2DDX15016
24631,KOTAK MAHINDRA MUTUAL FUND - K,INF174K01ZO1
24639,EFRL-9.5%-31-12-26-PVT,INE711X07062
24648,Scoda Tubes Limited,INE090501011
24664,PEETI SECURITIES LTD.,INE328D01011
24665,KOTAK MAHINDRA MUTUAL FUND - K,INF174K01ZR4
24666,ATUL LTD.,INE100A01010
24667,LIKHITHA INFRASTRUC LTD,INE060901027
24668,ORIENT BELL LIMITED,INE607D01018
24669,METROPOLIS HEALTHCARE LTD,INE112L01020
24670,KOTAK MAHINDRA MUTUAL FUND - K,INF174K01ZT0
24671,KOTAK MAHINDRA MUTUAL FUND - K,INF174K01ZP8
24672,SDL AS 6.79% 2045,IN1220250022
24673,SDL AS 6.75% 2040,IN1220250014
24720,SDL SK 7.66% 2033,IN3020220056
24766,SDL SK 7.75% 2033,IN3020220064
24805,ALUWIND INFRA-TECH LTD,INE0STM01017
24820,JUPITER INFOMEDIA LTD.,INE524N01014
24825,A B INFRABUILD LIMITED,INE00YB01025
24831,HEIDELBERGCEMENT INDIA LTD.,INE578A01017
24919,835GUJ2028,IN1520170227
24925,MAHENDRA REALTO & INFRA L,INE632Q01018
24951,W.H.BRADY & CO.LTD.,INE855A01019
24958,SDL HP 7.87% 2034,IN1720220103
24963,J&KBL-10.50%-PERPETUAL-PVT,INE168A08061
24968,ANIRIT VENTURES LIMITED,IN9161F01019
24975,Halder Venture Limited,INE115S01010
24993,UNO MINDA LIMITED,INE405E01023
25004,823GUJ2028,IN1520170219
25012,JKBL-9.50%-30-03-32-PVT,INE168A08079
25014,JKBL-9.75%-30-12-32-PVT,INE168A08087
25032,364T221026,IN002025Z302
25033,SDL HP 7.84% 2037,IN1720220137
25034,SDL HP 7.85% 2036,IN1720220129
25035,722KASDL32,IN1920240299
25036,SDL HP 7.57% 2032,IN1720220145
25037,COMFORT INTECH LTD.,INE819A01049
25054,SDL HP 7.87% 2035,IN1720220111
25059,LLOYDS ENTERPRISES LTD,INE080I01025
25076,364T191126,IN002025Z344
25077,SDL HP 7.7% 2038,IN1720220178
25084,SDL SK 7.82% 2032,IN3020220015
25086,MASFL-9.57%-21-6-27-PVT,INE348L07209
25110,364T121126,IN002025Z336
25113,Pavna Industries Limited,INE07S101038
25114,BHARAT SEATS LTD.,INE415D01024
25115,SDL SK 7.45% 2032,IN3020220023
25119,364TB61126,IN002025Z328
25122,MFSL-8.45%-28-5-26-PVT,INE348L07233
25129,SDL HP 7.63% 2037,IN1720220152
25136,SDL SK 7.85% 2032,IN3020220031
25139,PROCAL ELECTRONICS INDIA LTD.,INE700B01015
25143,NILA INFRASTRUCTURES LTD.,INE937C01029
25157,SDL HP 7.7% 2036,IN1720220160
25159,MFSL-8.35%-18-4-26-PVT,INE348L07225
25170,364T291026,IN002025Z310
25181,SDL SK 7.82% 2032,IN3020220049
25183,MFSL-28-2-26-PVT,INE348L07217
25193,SDL AS 7.62% 2046,IN1220250162
25206,Blue Pearl Agriventures Limite,INE439N01031
25207,Ashika Credit Capital Ltd.,INE094B01013
25208,SDL AS 7.65% 2038,IN1220250154
25209,HALDER VENTURE LIMITED,INE115S01010
25216,ECL-9.25%-22-3-28-NCD,INE528S07128
25222,ECL-8.88%-22-3-28-NCD,INE528S07110
25229,ROBUST HOTELS LIMITED,INE508K01013
25235,IIT-7.49%-27-09-28-INVITS,INE219X07488
25236,BRIGHTCOM GROUP LIMITED,INE425B01027
25237,715KRSDL36,IN1920240091
25238,VARDHMAN SPC STEEL LTD,INE050M01012
25239,IIT-7.80%-27-03-47-INVITS,INE219X07470
25249,71KARSDL35,IN1920240083
25251,IIT-7.58%-27-03-47-INVITS,INE219X07496
25256,IGT-7.88%-27-4-29-INVIT,INE219X07447
25278,IGT-7.88%-30-4-29-INVIT,INE219X07439
25293,DKGFSPL-12.35%-26-3-28-PVT,INE179P07589
25296,GS06NOV64,IN001164C010
25304,IGT-7.75%-31-8-28-INVIT,INE219X07462
25305,ESPL-10.70%-6-8-27-PVT,INE01YL07391
25306,HEIDELBERGCEMENT (I) LTD,INE578A01017
25312,DKGFSPL-11%-18-7-27-PVT,INE179P07597
25317,SDL AS 7.63% 2035,IN1220250105
25328,IGT-7.87%-24-2-27-INVITS,INE219X07454
25331,PIL-7.96%-11-3--29-PVT,INE01XX07034
25334,ESPL-10.70%-5-3-27-PVT,INE01YL07383
25335,GS22OCT40,IN001040C038
25339,ASTRAL LIMITED,INE006I01046
25343,PIL-7.96%-11-3-28-PVT,INE01XX07042
25344,SDL AS 7.59% 2039,IN1220250121
25346,PIL-7.96%-11-3-27-PVT,INE01XX07059
25347,SDL AS 7.47% 2045,IN1220250113
25348,ECL-10.40%-18-3-27-PVT,INE528S07169
25352,SDL AS 7.57% 2036,IN1220250147
25362,IGT-7.84%-24-8-30-INVIT,INE219X07413
25368,SDL AS 7.56% 2045,IN1220250139
25411,759CG2029,IN0020150069
25443,GS06MAY47,IN000547C017
25452,773CG2034,IN0020150051
25462,GS19SEP2035,IN000935C048
25465,RAJRATAN GLOBAL WIRE LTD.,INE451D01029
25509,IIT-6.40%-31-03-34-INvIT,INE219X07504
25553,772CG2055,IN0020150077
25560,ESPL-10.50%-9-3-28-PVT,INE01YL07417
25561,HINDUSTHAN UDYOG LTD.,INE582K01018
25588,788CG2030,IN0020150028
25601,DKGFSPL-10%-19-9-27-PVT,INE179P07530
25607,Chemiesynth (Vapi) Limited,INE829R01018
25614,DKGFSPL-11%-27-12-26-PVT,INE179P07548
25646,813CG2045,IN0020150044
25676,FABTECH TECHNOLOGIES CLEANROOM,INE0HSD01011
25682,SADHANA NITROCHEM LTD.,INE888C01040
25683,SARLA PERFORMANCE FIBERS LTD.,INE453D01025
25702,364TB21127,IN002025Z427
25719,364TB15127,IN002025Z419
25720,ANDHRA PAPER LIMITED,INE435A01051
25749,364TB70127,IN002025Z401
25818,ESPL-10.70%-08-01-28-PVT,INE01YL07409
25836,GS06MAY72,IN000572C015
25861,712KASDL36,IN1920240133
25903,NORTH EASTERN CARRYING CORPORA,INE553C01016
25928,INDIA NIPPON ELECTRICALS LTD.,INE092B01025
25951,WHEELS INDIA LTD,INE715A01015
25958,Avi Polymers Ltd.,INE897N01014
25959,GS12DEC2040,IN001240C034
25960,LFL-30-12-26-CP,INE090W14218
25961,Bandhan Mutual Fund,INF194KB1KI9
25962,Bandhan Mutual Fund,INF194KB1KJ7
25966,ELANGO INDUSTRIES LTD.,INE594D01018
25972,NFL-12.8%-27-7-26-PVT,INE480D07017
25976,Veranda Learning Solutions Lim,INE0IQ001011
25987,LIPPI SYSTEMS LTD.,INE845B01018
25988,HIND RECTIFIERS LTD.,INE835D01023
25989,SUNFLAG IRON AND STEEL CO,INE947A01014
26000,SHIVA TEXYARN LTD.,INE705C01020
26022,SHYAM DHANI INDUSTRIES L,INE1CRP01016
26027,SDL RJ 7.18% 2029,IN2920190294
26028,SHANKAR LAL RAMPAL LTD,INE01NE01012
26037,ASHAPURA MINECHEM LTD,INE348A01023
26043,DKGFSL-10%-19-9-27-PVT,INE179P07464
26045,MANGAL ELECTRICAL INDUSTRIES L,INE0PKD01011
26065,DELPHI WORLD MONEY LTD,INE726L01019
26069,IGIT-7.3450%-31-7-47-INVIT,INE219X07579
26088,IGIT-7.07%-20-6-30-InvIT,INE219X07520
26091,R.R.SECURITIES LTD.,INE474H01014
26107,IIT-7.04%-27-09-28-TRUST,INE219X07512
26110,IGIT-7.28%-20-6-35-InvIT,INE219X07546
26111,TATA CAPITAL LIMITED,INE976I01016
26121,IGIT-7.01%-20-6-29-InvIT,INE219X07538
26163,LLOYDS ENTERPRISES LIMITED,INE080I01025
26182,INDIAN HUME PIPE CO.LTD.,INE323C01030
26241,BLB LIMITED,INE791A01024
26257,EEL-8.73%-7-6-27-PVT,INE406M08029
26277,ZENSAR TECHNOLOGIES LTD.,INE520A01027
26306,PRIME CAPITAL MARKET LTD.,INE748D01010
26313,BAMPSL SECURITIES LTD.,INE802A01037
26328,HUBTOWN LIMITED,INE703H01016
26330,THE P K TEA PROD CO LTD,INE431F01018
26353,APIS INDIA LTD.,INE070K01014
26361,ELL-8.73%-7-12-26-PVT,INE406M08011
26364,GOI STRIPS C 220250,IN000250C018
26398,NAMAN INDUSTRE PRXIMA LTD,INE0RJM01010
26413,GAYATRI PROJECTS LTD,INE336H01023
26422,708KASDL34,IN1920240067
26437,ELECTRO FORCE (INDIA) LTD,INE0Q1W01012
26442,SE RE NCD 8.84% SR.VI OP1,INE027E07980
26462,SERENCD 8.98% SR.VI OP2,INE027E07998
26480,ORIENT TRADELINK LTD.,INE681D01039
26483,SE RE NCD 9.20% SR.V OP1,INE027E07964
26486,R R KABEL LIMITED,INE777K01022
26491,SE RE NCD 9.35% SR.V OP2,INE027E07972
26506,KEC INTERNATIONAL LTD.,INE389H01022
26513,LYKIS LIMITED,INE624M01014
26532,SBI LIFE INSURANCE CO LTD,INE123W01016
26537,KOTAKMAMC - KTKNV20ETF,INF174K01Z71
26550,SDL ML 7.4% 2027,IN2420220062
26558,SDL ML 7.49% 2027,IN2420220070
26573,ACCRETION PHARMA LIMITED,INE0T8T01010
26579,783TNSDL42,IN3120220196
26580,ONE MOBIKWIK SYSTEMS LTD,INE0HLU01028
26581,Trishakti Industries Limited,INE238C01022
26582,JMFPL-8.65%-13-7-32-PVT,INE523H07BT3
26583,AFPL-30-07-26-PVT,INE0BNQ07139
26584,SDL UK 7.11% 2030,IN3620190089
26585,SDL UK 7.04% 2030,IN3620190097
26586,AFPL-12.90%-31-03-27-PVT,INE0BNQ07147
26587,SDL ML 7.39% 2026,IN2420220054
26591,PRIME PROPERTY DEVELOPMENT COR,INE233C01023
26592,SDL UK 7.17% 2029,IN3620190063
26594,656ADRSDL31,IN1020200235
26598,AFPL-11.15%-30-6-27-PVT,INE0BNQ07154
26599,SDL ML 7.78% 2031,IN2420220021
26600,SHLOKKA DYES LIMITED,INE1EUB01016
26603,MAHA RASHTRA APEX COPR. L,INE843B01013
26605,SDL UK 7.29% 2029,IN3620190071
26609,PARMESHWAR METAL LIMITED,INE0QQJ01021
26610,JMFPL-8.30%-7-2-30-NCD,INE523H07BQ9
26611,VICEROY HOTELS LIMITED,INE048C01025
26612,JMFPL-7.91%-7-10-26-NCD,INE523H07BP1
26613,Kross Limited,INE0O6601022
26614,SDL ML 7.8% 2031,IN2420220013
26615,CHANDRA PRABHU INTERNATIONAL L,INE368D01025
26616,KHFM HOS FAC MANA SER LTD,INE00UG01014
26627,TCL 6.77% 2028,INE151A08356
26628,ELECTRONICS MART IND LTD,INE02YR01019
26631,ABCL 8.03% 2033 SR SC1,INE860H08EI4
26664,JMFPL-8.5%-16-7-31-PVT,INE523H07BM8
26668,Pritika Auto Industries Limite,INE583R01029
26709,TEAM INDIA GUARANTY LIMITED,INE289C01025
26722,SDL RJ 7.14% 2030,IN2920190385
26738,JMFPL-8.20%-7-10-26-NCD,INE523H07BO4
26740,764TMN32,IN3120220105
26769,SDL RJ 7.03% 2030,IN2920190393
26786,770TMSDL42,IN3120220154
26794,SDL RJ 7.18% 2030,IN2920190369
26818,SILGO RETAIL LTD,INE01II20021
26826,JMFPL-8.65%-3-12-30-PVT,INE523H07BH8
26828,Archean Chemical Industries Li,INE128X01021
26829,BIRLA CABLE LIMITED,INE800A01015
26845,760TMN32,IN3120220139
26852,TATA CONSUMER PRODUCT LTD,INE192A01025
26865,SDL RJ 7.27% 2030,IN2920190344
26866,IRIS REGTECH SOLUTION LTD,INE864K01010
26870,JFP-8.81%-12-3-31-PVT,INE523H07BK2
26877,STARLINEPS ENTERPRISES LIMITED,INE594W01042
26891,761TNSDL32,IN3120220147
26892,NEELAMALAI AGRO INDUSTRIES LTD,INE605D01012
26899,JFP-8.75%-12-2-31-PVT,INE523H07BJ4
26900,JAKHARIA FABRIC LIMITED,INE00N401018
26904,Zodiac Energy Limited,INE761Y01019
26933,7.95% GOI 2032,INY020020106
26942,SDL RJ 7.15% 2030,IN2920190328
26962,SDL RJ 7.17% 2030,IN2920190336
26981,THANGAMAYIL JEWELLERY LTD,INE085J01014
26994,SDL RJ 7.27% 2029,IN2920190302
27047,JMFPL-8.92%-16-11-26-PVT,INE523H07CB9
27048,JSW ENERGY LTD,INE121E01018
27059,SYNGENE INTERNATIONAL LTD,INE398R01022
27064,AVANTEL LIMITED,INE005B01027
27085,BMW VENTURES LIMITED,INE965W01036
27115,AIK Pipes and Polymers Limited,INE0QFT01015
27139,JMFPL-9.1%-4-1-27-PVT,INE523H07CC7
27147,TAX FREE7.50% SR.104 A,INE053F07843
27175,GOI TBILL 91D-09/04/26,IN002025X406
27221,PPAP,INE095I01015
27231,JMFPL-8.9995%-8-12-26-PVT,INE523H07CA1
27238,TAX FREE 7.04% SR. 107,INE053F07876
27257,HATHWAY BHAWANI CABLETEL & DAT,INE525B01016
27270,JFPL-8.90%-24-12-26-PVT,INE523H07BY3
27277,TAX FREE  7.28% SR. 103,INE053F07801
27343,TAX FREE  7.25% SR. 104,INE053F07819
27371,AFPL-10.90%-30-09-26-PVT,INE0BNQ07113
27376,GOI TBILL 91D-23/04/26,IN002025X422
27388,TAX FREE  7.53% SR. 103 A,INE053F07835
27400,FALCON TECHNOPROJ IND LTD,INE0PQK01013
27413,QUICK HEAL TECH LTD,INE306L01010
27418,GOI TBILL 91D-17/04/26,IN002025X414
27420,AFPL-10.9%-17-12-26-PVT,INE0BNQ07121
27459,GOI TBILL 91D-05/03/26,IN002025X364
27469,HDBFSL-7.3274%-4-8-28-PVT,INE756I07FJ9
27484,APOLLO TECHNO INDUSTRIES LIMIT,INE0X4A01013
27485,GOI TBILL 91D-26/02/26,IN002025X356
27486,HDBFSL-7.33%-04-10-30-PVT,INE756I07FK7
27489,HDBFSL-7.41%-05-06-28-PVT,INE756I07FG5
27502,GOI TBILL 91D-19/02/26,IN002025X349
27508,HDBFSL-7.18%-22-09-28-PVT,INE756I07FH3
27525,GOI TBILL 91D-12/02/26,IN002025X331
27527,NTPC 6.89% 2035 SR 84,INE733E08288
27528,HDBFSL-ZC-04-10-28-PVT,INE756I07FI1
27535,TAX FREE  7.35% SR. 108,INE053F07884
27575,TAX FREE  7.29% SR. 107A,INE053F07892
27578,MOTILAL OSWAL MUTUAL FUND,INF247L01536
27588,GOI TBILL 91D-27/03/26,IN002025X398
27597,NTPC 7.26% 2040 SR 82,INE733E08262
27600,JMFPL-ZC-11-9-26-NCD,INE523H07AQ1
27613,GOI TBILL 91D-19/03/26,IN002025X380
27629,GOI TBILL 91D-12/03/26,IN002025X372
27672,SDL UK 7.06% 2030,IN3620190113
27684,SDL UK 6.88% 2030,IN3620190121
27693,BFL-8.90%-III-18-3-26-PVT,INE296A07KD6
27714,763TNSDL47,IN3120220212
27723,ARTEMIS MED SERVICE LTD,INE025R01021
27730,JSL-8.35%-30-8-29-PVT,INE019A07464
27744,VARDHAMAN ACRYLICS LTD,INE116G01013
27745,JSL-8.43%-29-8-31-PVT,INE019A07456
27746,SDL UK 6.9% 2030,IN3620190105
27747,Octavius Plantations Limited,INE117S01016
27767,JSL-8.76%-2-5-31-PVT,INE019A07449
27768,MODERN DAIRIES LTD.,INE617B01011
27773,SDL RJ 7.88% 2032,IN2920190484
27774,ZENITH EXPORTS LTD.,INE058B01018
27788,762TAMSDL43,IN3120220287
27810,JSWSL-8.90%-22-1-30-PVT,INE019A07423
27814,SDL UK 7.10% 2030,IN3620190139
27815,M.P.AGRO INDUSTRIES LTD.,INE468C01017
27818,SDL RJ 7.45% 2030,IN2920190468
27828,JSL-8.79%-18-10-29-PVT,INE019A07415
27836,757TAMSDL33,IN3120220261
27837,SDL UK 7.45% 2030,IN3620190147
27845,SDL UK 7.35% 2030,IN3620190154
27849,AGARWAL FORTUNE INDIA LIMITED,INE510B01018
27851,SDL RJ 7.3% 2030,IN2920190476
27873,HDBFSL-8.2378%-6-4-27-PVT,INE756I07EX3
27880,SDL RJ 6.84% 2030,IN2920190443
27889,RPL-8%-30-6-35-PVT,INE614G07089
27895,JFPL-9.57%-16-3-30-NCD,INE523H07BC9
27896,HDBFSL-8.33%-10-5-27-PVT,INE756I07EY1
27900,SDL RJ 7.08% 2030,IN2920190450
27915,TAX FREE  7.64% SR. 108A,INE053F07900
27933,SDL RJ 7.04% 2030,IN2920190427
27955,HDB-8.1293%-16-11-28-PVT,INE756I07EW5
27956,DELPHI WORLD MONEY LIMITED,INE726L01019
27962,UNITED DRILLING TOOLS LTD,INE961D01019
27967,SDL RJ 6.97% 2030,IN2920190401
27972,780TNSDL42,IN3120220204
27987,SHRI VASUPRADA PLANTATIONS LIM,INE574G01013
27995,HDB-8.34%-5-7-27-PVT,INE756I07EZ8
27998,BAJAJ HOLDINGS & INVS LTD,INE118A01012
27999,GGIAL-10%-27-9-43-PVT,INE735X08051
28000,Prevest Denpro Limited,INE0GAO01018
28001,JFPL-10%-16-3-30-NCD,INE523H07BB1
28002,AJWA FUN WORLD & RESORT LTD.,INE863E01015
28019,HDBFSL-8.33%-6-8-27-PVT,INE756I07FA8
28034,SHALBY LIMITED,INE597J01018
28036,Swan Corp Limited,INE665A01038
28040,KAUSHALYA INFRA DEV LTD.,INE234I01028
28045,HDBFSL-7.9611%-5-1-28-PVT,INE756I07FB6
28062,IIFCLBDIS3,INE787H07032
28101,IIFCLBDIS4,INE787H07040
28140,941IIFCL37A,INE787H07057
28147,VESUVIUS INDIA LTD.,INE386A01023
28202,936IIFCL42B,INE787H07065
28207,ARIHANT FOUNDATIONS & HOUSING,INE413D01011
28209,GOI TBILL 91D-06/02/26,IN002025X323
28212,BRIGHTCOM GROUP LIMITED,INE425B01027
28213,TITAGARH RAIL SYSTEMS LIMITED,INE615H01020
28223,HDBFSL-7.41%-04-06-30-PVT,INE756I07FF7
28251,PAN ELECTRONICS INDIA LTD.,INE648E01010
28253,738IIFCL27,INE787H07081
28257,HDBFSL-7.65%-05-05-28-PVT,INE756I07FC4
28282,HFSL-7.61%-6-5-30-PVT,INE756I07FD2
28292,741IIFCL32,INE787H07099
28305,HFSL-7.55%-4-4-29-PVT,INE756I07FE0
28310,ARPL-16.75%-30-04-30-PVT,INE1SYK07016
28312,IREDA 8.55NCDTR I SR IIIA,INE202E07146
28326,7.34 NCD 19FEB28 TR1 SR2,INE053F07579
28328,Shalby Limited,INE597J01018
28335,IREDA 8.80NCDTR I SR IIIB,INE202E07153
28341,ASARFI HOSPITAL LIMITED,INE0DN001027
28350,SDL HP 7.59% 2038,IN1720220194
28394,BOND 7.04% PA TAX FREE S2,INE053F07595
28402,WARREN TEA LTD.,INE712A01012
28420,TEXMACO RAIL & ENGINEERING LTD,INE621L01012
28430,Nuvama Wealth Management Limit,INE531F01023
28436,BOND 8.10% PA TAX FREE S2,INE053F07538
28458,ECOLINE EXIM LIMITED,INE0VBS01016
28478,741IIFCL32C,INE787H07123
28481,CAPRICORN SYSTEMS GLOBAL SOLUT,INE968E01012
28489,738IIFCL27B,INE787H07115
28514,SECIL 7.14% 2035 SR 1,INE054008011
28523,BFL-8.80%-31-03-26-PVT,INE296A07KW6
28542,AX25-11.70%-20-8-26-PTC,INE2G1D15012
28561,GS22APR48,IN000448C026
28600,SIZEMASTERS TECHNOLOGY LIMITED,INE235U01012
28614,GUJARAT RAFFIA INDUSTRIES LTD.,INE610B01024
28648,VIPUL LIMITED,INE946H01037
28702,TGV SRAAC Limited,INE284B01028
28718,SUPERTEX INDUSTRIES LTD.,INE881B01054
28746,UNITED HEAT TRANSFER LTD,INE0SMR01011
28747,PRANIK LOGISTICS LIMITED,INE0VJG01014
28758,IREDA 8.55NCDTR I SR II A,INE202E07120
28791,BLUE WATER LOGISTICS LTD,INE0X3M01010
28798,IREDA 8.80NCDTR I SR II B,INE202E07138
28811,EFL-13%-28-6-29-PVT,INE612U08041
28812,GARWARE MARINE INDUSTRIES LTD.,INE925D01014
28813,QUEST LABORATORIES LTD,INE0TNW01017
28814,GRAVITA INDIA LTD.,INE024L01027
28815,INDO RAMA SYNTHETICS LTD,INE156A01020
28826,BFL-8.90%-23-3-26-PVT,INE296A07KJ3
28827,BARODABNP - BBNPPGOLD,INF251K01SU9
28828,KESAR PETROPRODUCTS LTD.,INE133C01033
28841,ATLANTAA LIMITED,INE285H01022
28842,SDL HP 7.76% 2033,IN1720220210
28853,JMTL-ZC-30-4-30-PVT,INE02PE08036
28879,BANARAS BEADS LTD.,INE655B01011
28880,EFL-12.90%-26-9-29-PVT,INE612U08058
28894,GRAPHITE INDIA LTD,INE371A01025
28896,SDL HP 7.72% 2031,IN1720220202
28898,PERMANENT MAGNETS LTD.,INE418E01018
28899,EFL-11.25%-16-7-31-PVT,INE612U08066
28913,Viram Suvarn Limited,INE607V01028
28923,SDL CG 7.08% 2030,IN3520190064
28928,N.D.METAL INDUSTRIES LTD.,INE643D01013
28946,740IIFCL33,INE787H07156
28957,SDL CG 7.11% 2030,IN3520190072
28960,736IIFCL28,INE787H07149
28961,K. V. TOYS INDIA LIMITED,INE1IE301018
28962,BFL-8.80%-30-3-26-PVT,INE296A07KU0
28988,SDL HP 7.79% 2038,IN1720220236
28991,SDL HP 7.75% 2032,IN1720220228
28999,SDL CG 7.59% 2030,IN3520190080
29018,702IIFCL28,INE787H07172
29022,PAUSHAK LIMITED,INE111F01024
29024,SDL CG 7.35% 2030,IN3520190098
29029,708IIFCL33,INE787H07180
29031,GS25NOV39,IN001139C020
29035,BCC FUBA INDIA LTD.,INE788D01016
29036,826IIFCL28A,INE787H07198
29037,Gleam Fabmat Limited,INE03CM01014
29038,PFL-7.96%-20-9-27-PVT,INE641O07144
29039,KALANA ISPAT LIMITED,INE0T0L01014
29050,GS06NOV39C,IN001139C012
29061,BOND 8.65% PA TF TI-SIIB,INE053F07686
29089,GS22AUG34C,IN000834C027
29109,V07T-9.75%-20-7-30-PTC,INE0UQJ15015
29110,GK ENERGY LIMITED,INE1AG301022
29138,819IIFCL33B,INE787H07206
29153,PAUSHAK LTD.,INE111F01024
29160,WENDT (INDIA) LIMITED,INE274C01019
29165,837IIFCL33C,INE787H07222
29177,846IIFCL28B,INE787H07214
29180,MEESHO LIMITED,INE0VDM01015
29187,ABC-9.10%-10-3-26-PVT,INE860H08DQ9
29203,Choice Mutual Fund,INF2KCX01012
29205,SDL CG 7.18% 2027,IN3520190031
29206,ABCL-9.10%-10-3-26-PVT,INE860H08DR7
29223,BOND 8.40% PA TF TI-SIIA,INE053F07660
29227,ABCL-9.10%-6-3-26-PVT,INE860H08DP1
29236,848IIFCL28B,INE787H07255
29238,SDL CG 7.17% 2030,IN3520190049
29244,Chiraharit Limited,INE12P101018
29245,SDL CG 7.18% 2030,IN3520190056
29246,TATA POWER CO.LTD.,INE245A01021
29248,BHGCDPL-10.81%-31-1-28-PVT,INE755L07023
29281,BHGCPL-10.81%-31-1-28-PVT,INE755L07015
29284,LAHOTI OVERSEAS LTD.,INE515C01023
29306,ICDS LTD,INE613B01010
29378,7.74% TAX FREE NCD,INE202E07229
29381,JSL-10-2-26-CP,INE324A14985
29474,MONIND LIMITED,INE407E01029
29488,WXTL-7.84%-30-9-44-PVT,INE0BJR08026
29493,M P K STEELS (I) LIMITED,INE1PJP01015
29520,WXTL-7.70%-31-3-43-PVT,INE0BJR08018
29525,Share Samadhan Limited,INE0LY301010
29534,SILLY MONKS ENTERTAIN LTD,INE203Y01012
29570,VESUVIUS INDIA LTD,INE386A01023
29572,VIPUL LTD.,INE946H01037
29573,LIC HOUSING FINANCE LTD.,INE115A01026
29576,STANLEY LIFESTYLES LIMITED,INE01A001028
29586,Atvo Enterprises Limited,INE219M01021
29632,BFL-8.64%-3-7-26-PVT,INE296A07LG7
29712,CORAL INDIA FINANCE & HOUSING,INE558D01021
29714,TAMILNAD MERCA BANK LTD,INE668A01016
29717,BOND 8.63% PA TF TII-SIIA,INE053F07728
29737,AVANTI FEEDS LIMITED,INE871C01038
29763,UTKARSH SMALL FINANCE BANK LIM,INE735W01017
29765,BOND 8.88% PA TF TII-SIIB,INE053F07744
29771,838IIFCL28,INE787H07289
29773,ABCL 8.31% 2034 SR SA1,INE860H08EL8
29788,863IIFCL28,INE787H07297
29798,VICEROY HOTELS LTD.,INE048C01025
29802,GFL LIMITED,INE538A01037
29807,VENMAX DRUGS AND PHARMACEUTICA,INE154G01022
29809,ALACRITY SECURITIES LTD,INE030P01017
29850,VCL-22-4-26-CP,INE01HV14AC7
29870,SHREEOSWAL S AND CHE LTD,INE00IK01029
29872,SDL TN 7.75% 2032,IN3120220113
29895,VCL-30-1-26-CP,INE01HV14AD5
29896,850IIFCL33,INE787H07305
29897,SDL TN 7.93% 2042,IN3120220121
29927,VCL-13-4-26-CP,INE01HV14AA1
29940,875IIFCL33,INE787H07313
29972,NHB 7.59% 2027,INE557F08FZ1
29983,SDL TN 7.64% 2032,IN3120220105
29984,SIGNORIA CREATION LIMITED,INE0RDE01010
29993,SCL-8.43%-22-2-28-PVT,INE148I07IQ8
29995,P. B. Films Limited,INE212Q01019
29996,848IIFCL29B,INE787H07339
29997,MOTILALAMC - MOINFRA,INF247L01FL1
29998,NHB 7.20% 2031,INE557F08GB0
29999,SDL TN 7.7% 2042,IN3120220154
30014,SCL-8.43%-23-2-28-PVT,INE148I07IR6
30017,VCL-25-6-26-,INE01HV14AH6
30018,Manomay Tex India Limited,INE784W01015
30021,NHB 7.14% 2034,INE557F08GA2
30024,866IIFCL34D,INE787H07347
30025,VCL-15-06-26-CP,INE01HV14AI4
30026,Max India Limited,INE0CG601016
30029,AHLUWALIA CONTRACTS (INDIA) LT,INE758C01029
30030,G.K.CONSULTANTS LTD.,INE131D01019
30044,VCL-25-2-26-CP,INE01HV14AE3
30049,873IIFCL29C,INE787H07362
30051,SDL TN 7.6% 2032,IN3120220139
30053,VCL-23-2-26-CP,INE01HV14AF0
30075,891IIFCL34,INE787H07370
30080,MOTILALAMC - MOMGF,INF247L01FK3
30087,SDL TN 7.61% 2032,IN3120220147
30089,NHB 7.83% 2027,INE557F08FU2
30105,NHB 7.57% 2031,INE557F08FT4
30106,SDL BR 7.48% 2039,IN1320250062
30114,729TMSDL54,IN3120240194
30115,SDL BR 7.43% 2055,IN1320250054
30124,Artemis Electricals and Projec,INE757T01025
30125,SDL BR 7.22% 2040,IN1320250047
30136,SDL BR 7.01% 2037,IN1320250039
30141,MOTILALAMC - MONEXT50,INF247L01FD8
30145,NHB 7.59% 2027,INE557F08FY4
30155,AVANTEL LTD.,INE005B01027
30164,SoftTech Engineers Limited,INE728Z01015
30173,NHB 7.51% 2031,INE557F08FX6
30193,TEAM INDIA GUARANTY LTD,INE289C01025
30202,SDL BR 7.02% 2030,IN1320250096
30212,SDL BR 7.54% 2033,IN1320250088
30225,NHB 7.78% 2027,INE557F08FV0
30230,ZEE ENTERTAINMENT ENTERPRISES,INE256A01028
30239,SDL BR 7.24% 2031,IN1320250070
30241,MOTILALAMC - MON50EQUAL,INF247L01FC0
30243,BASF INDIA LTD,INE373A01013
30246,Brilliant Portfolios Ltd.,INE661F01010
30249,GOCL CORPORATION LIMITED,INE077F01035
30251,BFL-8.05%-23-09-26-PVT,INE296A07MO9
30266,727TNSDL54,IN3120240129
30267,MPL PLASTICS LTD.,INE343A01016
30268,SHRADHA INFRAPROJECTS LTD,INE715Y01031
30269,RATHI STEEL & POWER LTD.,INE336C01016
30271,739TNSDL32,IN3120240111
30277,INFRONICS SYSTEMS LTD,INE463B01036
30297,RAMCO SYSTEMS LTD.,INE246B01019
30302,SCNL-11.77%-30-3-26-PVT,INE836B07642
30303,ADITYA BIRLA CAPITAL LTD.,INE674K01013
30312,MOTILALAMC - MOCAPITAL,INF247L01EV3
30314,ANDHRA SUGARS LTD.,INE715B01021
30322,SAHARA HOUSINGFINA CORPORATION,INE135C01012
30334,734TMSDL34,IN3120240160
30340,SDL BR 6.90% 2035,IN1320250021
30347,785APSDL37,IN1020220225
30372,SDL BR 6.88% 2035,IN1320250013
30387,KHAITAN CHEM & FERT LTD,INE745B01028
30388,SCNL-11.7702%-6-3-26-PVT,INE836B07634
30392,731TMSDL54,IN3120240145
30397,804APSDL42,IN1020220209
30425,Alexander Stamps And Coin Limi,INE191N01012
30427,HINDUSTAN PETROLEUM CORP,INE094A01015
30430,Quick Heal Technologies Limite,INE306L01010
30449,HINDUSTAN COMPOSITES LTD.,INE310C01029
30471,SDL TN 7.87% 2033,IN3120220071
30512,IIFCL-8.55%-27-3-29-TFBOND,INE787H07396
30514,NHB 6.80% 2032,INE557F08GE4
30521,SDL TN 7.64% 2029,IN3120220089
30522,NRB INDUS. BEARINGS LTD.,INE047O01014
30549,NHB 7.35% 2032,INE557F08GD6
30555,SDL TN 7.81% 2052,IN3120220055
30574,SDL TN 7.65% 2029,IN3120220063
30578,NHB 7.29% 2031,INE557F08GC8
30588,CMI LTD.,INE981B01011
30594,NEELKANTH LIMITED,INE581D01015
30595,NARAYANA HRUDAYALAYA LTD.,INE410P01011
30596,K M SUGAR MILLS LTD,INE157H01023
30597,CHOICEAMC - CHOICEGOLD,INF2KCX01012
30598,795APSDL40,IN1020220290
30603,KAYCEE INDUSTRIES LTD.,INE813G01023
30605,TIMEX GROUP INDIA LTD.,INE064A01026
30613,SCNL-12.30%-16-1-27-PVT,INE836B07683
30614,SDL TN 7.8% 2032,IN3120220097
30618,VINATI ORGANICS LTD,INE410B01037
30622,Syngene International Limited,INE398R01022
30627,SSRHPL-16%-31-12-26-PVT,INE301V07041
30641,CHD Chemicals Limited,INE043U01010
30642,IIFCL-8.8%-27-3-29-TFBOND,INE787H07420
30643,GS15OCT38C,IN001038C040
30649,CENTUM ELECTRONICS LTD.,INE320B01020
30650,MOTILALAMC - MOSERVICE,INF247L01GJ3
30658,MOTILALAMC - MOMNC,INF247L01GK1
30661,SUN PHARMA ADV.RES.CO.LTD,INE232I01014
30662,IIFCL-8.8%-27-3-24-TFBOND,INE787H07438
30663,ABATE AS INDUSTRIES LIMITED,INE454E01013
30667,RASI ELECTRODES LTD.,INE822D01021
30669,MOTILALAMC - MOENERGY,INF247L01GH7
30675,GS22OCT38,IN001038C032
30677,NTPC LTD.,INE733E01010
30678,804APSDL41,IN1020220191
30682,MOTILALAMC - MOIPO,INF247L01GI5
30693,SDL TN 7.94% 2032,IN3120220030
30697,GOI LOAN 7.40% 2035,IN0020050012
30704,Blue Cloud Softech Solutions L,INE373T01047
30705,ASTRAZENECA PHARMA IND LT,INE203A01020
30706,SDL TN 7.84% 2052,IN3120220048
30707,Tata Capital Limited,INE976I01016
30713,UTI Mutual Fund,INF789F1AUW9
30715,VA TECH WABAG LTD.,INE956G01038
30716,SDL TN 7.8% 2032,IN3120220014
30729,UTI MUTUAL FUND - UTI GOLD EXC,INF789F1AUX7
30732,SDL TN 7.99% 2042,IN3120220022
30735,NOIDA TOLL BRIDGE CO LTD,INE781B01015
30738,CARE RATINGS LIMITED,INE752H01013
30743,BARODABNP - BBNPNBETF,INF251K01TL6
30747,UTI BSE  Sensex Next 50 ETF,INF789F1AUU3
30755,UTI Mutual Fund,INF789F1AUV1
30759,GK ENERGY LIMITED,INE1AG301022
30830,ORISSA MIN DEV CO LTD,INE725E01024
30835,ACCORD SYNERGY LIMITED,INE113X01015
30836,SCL-8.03%-8-9-27-PVT,INE148I07HX6
30838,MOTILALAMC - MONIFTY100,INF247L01GG9
30865,IIFCL-8.55%-27-3-34-TFBOND,INE787H07404
30867,ELDECO HOUSING & INDUSTRIES LT,INE668G01021
30882,MOTILALAMC - MOGOLD,INF247L01FY4
30885,PILANI INV & IND COR LTD,INE417C01014
30904,IPCA LABORATORIES LTD.,INE571A01038
30907,GS06NOV62,IN001162C014
30914,MOTILALAMC - MOSILVER,INF247L01FZ1
30924,MANGALAM GLOBAL ENTERPRISE LIM,INE0APB01032
30926,ACCELYA SOLUTIONS INDIA LIMITE,INE793A01012
30945,The Indian Wood Products Co. L,INE586E01020
30963,RAFALE-11.50%-17-5-28-PTC,INE2NN915016
30971,ICICI Prudential Mutual Fund,INF109KB15Y7
30987,PONNI SUGARS (ERODE) LTD.,INE838E01017
31054,NHPCL-6.86%-06-05-32-PVT,INE848E08359
31098,NHPCL-6.86%-06-05-31-PVT,INE848E08367
31114,FINE-LINE CIRCUITS LTD.,INE087E01011
31117,OPAL-8.39%-28-6-27-PVT,INE163N08313
31139,KANORIA CHEMICALS & INDUS,INE138C01024
31140,NHPCL-6.40%-12-8-27-PVT,INE848E08375
31147,RAJASTHAN PETRO SYNTHETICS LTD,INE374C01017
31149,SBI Life Insurance Company Lim,INE123W01016
31153,INCON ENGINEERS LTD.,INE507D01010
31167,OPAL-6.99%-30-10-30-PVT,INE163N08321
31171,B-RIGHT REALESTATE LIMITED,INE0IZQ01016
31174,GANESH GREEN BHARAT LTD,INE0R8C01018
31181,Athena Constructions Limited,INE291R01011
31182,MOTILALAMC - MOMIDMTM,INF247L01FQ0
31183,MOTILALAMC - MOTOUR,INF247L01FP2
31185,NHPCL-6.86%-06-05-37-PVT,INE848E08318
31187,ARIS INTERNATIONAL LTD.,INE588E01026
31196,LUX INDUSTRIES LIMITED,INE150G01020
31197,NHPCL-6.86%-06-05-38-PVT,INE848E08326
31201,771APSDL32,IN1020220134
31212,BHUDEVI INFRA PROJECTS LIMITED,INE432N01010
31219,Concord Biotech Limited,INE338H01029
31224,NHPCL-6.86%-06-05-39-PVT,INE848E08334
31246,SURYA ROSHNI LTD,INE335A01020
31247,MOTILALAMC - MOPSE,INF247L01FO5
31250,NHPCL-6.86%-06-05-33-PVT,INE848E08342
31251,763APSDL30,IN1020220118
31264,SBVPL-8%-8-4-29-PVT,INE0I1007011
31265,AGS TRANSACT TECH LTD,INE583L01014
31266,Ceigall India Limited,INE0AG901020
31275,Shine Fashions (India) Limited,INE0BLY01023
31276,ALKOSIGN LIMITED,INE0KA601012
31289,MOTILAL OSWAL MUTUAL FUND - MO,INF247L01023
31297,803APSDL35,IN1020220175
31298,THAKKERS DEVELOPERS LTD.,INE403F01017
31317,MOTILALAMC - MOALPHA50,INF247L01FR8
31320,790APSDL34,IN1020220167
31339,NHPCL-6.86%-06-05-36-PVT,INE848E08300
31341,UTI Mutual Fund,INF789F1ARW5
31342,YES BANK LIMITED,INE528G01035
31349,ITI LTD,INE248A01017
31350,SDL TN 7.67% 2053,IN3120220352
31360,UTI Mutual Fund,INF789F1ARX3
31365,ASHUTOSH PAPER MILLS LTD.,INE723K01018
31366,K-LIFESTYLE & INDUSTRIES LIMIT,INE218A01028
31379,UTI Mutual Fund,INF789F1ARU9
31384,SDL TN 7.56% 2053,IN3120220337
31395,LVJ-12.3%-26-7-29-PTC,INE2GIZ15013
31400,UTI Mutual Fund,INF789F1ARV7
31403,SRI NACHAMMAI COTTON MILLS LTD,INE443E01016
31413,ICFL-5-6-26-CP,INE896L14EZ2
31415,CCL INTERNATIONAL LTD.,INE778E01031
31417,SDL TN 7.57% 2053,IN3120220345
31426,UTI Mutual Fund,INF789F1ARS3
31427,LICH 7.73% 2027 TR 453,INE115A07RE1
31432,UTI Mutual Fund,INF789F1ART1
31438,SCL-ZC-26-9-26-NCDS,INE148I07GN9
31443,LAKSHMI PRECISION SCREWS LTD.,INE651C01018
31450,SUPRIYA LIFESCIENCE LTD,INE07RO01027
31451,UTI Mutual Fund,INF789F1ARQ7
31453,CENTURY PLYBOARDS (I) LTD.,INE348B01021
31457,LICH 7.07% 2030 SR TR455,INE115A07RG6
31459,MT EDUCARE LTD.,INE472M01018
31460,LICH 7.58% 2035 SR 454,INE115A07RF8
31461,UTI Mutual Fund,INF789F1ARP9
31468,FIDEL SOFTECH LIMITED,INE0LQQ01019
31472,LICH 6.90% SR TR 456,INE115A07RH4
31476,UTI Mutual Fund,INF789F1ARR5
31480,SDL TN 7.76% 2053,IN3120220386
31494,ONGC-6.4%-11-4-31-PVT,INE213A08024
31496,UTI Mutual Fund,INF789F1ARO2
31505,ICFL-24-03-26-CP,INE896L14EP3
31512,SURYAAMBA SPINNING MILLS LTD.,INE360J01011
31520,Srestha Finvest Limited,INE606K01049
31522,Vikas EcoTech Limited,INE806A01020
31527,UTI Mutual Fund,INF789F1ARL8
31537,ICFL-18-03-26-CP,INE896L14ER9
31543,UTI Mutual Fund,INF789F1ARN4
31556,UTI Mutual Fund,INF789F1ARM6
31563,UTI Mutual Fund,INF789F1ARK0
31565,SONU INFRATECH LIMITED,INE0JZA01018
31572,UTI Mutual Fund,INF789F1ARJ2
31581,SDL TN 7.53% 2053,IN3120220311
31583,NUVAMA WEALTH MANAGE LTD,INE531F01023
31593,SDL TN 7.69% 2043,IN3120220329
31595,ZENOTECH LABORATORIES LTD.,INE486F01012
31611,UTI Mutual Fund,INF789F1ARH6
31633,KEYNOTE FIN SERV LTD.,INE681C01015
31634,SDL TN 7.55% 2053,IN3120220303
31639,UTI Mutual Fund,INF789F1ARI4
31664,INDOSOLAR LTD.,INE866K01023
31672,UTI Mutual Fund,INF789F1ARF0
31676,LIC 7.74% 2028 TR 445,INE115A07QW5
31690,QGO FINANCE LIMITED,INE837C01013
31700,712TNSDL34,IN3120240350
31706,SDL BR 7.65% 2033,IN1320250211
31711,LICH 7.65% 2031 SR 446,INE115A07QX3
31712,UTI Mutual Fund,INF789F1ARG8
31721,ONYX BIOTEC LIMITED,INE0WVU01018
31733,VADILAL INDUSTRIES LTD.,INE694D01016
31741,SDL BR 7.6% 2037,IN1320250203
31743,LICH 7.57% 2029 SR 447,INE115A07QY1
31747,UTI Mutual Fund,INF789F1ARD5
31754,716TNSDL54,IN3120240335
31765,UTI Mutual Fund,INF789F1ARE3
31770,NIHAR INFO GLOBAL LTD.,INE876E01033
31773,ICICI PRUDENTIAL AMC LTD,INE346A01027
31774,LICH 7.74% 2027 SR 448,INE115A07QZ8
31783,GS19MAR2047,IN000347C038
31785,LHFL 7.9265% 2027 TR 442,INE115A07QS3
31786,OPAL-8.58%-9-11-29-PVT,INE163N08222
31787,LIC 7.8650% 2026 SR 443,INE115A07QT1
31788,LICH 7.75% 2029 SR 444,INE115A07QU9
31789,ICFL-5-2-26-CP,INE896L14EO6
31797,NIIT LEARNING SYSTEMS LTD,INE342G01023
31800,SDL BR 7.65% 2051,IN1320250245
31805,LIC 7.61% 2034 TR 445,INE115A07QV7
31806,SHARDA ISPAT LTD.,INE385M01012
31809,SDL BR 7.42% 2031,IN1320250229
31818,SDL BR 7.65% 2044,IN1320250237
31820,774APSDL38,IN1020220431
31821,KALYANI INVEST CO LTD,INE029L01018
31822,Cello World Limited,INE0LMW01024
31826,ABL-23-03-26-CP,INE442H14485
31827,SCL-8.65%-26-9-26-NCDS,INE148I07GJ7
31828,OPAL-8.37%-16-6-26-PVT,INE163N08263
31829,LICH 7.69% 2026 SR 449,INE115A07RA9
31831,SUNDARAM CLAYTON LIMITED,INE0Q3R01026
31838,SCL-8.85%-26-9-26-NCDS,INE148I07GK5
31844,LICH 7.58% 2035 SR 450,INE115A07RB7
31845,NUCLEUS SOFTWARE EXPORTS LTD.,INE096B01018
31847,758APSDL42,IN1020220480
31850,SDL TN 7.65% 2053,IN3120220295
31852,MOTILALAMC - MOSMALL250,INF247L01CH6
31870,INDIFRA LIMITED,INE0PS301014
31872,SCL-9%-26-9-26-NCDS,INE148I07GL3
31880,LICH 7.645% 2030 SR 452,INE115A07RD3
31882,758APSDL40,IN1020220472
31883,LICH 7.66% 2029 SR 451,INE115A07RC5
31884,MOTILALAMC - MOREALTY,INF247L01CI4
31924,GS22APR46,IN000446C038
31927,7TNSDL29,IN3120240319
31929,AKSH OPTIFIBRE LIMITED,INE523B01011
31931,BANSAL ROOFING PRODUCTS LTD,INE319Q01012
31937,SYBLY INDUSTRIES LTD.,INE080D01042
31945,ABL-27-2-26-CP,INE442H14493
31946,MAHAN INDUSTRIES LTD.,INE735D01041
31949,Sadbhav Infrastructure Project,INE764L01010
31954,SEC RE NCD 9.65% SR.III,INE321N07277
31969,COVANCE SOFTSOL LIMITED,INE0R8101016
31970,SHIVA TEXYARN LIMITED,INE705C01020
31972,SEC RE NCD 10% SR.IV,INE321N07293
31975,OPAL-8.29%-25-1-27-PVT,INE163N08289
31980,Bharat Bhushan Finance & Commo,INE900A01013
31998,SDL TN 7.61% 2032,IN3120220238
31999,KUANTUM PAPERS LIMITED,INE529I01021
32001,ARCHIDPLY DECOR LIMITED,INE0CHO01012
32019,SABAR FLEX INDIA LIMITED,INE0DZ101013
32024,SDL TN 7.69% 2037,IN3120220246
32025,SDL TN 7.63% 2047,IN3120220212
32047,UTI Mutual Fund,INF789F1ASU7
32049,SURANA TELECOM AND POWER LIMIT,INE130B01031
32054,SDL TN 7.65% 2033,IN3120220279
32055,GIL-12-3-26-CP,INE047A14AR0
32065,AXISAMC - AXISILVER,INF846K011K1
32072,MANGALAM DRUGS & ORGANICS LTD.,INE584F01014
32077,ISGEC HEAVY ENG LTD,INE858B01029
32079,SDL TN 7.62% 2043,IN3120220287
32087,UTI Mutual Fund,INF789F1ASS1
32093,GIL-05-03-26-CP,INE047A14AP4
32094,SDL TN 7.62% 2033,IN3120220253
32107,SDL TN 7.57% 2033,IN3120220261
32110,UTI Mutual Fund,INF789F1AST9
32117,GIL-11-3-26-CP,INE047A14AQ2
32122,LH 7.8350% 2027 TR 438,INE115A07QO2
32123,UTI Mutual Fund,INF789F1ASQ5
32129,SDL BR 7.46% 2045,IN1320250187
32133,UTI Mutual Fund,INF789F1ASP7
32141,LHFL 7.73% 2034 TR 439,INE115A07QP9
32143,UTI Mutual Fund,INF789F1ASR3
32148,SDL BR 7.44% 2040,IN1320250179
32149,TOURISM FINANCE CORPORATION OF,INE305A01023
32152,Muthoot Microfin Limited,INE046W01019
32153,LHFL 7.87% 2029 TR 440,INE115A07QQ7
32157,UTI Mutual Fund,INF789F1ASO0
32165,SDL BR 7.31% 2045,IN1320250161
32167,LHFL 7.68% 2034 TR 441,INE115A07QR5
32168,RUCHIRA PAPERS LIMITED,INE803H01014
32180,OBEROI REALTY LIMITED,INE093I01010
32185,SDL BR 7.57% 2049,IN1320250153
32193,MOVING MEDIA ENTER LTD,INE0XM301010
32222,UTI Mutual Fund,INF789F1ASL6
32225,RUKMANI DEVI GARG AGRO IMPEX L,INE0S5T01017
32240,JK PAPER LTD.,INE789E01012
32241,UTI Mutual Fund,INF789F1ASN2
32248,SDL TN 7.8% 2042,IN3120220204
32259,UTI Mutual Fund,INF789F1ASM4
32287,TIMESCAN LOGISTICS IND L,INE0IJY01014
32311,LHFL 7.69% 2034 TR 437,INE115A07QN4
32319,UTI Mutual Fund,INF789F1ASK8
32333,SDL BR 7.4% 2035,IN1320250195
32353,UTI Mutual Fund,INF789F1ASH4
32355,SDL BR 7.45% 2034,IN1320250104
32374,UTI Mutual Fund,INF789F1ASJ0
32383,UTI Mutual Fund,INF789F1ASI2
32386,SAIANAND COMMERCIAL LIMITED,INE092G01024
32387,DAULAT SECURITIES LTD.,INE108C01019
32394,SUVIDHAA INFOSERVE LTD,INE018401013
32412,UTI Mutual Fund,INF789F1ASF8
32428,HFL 9% 2034 SR 61,INE957N08110
32431,UTI Mutual Fund,INF789F1ASG6
32434,KOTAK MAHINDRA MUTUAL FUND - K,INF174K01OD8
32451,SDL BR 7.58% 2043,IN1320250146
32452,SDL MP 7.18% 2030,IN2120190086
32453,INOX INDIA LIMITED,INE616N01034
32456,UTI Mutual Fund,INF789F1ASD3
32459,KOTAK MAHINDRA MUTUAL FUND - K,INF174K01OE6
32460,SDL MP 7.21% 2034,IN2120190078
32462,UTI Mutual Fund,INF789F1ASE1
32468,SDL BR 7.45% 2050,IN1320250138
32483,SDL BR 7.45% 2045,IN1320250120
32486,UTI Mutual Fund,INF789F1ASB7
32491,INDIAN HOTELS CO.LTD.,INE053A01029
32492,SEC RE NCD 10.35% SR III,INE583D07448
32493,SDL BR 7.52% 2036,IN1320250112
32494,HFL 9.20% 2030 SR 67,INE957N08151
32495,SDL MP 7.17% 2035,IN2120190094
32496,UTI Mutual Fund,INF789F1ASC5
32507,KOTAK MAHINDRA MUTUAL FUND - K,INF174K01OH9
32512,SCL-9%-30-6-26-PVT,INE148I07FG5
32514,HFL 9.3% 34 SR 70 OP III,INE957N08185
32515,HISAR METAL IND. LIMITED,INE598C01011
32517,SEC RE NCD 11% SR V,INE583D07455
32519,782APSDL42,IN1020220381
32521,SDL TN 7.83% 2042,IN3120220196
32522,RANE (MADRAS) LIMITED,INE050H01012
32523,UTI Mutual Fund,INF789F1ASA9
32526,Rishabh Instruments Limited,INE0N2P01017
32532,KOTAK MAHINDRA MUTUAL FUND - K,INF174K01OI7
32536,SEC RE NCD 10.5% SR IV,INE583D07463
32542,SDL TN 7.79% 2032,IN3120220170
32548,Dollar Industries Limited,INE325C01035
32550,KOTAK MAHINDRA MUTUAL FUND - K,INF174K01OF3
32553,MOTILALAMC - MODEFENCE,INF247L01DJ0
32554,VCL-29-5-26-CP,INE01HV14AJ2
32557,SDL MP 7.17% 2029,IN2120190060
32561,804APSDL37,IN1020220365
32586,SCL-8.90%-22-07-26-PVT,INE148I07FJ9
32589,MCON RASAYAN INDIA LTD,INE0O4M01019
32590,VCL-18-6-26-CP,INE01HV14AK0
32591,HFL 9.10% 2035 SR71 OP I,INE957N08193
32592,MOTILALAMC - MOMENTUM50,INF247L01DK8
32593,SDL TN 7.82% 2032,IN3120220188
32600,VEEJAY LAKSHMI ENGINEERING WOR,INE466D01019
32610,SUNRISE INDUSTRIAL TRADERS LTD,INE371U01015
32623,DMR ENGINEERING LIMITED,INE07L501010
32640,UTI Mutual Fund,INF789F1ARY1
32646,KOTAK MAHINDRA MUTUAL FUND - K,INF174K01OJ5
32651,PARTY CRUISERS LIMITED,INE06ZX01015
32657,URAVI DEFENCE &TECH LTD,INE568Z01015
32659,UTI Mutual Fund,INF789F1ARZ8
32673,708TNSDL34,IN3120240418
32675,AG VENTURES LIMITED,INE321D01016
32676,SCL-9%-29-4-26-PVT,INE148I07EM6
32677,Shri Balaji Valve Components L,INE0RNZ01014
32678,SDL CG 6.53% 2028,IN3520210037
32682,BFL-7.25%-27-8-30-PVT,INE296A07RJ8
32684,LEE & NEE SOFTWARES (EXPORTS),INE791B01014
32685,Indian Energy Exchange Limited,INE022Q01020
32686,SDL CG 6.59% 2028,IN3520210045
32693,SCL-9%-8-5-26-PVT,INE148I07EO2
32699,SDL MP 7.29% 2030,IN2120190102
32700,GFL-8.52%-20-3-26-PVT,INE09N307018
32704,Athena Global Technologies Lim,INE576B01019
32705,SDL CG 6.82% 2028,IN3520210029
32734,ICICI PRU LIFE INS CO LTD,INE726G01019
32744,SFL-8-5-28-NCD,INE302E07524
32757,SFL-9.25%-8-5-26-NCD,INE302E07540
32782,MOTILALAMC - MOVALUE,INF247L01BE5
32787,SFL-08-06-30-NCD,INE302E07532
32824,MOTILALAMC - MOHEALTH,INF247L01BB1
32830,SDL CG 6.62% 2028,IN3520210052
32835,BFL-7.60%-11-02-30-PVT,INE296A07RD1
32845,SCL-9%-11-04-26-PVT,INE148I07EL8
32858,SFL-08-5-26-NCD,INE302E07516
32868,CYIENT DLM LIMITED,INE055S01018
32882,PFL-9.35%-27-2-26-PVT,INE140A07799
32895,GS19SEP2056,IN000956C028
32896,ALEMBIC PHARMA LTD,INE901L01018
32901,HINDUJA GLOBAL SOLS. LTD.,INE170I01016
32903,Anzen India Energy Yield Plus ,INE0MIZ23019
32908,MOTILALAMC - MONQ50,INF247L01AU3
32934,SCL-9.00%-5-6-26-PVT,INE148I07EW5
32943,Technopack Polymers Limited,INE0MXP01015
32990,RST6-12.88%-23-4-26-PTC,INE1EGY15025
32998,MANGAL CREDIT N FINCORP L,INE545L01039
33001,BFL-6.92%-24-12-30-PVT,INE296A07RN0
33006,THDCL-7.51%-8-12-28-PVT,INE582L08078
33013,AXISAMC - AXSENSEX,INF846K010Q0
33018,UNO Minda Limited,INE405E01023
33021,HFL 9.10% 2036 SR 74,INE957N08201
33022,SCL-9%-29-05-26-PVT,INE148I07ES3
33024,PFL-9.35%-3-11-33-NCD,INE140A07773
33027,UCL 10.15% SR III,INE583D07604
33028,RST6-11.10%-23-4-26-PTC,INE1EGY15017
33039,PFL-9.20%-3-11-28-NCD,INE140A07765
33040,MAHARASHTRA SEAMLESS LTD,INE271B01025
33050,PFL-9.12%-06-08-27-PVT,INE140A07831
33060,SEC RE NCD 10.15% SR I,INE583D07505
33061,MOTILAL OS NASDAQ100 ETF,INF247L01AP3
33063,SDL HP 7.45% 2044,IN1720240010
33067,PFL-9.30%-9-4-29-PVT,INE140A07823
33084,SEC RE NCD 10.40% SR III,INE583D07513
33108,SEC RE NCD 10.25% SR II,INE583D07521
33115,PFL-9.19%-08-08-28-PVT,INE140A07849
33121,HDBFSL-8.79%-22-7-26-PVT,INE756I08108
33135,SDL HP 7.25% 2033,IN1720240069
33137,MEHTA SECURITIES LTD.,INE241B01010
33143,HDBFS-8.05%-4-12-26-PVT,INE756I08116
33153,SDL HP 7.35% 2034,IN1720240051
33154,SDL MP 7.29% 2035,IN2120190193
33156,HDB-8.42%-1-2-28-PVT,INE756I08124
33171,SDL HP 7.46% 2036,IN1720240044
33172,PFL-9.1%-23-2-35-PVT,INE140A07815
33179,SDL HP 7.47% 2033,IN1720240028
33181,PFL-9.5%-7-7-34-PVT,INE140A07807
33182,SDL HP 7.44% 2034,IN1720240036
33184,UCL 10.00% SR I,INE583D07562
33200,INFOLLION RESEARCH SER L,INE0NNZ01013
33201,INFO EDGE (INDIA) LTD.,INE663F01032
33217,SDL MP 7.19% 2040,IN2120190169
33220,UCL 10.39% SR II,INE583D07570
33221,TRIB BHIMJI ZAVERI LTD,INE760L01018
33222,EICHER MOTORS LTD.,INE066A01021
33223,BFL-7.90%-10-1-30-PVT,INE296A07RA7
33224,HDB-9.40%-PERPETUAL-PVT,INE756I08157
33230,RAJVI LOGITRADE LIMITED,INE381N01019
33243,MAGELLANIC CLOUD LIMITED,INE613C01026
33255,BOB 7.26% 2034 SR V,INE028A08356
33256,SDL MP 7.12% 2035,IN2120190151
33257,NIRMA 8.40%2026SRVII TRB,INE091A07216
33258,BANDHANAMC - SILVERBND,INF194KB1KI9
33259,UCL 10.25% SR IV,INE583D07588
33261,SFL-29-4-26-NCD,INE302E07458
33262,SDL HP 7.08% 2034,IN1720240093
33263,HFSL-9.15%-PERPETUAL-PVT,INE756I08165
33287,BANDHANAMC - GOLDBND,INF194KB1KJ7
33290,UCL 10.50% SR V,INE583D07596
33292,SDL MP 7.11% 2030,IN2120190185
33293,SDL HP 7.22% 2039,IN1720240085
33295,BOB 7.30% 2034 SR IV,INE028A08349
33298,HDB-8.45%-21-2-28-PVT,INE756I08132
33309,SFL-9%-29-4-26-NCD,INE302E07441
33312,CENTURY EXTRUSIONS LTD.,INE281A01026
33326,SDL MP 6.89% 2035,IN2120190177
33328,HFSL-9.05%-27-7-28-PVT,INE756I08140
33329,Unipro Technologies Limited,INE448F01012
33340,SFL-8-5-27-NCD,INE302E07490
33353,ECOS (India) Mobility & Hospit,INE06HJ01020
33356,SCL-9%-13-03-26-PVT,INE148I07EA1
33361,BOB 7.57% 2034 SR III,INE028A08323
33365,HDB-8.7%-PERPETUAL-PVT,INE756I08199
33395,MOTILALAMC - G5,INF247L01AK4
33397,SDL MP 7.09% 2030,IN2120190110
33412,KIRI INDUSTRIES LTD.,INE415I01015
33413,SFL-29-4-27-NCD,INE302E07474
33429,NGEL 7.01% 2035 SR 1,INE0ONG08016
33432,SDL MP 7.04% 2030,IN2120190144
33433,NIRMA 8.50%2027SRVII TRC,INE091A07208
33434,HFSL-9.7%-15-11-28-PVT,INE756I08173
33438,SFL-10%-29-04-27-NCD,INE302E07466
33469,SDL MP 6.98% 2030,IN2120190128
33474,SDL MP 6.94% 2035,IN2120190136
33475,HFSL-8.85%-7-6-29-PVT,INE756I08181
33487,PIICL-25-2-26-CP,INE417C14AG4
33490,FLOMIC GLOBAL LOGISTICS LIMITE,INE952M01019
33504,Rajkot Investment Trust Limite,INE176R01014
33506,SFL-9%-27-2-26-NCD,INE302E07607
33525,BFL-7.75%-16-5-33-PVT,INE296A07SL2
33526,PICL-20-2-26-CP,INE417C14AF6
33534,SFL-27-2-26-NCD,INE302E07615
33554,PIICL-13-3-26-CP,INE417C14AI0
33556,BFL-7.90%-13-4-28,INE296A07SI8
33558,Astron Paper & Board Mill Limi,INE646X01014
33569,PIA-11-3-26-CP,INE417C14AH2
33573,BFL-8%-27-2-26-PVT,INE296A07SJ6
33592,BFL-7.88%-19-1-28-PVT,INE296A07SG2
33603,KOTYARK INDUSTRIES LTD,INE0J0B01017
33619,ATS-8.27%-RESET RATE-31-3-2041,INE446V07044
33621,SFL-10.25%-27-2-29-NCD,INE302E07649
33629,INDIA NIPPON ELECT  LTD,INE092B01025
33653,ATS-8.15%-RESET RATE-30-9-31-P,INE446V07051
33657,BFL-8.08%-21-3-33-PVT,INE296A07SH0
33663,SFL-9.25%-27-2-27-NCD,INE302E07656
33687,VRKPL-13.7%-19-10-47-PVT,INE0BBX08021
33692,ATS-8.27%-31-12-2040,INE446V07028
33695,SFL-29-3-31-NCD,INE302E07623
33696,BFL-7.95%-25-10-27-PVT,INE296A07SE7
33715,BOB 7.23% 2035 SR VI,INE028A08372
33721,ATS-8.27%-RESET RATE-30-9-37-P,INE446V07036
33724,VRKPL-13%-20-11-44-PVT,INE0BBX08013
33736,SFL-27-2-29-NCD,INE302E07631
33738,ESPL-10.9%-27-3-26-PVT,INE01YL07292
33746,APOLLO PIPES LIMITED,INE126J01016
33750,BFL-8.10%-23-1-29-PVT,INE296A07ST5
33751,ATS-8.10%-RESET RATE-30-9-28-P,INE446V07010
33754,BFL-7.87%-8-2-34-PVT,INE296A07SU3
33757,Aster DM Healthcare Limited,INE914M01019
33759,ADVANCE PETROCHEMICALS LTD.,INE334N01018
33773,BFL-8.1%-8-1-27-PVT,INE296A07SR9
33774,SECMARK CONSULTANCY LTD,INE0BTM01013
33776,MRHFL-8.30%-26-3-27-PVT,INE950O07123
33785,BFL-7.85%-11-9-28-PVT,INE296A07SO6
33786,GOODYEAR INDIA LTD.,INE533A01012
33787,SDL HP 7.13% 2039,IN1720240101
33788,ESAAR (INDIA) LTD.,INE404L01039
33789,VISHNU CHEMICALS LIMITED,INE270I01022
33792,BFL-7.79%-20-9-33-PVT,INE296A07SP3
33793,PIICL-16-3-26-CP,INE417C14AJ8
33796,BFL-8%-17-10-28-PVT,INE296A07SQ1
33797,TECHERA ENGINEER (IND) L,INE0JQS01019
33798,BFL-7.72%-23-5-33-PVT,INE296A07SM0
33816,BFL-7.73%-7-6-28-PVT,INE296A07SN8
33817,EASTERN TREADS LTD.,INE500D01015
33820,ESPL-10.90%-4-2-26-PVT,INE01YL07334
33821,BFL-7.70%-7-6-27-PVT,INE296A07RZ4
33822,SDL HP 7.1% 2040,IN1720240143
33824,DKGFSF-11%-7-1-28-PVT,INE179P07613
33825,ESPL-11%-5-10-26-PVT,INE01YL07326
33827,SDL HP 7.12% 2036,IN1720240127
33828,ESPL-10.90%-6-5-26-PVT,INE01YL07318
33829,SDL HP 7.26% 2035,IN1720240135
33830,GANESH BENZOPLAST LTD.,INE388A01029
33834,SDL HP 7.11% 2034,IN1720240119
33837,RACL Geartech Limited,INE704B01017
33839,LANCOR HOLDINGS LTD.,INE572G01025
33840,AVI ANSH TEXTILE LIMITED,INE0TFB01017
33850,ESPL-11.82%-27-12-26-PVT,INE01YL07300
33852,BFL-ZC-18-2-26-PVT,INE296A07RY7
33853,MOSCHIP TECHNOLOGIES LTD,INE935B01025
33872,MOTILALAMC - MONIFTY500,INF247L01BU1
33877,ESPL-11.20%-07-07-27-PVT,INE01YL07375
33881,L. T. ELEVATOR LIMITED,INE0TJ801010
33882,ESSPL-11.95%-17-04-29-PVT,INE01YL07367
33884,BFL-7.15%-2-12-31-PVT,INE296A07RW1
33886,ESPL-11.20%-05-04-27-PVT,INE01YL07359
33887,Jeevan Scientific Technology L,INE237B01018
33889,BFL-7.02%-18-4-31-PVT,INE296A07RS9
33899,ESPL-10.9%-4-1-27-PVT,INE01YL07342
33915,BFL-7.6%-25-08-27-PVT,INE296A07SC1
33940,MOTILALAMC - MOQUALITY,INF247L01BH8
33941,SONA BLW PRECISION FRGS L,INE073K01018
33943,SFL-10.25%-8-5-28-NCD,INE302E07565
33973,BFL-7.82%-8-9-32-PVT,INE296A07SD9
34006,Narmadesh Brass Industries Lim,INE0S1B01014
34038,AONEAMC - AONEGOLD,INF1J2R01114
34049,SFL-9.50%-8-5-27-NCD,INE302E07557
34059,ABSLI 8.49% 2034,INE951F08069
34066,AONEAMC - AONETMMQ50,INF1J2R01148
34090,ABSLI 8.20% 2034,INE951F08051
34095,SDL MP 7.35% 2029,IN2120190235
34096,ASTAL LABORATORIES LIMITED,INE307N01014
34122,REMUS PHARMACEUTICALS L,INE0O5T01011
34127,ABSL 7.78% 2035,INE951F08077
34142,MOTILALAMC - MOLOWVOL,INF247L01BL0
34144,DKGFSPL-12.90%-13-07-29-PVT,INE179P07605
34145,MOTILALAMC - MOMOMENTUM,INF247L01BK2
34151,SFL-27-2-27-NCD,INE302E07599
34158,BFL-7.11%-10-7-28-PVT,INE296A07TM8
34159,ZERODHAAMC - LIQUIDCASE,INF0R8F01034
34168,364TB10426,IN002025Z021
34170,SFL-ZC-9-8-31-NCD,INE302E07722
34175,BFL-7.07%-21-9-28-PVT,INE296A07TN6
34186,364T020426,IN002025Z013
34187,GREENPLY INDUSTRIES LTD.,INE461C01038
34188,778APSDL42,IN1020220092
34190,ZERODHAAMC - GOLDCASE,INF0R8F01042
34192,SHREE PRECOATED STEELS LTD.,INE318K01025
34195,SFL-9.25%-9-7-27-NCD,INE302E07730
34209,BFL-7.23%-28-06-27-PVT,INE296A07TK2
34210,BANK OF BARODA,INE028A01039
34217,778APSDL41,IN1020220084
34218,SFL-10.25%-9-7-29-NCD,INE302E07706
34224,MBPR-7.75%-30-6-26-REIT,INE0CCU07082
34236,BFL-7.38%-28-06-30-PVT,INE296A07TL0
34242,776APSDL32,IN1020220076
34244,SFL-ZC-9-7-29-NCD,INE302E07714
34250,MBPR-8.03%-10-12-26-REIT,INE0CCU07090
34263,BFL-7.57%-03-04-30-PVT,INE296A07TI6
34273,SAHYADRI INDUSTRIES LTD.,INE280H01015
34280,SANOFI INDIA LIMITED,INE058A01010
34282,364TB14526,IN002025Z070
34283,MBPR-7.95%-27-7-27-PVT,INE0CCU07066
34290,SFL-ZC-9-7-26-NCD,INE302E07763
34298,BFL-7.37%-26-06-28-PVT,INE296A07TJ4
34313,364TB10526,IN002025Z054
34322,364TB70526,IN002025Z062
34326,MBPR-8.02%-13-4-26-REIT,INE0CCU07074
34335,BFL-7.7215%-26-3-27-PVT,INE296A07TG0
34342,Riddhi Display Equipments Limi,INE1DKT01011
34355,364TB23426,IN002025Z047
34361,SFL-9%-9-7-26-NCD,INE302E07748
34363,Cochin Shipyard Limited,INE704P01025
34386,364TB16426,IN002025Z039
34388,BFL-7.55%-03-04-35-PVT,INE296A07TH8
34389,SFL-ZC-9-7-27-NCD,INE302E07755
34390,EIH ASSOCIATED HOTELS LTD,INE276C01014
34392,Raymond Lifestyle Limited,INE02ID01020
34414,364TB21526,IN002025Z088
34416,364TB28526,IN002025Z096
34433,BFL-7.37%-27-9-30-PVT,INE296A07TQ9
34434,SCNL-10.15%-13-7-28-PVT,INE836B07907
34441,BFL-7.45%-15-10-35-PVT,INE296A07TR7
34442,FLYSBS AVIATION LIMITED,INE0VCK01011
34445,EFCL-GSEC-5-3-26-PVT,INE836K08013
34446,Dc Infotech and Communication ,INE0A1101019
34451,VARDHMAN SPECIAL STEELS LTD.,INE050M01012
34454,SHREE RAJASTHAN SYNTEX LTD.,INE796C01011
34466,Bharat Road Network Limited,INE727S01012
34468,EFCL-10.35%-10-3-28-PVT,INE836K08039
34478,CHAMAN METALLICS LIMITED,INE06PV01010
34480,BFL-7.24%-12-12-28-PVT,INE296A07TP1
34483,HDBFSL-7.95%-04-06-35-PVT,INE756I08306
34484,SDL OR 7.24% 2032,IN2720250116
34496,SDL OR 7.47% 2036,IN2720250124
34508,SDL OR 7.49% 2036,IN2720250132
34512,PATEL ENGINEERING LTD.,INE244B01030
34523,SCNL-10.25%-21-8-26-PVT,INE836B07881
34524,BFL-8.06%-15-5-29-PVT,INE296A07SZ2
34525,SDL OR 7.28% 2049,IN2720250108
34537,ASTRAL LIMITED,INE006I01046
34538,SCNL-10.75%-15-7-30-PVT,INE836B07899
34539,BFL-7.92%-20-2-34-PVT,INE296A07SW9
34549,BFL-8.1167%-10-5-27-PVT,INE296A07SX7
34553,SCNL-10.53%-24-5-29-PVT,INE836B07865
34559,BFL-7.93%-2-5-34-PVT,INE296A07SY5
34565,NETWORK PEOPLE SRV TECH L,INE0FFK01017
34566,SCNL-10.50%-4-1-27-PVT,INE836B07873
34567,VIGOR PLAST INDIA LIMITED,INE1DM601016
34574,BFL-7.82%-31-1-34-PVT,INE296A07SV1
34577,GLOBE CIVIL PROJECTS LTD,INE0V3U01015
34582,SCNL-10.60%-23-10-26-PVT,INE836B07840
34585,GLOBALE TESSILE LIMITED,INE0URU01010
34587,SCNL-10.40%-30-4-27-PVT,INE836B07857
34601,AWFIS SPACE SOLUTIONS LTD,INE108V01019
34605,SPTL-7.90%-18-11-26-PVT,INE941D07166
34608,SDL UK 7.34% 2032,IN3620210051
34623,MAHARASHTRA SCOOTERS LTD.,INE288A01013
34624,734APSDL40,IN1020220027
34625,BFL-7.70%-04-10-34-PVT,INE296A07TE5
34636,SPTL-7.95%-28-10-26-PVT,INE941D07158
34637,BFL-7.8%-10-12-27-PVT,INE296A07TF2
34650,SFL-ZC-07-6-29-PVT,INE302E07698
34654,SFL-10.25%-07-6-29-PVT,INE302E07672
34662,ZERODHAAMC - SILVERCASE,INF0R8F01091
34663,Atal Realtech Limited,INE0ALR01029
34664,BFL-8.12%-10-9-27-PVT,INE296A07TC9
34665,SFL-9.50%-7-6-27-PVT,INE302E07664
34667,SFL-ZC-7-6-27-PVT,INE302E07680
34687,GS19SEP2033,IN000933C043
34688,BFL-7.98%-31-7-29-PVT,INE296A07TD7
34698,SDL UK 6.94% 2031,IN3620210010
34699,SDL ML 7.17% 2031,IN2420200114
34711,BFL-8.1%-22-5-26-PVT,INE296A07TA3
34713,745APSDL37,IN1020220068
34723,BFL-8.10%-10-7-26-PVT,INE296A07TB1
34727,SDL ML 6.63% 2031,IN2420200106
34728,SDL UK 7.0% 2031,IN3620210028
34742,SDL ML 6.85% 2031,IN2420200130
34747,ZERODHAAMC - MID150CASE,INF0R8F01059
34750,SDL UK 7.05% 2031,IN3620210036
34759,STANDARD BATTERIES LTD.,INE502C01039
34761,SDL OR 7.59% 2046,IN2720250140
34769,ZERODHAAMC - TOP100CASE,INF0R8F01067
34770,SDL ML 7.16% 2031,IN2420200122
34771,SDL UK 7.25% 2032,IN3620210044
34776,752APSDL38,IN1020220035
34801,364TB20726,IN002025Z146
34808,SFL-10.25%-4-4-30-NCD,INE302E07847
34822,ZERODHAAMC - NIFTYCASE,INF0R8F01166
34840,364TB25626,IN002025Z138
34850,SFL-4-4-28-NCD,INE302E07854
34855,AD-MANUM FINANCE LTD.,INE556D01017
34862,ZERODHAAMC - LTGILTCASE,INF0R8F01133
34868,364TB18626,IN002025Z120
34873,BALAJI TELEFILMS LIMITED.,INE794B01026
34875,SFL-4-4-27-NCD,INE302E07821
34876,FSN E-Commerce Ventures Limite,INE388Y01029
34891,364TB11626,IN002025Z112
34894,SFL-9.25%-4-4-28-NCD,INE302E07839
34895,ZERODHAAMC - SML100CASE,INF0R8F01141
34911,364TB30726,IN002025Z187
34918,GREAT EASTERN SHIPPING CO.LTD.,INE017A01032
34922,364TB06826,IN002025Z195
34924,SFL-9%-29-8-27-NCD,INE302E07888
34930,MBPR-6.9601%-8-12-28-REIT,INE0CCU07181
34953,364TB23726,IN002025Z179
34955,INDIANIVESH LTD.,INE131H01028
34957,TEERTH GOPICON LIMITED,INE0K6601012
34969,SFL-9%-29-8-28-NCD,INE302E07896
34975,SFL-4-5-32-NCD,INE302E07870
34994,MBPR-7%-14-9-27-REIT,INE0CCU07165
35002,SFL-4-4-30-NCD,INE302E07862
35024,364TB90726,IN002025Z153
35034,Sigachi Industries Limited,INE0D0K01022
35035,BRIGADE HOTEL VENTURE LTD,INE03NU01014
35039,364TB16726,IN002025Z161
35041,MBPR-7.1485%-15-11-30-REIT,INE0CCU07173
35044,BFL-8.85%-21-7-26-PVT,INE296A08789
35052,VST INDUSTRIES LTD.,INE710A01016
35053,875BFL26B,INE296A08797
35055,SEYA INDUSTRIES LIMITED,INE573R01012
35056,SCNL-10.85%-10-7-26-PVT,INE836B07832
35067,BFL-8.85%-15-07-26-PVT,INE296A08771
35073,White Organic Agro Limited,INE146C01019
35078,743TAMSDL34,IN3120240053
35097,SFL-9.5%-18-12-27-PVT,INE302E07805
35104,FEDERAL-MOGUL GOETZE (INDIA) L,INE529A01010
35105,SFL-9%-4-4-27-NCD,INE302E07813
35107,TATA TECHNOLOGIES LIMITED,INE142M01025
35112,MIC ELECTRONICS LTD,INE287C01037
35114,KARUR VYSYA BANK LTD,INE036D01028
35123,Harsha Engineers International,INE0JUS01029
35125,MACOBS TECHNOLOGIES LTD,INE0R0J01010
35141,VINTAGE COFFEE N BVRGS L,INE498Q01014
35183,WOMEN NETWORKS LTD.,INE905B01010
35225,SCNL-13%-11-9-26-PVT,INE836B07790
35233,MACMPL-10-3-26-CP,INE0T2V14087
35242,PFL-9.05%-3-11-26-NCD,INE140A07740
35249,RADHIKA JEWELTECH LIMITED,INE583V01021
35251,BANKA BIOLOO LIMITED,INE862Y01015
35253,PFL-8.75%-29-5-26-PVT,INE140A07732
35281,Indef Manufacturing Limited,INE0O9T01021
35292,749TAMSDL44,IN3120240046
35303,Likhitha Infrastructure Limite,INE060901027
35317,HDBFSL-7.68%-PERPETUAL-PVT,INE756I08231
35320,ARMOUR SECURITY (INDIA) L,INE0TZX01019
35323,SDL ML 6.6% 2030,IN2420200072
35338,749TNSDL34,IN3120240038
35344,AMARA RAJA ENERGY MOB LTD,INE885A01032
35352,ASIAN HOTELS (EAST) LTD,INE926K01017
35364,HFSL-8.70%-PERPETUAL-PVT,INE756I08207
35370,BLUE DART EXPRESS LTD,INE233B01017
35371,750TNSDL31,IN3120240020
35373,SURATWWALA BUS GROUP LTD,INE05ST01028
35374,KJMC CORPORATE ADVISORS (INDIA,INE602C01011
35386,HDBFSL-7.35%-1-11-30-PVT,INE756I08215
35398,AGRI-TECH (INDIA) LIMITED,INE449G01018
35402,SDL ML 6.6% 2030,IN2420200080
35404,COROMANDEL INTERNTL. LTD,INE169A01031
35411,SDL ML 6.7% 2030,IN2420200031
35419,GEECEE VENTURES LIMITED,INE916G01016
35427,SDL OR 7.43% 2040,IN2720250082
35428,HDBFSL-8.55%-31-12-99-PERPETUA,INE756I08272
35429,MBPR-7.20%-10-5-30-REIT,INE0CCU07140
35431,LT FOODS LTD.,INE818H01020
35442,SDL ML 6.45% 2030,IN2420200023
35451,MBPR-7.41%-REST RATE-19-8-33-R,INE0CCU07157
35452,HDBFSL-8.71%-PERPETUAL-PVT,INE756I08280
35453,SDL OR 7.08% 2033,IN2720250090
35461,HFSL-8.5%-PERPETUAL-PVT,INE756I08249
35463,United Cotfab Limited,INE0S0I01011
35465,SDL ML 6.65% 2030,IN2420200056
35470,MBPR-7.94%-24-6-31-REIT,INE0CCU07124
35474,SDL OR 7.25% 2033,IN2720250066
35475,SFL-10.25%-18-12-29-PVT,INE302E07789
35477,HDBFSL-22-12-33-PVT,INE756I08256
35486,SDL ML 6.9% 2030,IN2420200049
35491,MBPREIT-7.54%-18-2-28-REIT,INE0CCU07132
35494,HFSL-8.45%-PERPETUAL-PVT,INE756I08264
35497,SDL OR 6.77% 2029,IN2720250074
35501,SFL-18-12-27-PVT,INE302E07797
35502,ANG Lifesciences India Limited,INE236W01016
35519,364TB04626,IN002025Z104
35520,MBPR-7.93%-20-3-27-REIT,INE0CCU07108
35526,SDL OR 7.16% 2050,IN2720250041
35543,MBP-7.96%-11-5-29-REITS,INE0CCU07116
35544,SDL OR 6.95% 2031,IN2720250058
35555,SDL OR 6.13% 2028,IN2720250017
35559,SDL ML 6.52% 2030,IN2420200015
35570,SDL OR 6.98% 2037,IN2720250025
35572,HFSL-8.27%-27-10-34-PVT,INE756I08298
35584,Manaksia Steels Limited,INE824Q01011
35595,RAGHUNATH INTERNATIONAL LTD.,INE753B01014
35596,RANE HOLDINGS LIMITED,INE384A01010
35597,SDL OR 6.49% 2030,IN2720250033
35618,BFL-8.05%-2-12-26-PVT,INE296A08821
35622,REMSONS INDUSTRIES LTD.,INE474C01023
35665,CIFCL-9%-9-4-31-PVT,INE121A08PO0
35674,PASHUPATI COTSPIN LIMITED,INE124Y01010
35679,FINOLEX CABLES LTD,INE235A01022
35711,BFL-8.45%-29-9-26-PVT,INE296A08805
35772,Allcargo Terminals Limited,IN90NN701011
35788,SPRINGFORM TECHNOLOGY LIMITED,INE02ZA01012
35815,TIL 8.03% 2030 SR 3,INE939L08039
35822,JYOTI LTD.,INE511D01012
35877,CHOLA-7.50%-30-9-26-CCD,INE121A08PJ0
35903,JYOTHY LABS LIMITED,INE668F01031
35906,TIL 7.90% 2028 SR 1,INE939L08013
35908,SUYOG TELEMATICS LIMITED,INE442P01014
35914,Wakefit Innovations Limited,INE0E7301029
35924,Cyient DLM Limited,INE055S01018
35951,TIL 7.96% 2029 SR 2,INE939L08021
35965,HDFC BANK LTD.,INE040A01034
35975,DIC INDIA LIMITED,INE303A01010
35996,TRENT LTD,INE849A01020
36007,SHRIRAM ASSET MANAGEMENT CO.LT,INE777G01012
36040,RISHI TECHTEX LTD.,INE989D01010
36043,Future Enterprises Limited,INE623B01027
36097,PASUPATI ACRYLON LIMITED,INE818B01023
36107,MARC LOIRE FASHIONS LIMITED,INE0TBQ01014
36114,BFL-8.06%-4-10-29-PVT,INE296A08870
36192,BFL-8.15%-22-6-27-PVT,INE296A08847
36230,PCS TECHNOLOGY LTD.,INE834B01012
36236,Valiant Laboratories Limited,INE0JWS01017
36245,TECH MAHINDRA LIMITED,INE669C01036
36257,GOI LOAN   7.09% 2074,IN0020240142
36258,Anupam Rasayan India Limited,INE930P01018
36259,Manaksia Coated Metals & Indus,INE830Q01018
36260,GOI LOAN   6.79% 2034,IN0020240159
36269,GOI LOAN  6.79% 2034,IN0020240126
36273,GAYATRI SUGARS LTD.,INE622E01023
36274,GOI LOAN   6.92% 2039,IN0020240134
36275,Worth Peripherals Limited,INE196Y01018
36276,NWML-11-09-26-CP,INE531F14FJ8
36278,GOI LOAN   6.75% 2029,IN0020240183
36279,GOI LOAN   6.79% 2031,IN0020240191
36280,GILLETTE INDIA LTD,INE322A01010
36290,OPTIEMUS INFRACOM LTD,INE350C01017
36291,LICNAMC - LICNFNHGP,INF767K01PC8
36292,NWML-29-5-26-CP,INE531F14FI0
36293,GOI LOAN   6.64% 2027,IN0020240167
36305,GOI LOAN   6.98% 2054,IN0020240175
36310,Swasth Foodtech India Limited,INE0TIR01017
36330,BHFL-6.95%-28-01-28-PVT,INE377Y07615
36334,AEGIS LOGISTICS LTD.,INE208C01025
36347,BHFL-7.10%-16-10-28-PVT,INE377Y07607
36371,IRT-9.855%-A2-8-1-44-PTC,INE05UK15049
36385,Sungold Media and Entertainmen,INE266S01011
36420,NWML-12-3-26-CP,INE531F14FK6
36423,GS22AUG32C,IN000832C021
36438,BHFL-7.25%-22-1-29-PVT,INE377Y07623
36444,NWML-2-3-26-CP,INE531F14FL4
36460,LORDS CHLORO ALKALI LTD.,INE846D01012
36463,NEXT MEDIAWORKS LTD.,INE747B01016
36466,BRITANNIA INDUSTRIES LTD,INE216A01030
36492,SPTL-6.75%-22-4-26-PVT,INE941D07208
36506,SDL GA 7.22% 2029,IN1420190127
36510,LICNAMC - LICNFESGP,INF767K01OT5
36521,CIFCL-10.75%-PERPETUAL-PVT,INE121A08OK1
36526,SHREE DIGVIJAY CEMENT CO.LTD.,INE232A01011
36535,PRATIKSHA CHEMICALS LTD.,INE530D01012
36536,ZIM Laboratories Limited,INE518E01015
36549,CIFC-9.3%-4-11-30-PVT,INE121A08OL9
36550,BFL-9.11%-2-11-33-PVT,INE296A08961
36556,LICNAMC - LICNFENGP,INF767K01OS7
36563,VINNY OVERSEAS LIMITED,INE01KI01027
36576,SDL GA 7.14% 2030,IN1420190150
36601,CIFCL-10.88%-PERPETUAL-PVT,INE121A08OI5
36614,BFL-8.10%-07-06-32-PVT,INE296A08938
36629,SDL GA 7.29% 2029,IN1420190143
36636,SDL GA 7.29% 2029,IN1420190135
36646,SATIA INDUSTRIES LIMITED,INE170E01023
36649,CIFCL-10.83%-PERPETUAL-PVT,INE121A08OJ3
36666,AETHER INDUSTRIES LIMITED,INE0BWX01014
36678,SDL GA 6.99% 2030,IN1420190176
36681,SDL GA 6.9% 2030,IN1420190168
36737,SDL GA 7.15% 2030,IN1420190192
36743,CMS INFO SYSTEMS LIMITED,INE925R01014
36764,SDL GA 6.94% 2030,IN1420190184
36773,BALMER LAWRIE & CO.LTD.,INE164A01016
36775,TVS SRICHAKRA LIMITED,INE421C01016
36833,MAHANAGAR GAS LTD.,INE002S01010
36848,MAHINDRA EPC IRRIG LTD,INE215D01010
36871,BRIJLAXMI LEASING & FINANCE LT,INE957E01031
36921,LTF-8.65%-23-12-26-NCD,INE027E07BC8
36939,AMLIL 7.95% 2035,INE511N08032
36960,GOI LOAN   6.97% 2034,IN0020240100
36967,GOA CARBON LIMITED,INE426D01013
36974,MLICL 8.34% 2035,INE511N08024
36992,BFL-7.99%-1-6-35-PVT,INE296A08995
37007,LTF-8.50%-23-12-26-NCD,INE027E07BB0
37029,SYNCOM FORMULATIONS (INDIA) LT,INE312C01025
37033,GOI LOAN  7.09% 2054,IN0020240118
37046,Globale Tessile Limited,INE0URU01010
37074,CIF-9.25%-PERP-PVT,INE121A08OM7
37084,GLOBE CIVIL PROJECTS LIMITED,INE0V3U01015
37085,Umiya Tubes Limited,INE173U01015
37088,SMARTLINK HOLDINGS LTD,INE178C01020
37093,CIFCL- 9.05%-PERP-PVT,INE121A08OO3
37134,CIFCL-9.20%-PERPETUAL-PVT,INE121A08ON5
37135,SDL WB 7.63% 2046,IN3420250307
37136,LTF-8.85%-15-4-27-NCD,INE027E07AK3
37137,CONTAINER CORP OF IND LTD,INE111A01025
37138,MPHASIS LTD.,INE356A01018
37139,SPICE ISLANDS INDUSTRIES LIMIT,INE882D01017
37140,BHFL-7.08%-12-6-30-PVT,INE377Y07573
37141,HISAR METAL INDUSTRIES LTD.,INE598C01011
37142,Uravi Defence and Technology L,INE568Z01015
37147,GOI LOAN  7.23% 2039,IN0020240027
37148,LTF-9.05%-15-4-27-NCD,INE027E07AL1
37149,IND-AGIV COMMERCE LTD.,INE115E01010
37150,BHFL-7.02%-26-5-28-PVT,INE377Y07565
37151,DEEPAK BUILDERS & ENG I L,INE0OPA01019
37152,GOI LOAN  7.34% 2064,IN0020240035
37158,BHFL-6.97%-17-07-28-PVT,INE377Y07599
37168,BHFL-6.90%-12-8-27-PVT,INE377Y07581
37173,VIDHI SPCLTY F INGRDNTS L,INE632C01026
37175,Max Healthcare Institute Limit,INE027H01010
37181,GOI LOAN  7.1% 2034,IN0020240019
37193,BOTHRA METALS & ALLOYS LTD.,INE583M01012
37203,ENTERTAIN NET. IND. LTD.,INE265F01028
37204,GOI LOAN  7.02% 2031,IN0020240076
37226,SALZER ELECTRONICS LTD,INE457F01013
37231,COVIDH,INE899M01020
37232,GOI LOAN  7.02% 2027,IN0020240043
37262,GOI LOAN  7.04% 2029,IN0020240050
37301,Monte Carlo Fashions Limited,INE950M01013
37302,BHFL-7.56%-4-10-34-PVT,INE377Y07516
37315,BAJAJ GLOBAL LTD.,INE553H01015
37316,BHFL-7.89%-14-7-34-PVT,INE377Y07508
37325,BHFL-7.66%-20-3-28-PVT,INE377Y07532
37326,SALGUTI INDUSTRIES LTD.,INE159C01012
37327,MALU PAPER MILLS LIMITED,INE383H01017
37328,BHFL-TBILL+SPREAD-17-10-29-PVT,INE377Y07524
37333,Kkalpana Plastick Limited,INE465K01016
37334,MAJESTIC AUTO LTD.,INE201B01022
37338,GAGAN GASES LTD.,INE076D01016
37339,BHFL-7.14%-26-2-27-PVT,INE377Y07557
37340,LTF-8.52%-15-4-27-NCD,INE027E07AM9
37343,VIAZ TYRES LIMITED,INE0MO401019
37344,LTF-8.7%-15-4-27-NCD,INE027E07AN7
37345,BHFL-7.50%-9-4-35-PVT,INE377Y07540
37380,GS19SEP2062,IN000962C018
37408,THYROCARE TECH LTD,INE594H01019
37409,UMA EXPORTS LIMITED,INE0GIU01018
37455,DEE DEVELOPMENT ENG LTD,INE841L01016
37456,RJCL-7.25%-8-12-28-PVT,INE460K08053
37468,KHYATI MULTIMEDIA-ENTERTAINMEN,INE593B01030
37471,SONATA SOFTWARE LTD.,INE269A01021
37489,GUJARAT TOOLROOM LTD.,INE145J01032
37496,MONTE CARLO FASHIONS LTD.,INE950M01013
37530,VRAJ IRON AND STEEL LTD,INE0S2V01010
37554,SILGO RETAIL LIMITED,INE01II01013
37602,ACROW INDIA LTD.,INE950D01012
37613,AHREPL-ZC-29-6-27-PVT,INE728X11019
37617,Indian Railway Finance Corpora,INE053F01010
37628,KRITI INDUSTRIES (INDIA) LTD.,INE479D01038
37630,KANSAI NEROLAC PAINTS LTD,INE531A01024
37638,TIRTH PLASTIC LTD.,INE008N01018
37672,AXFL-18-5-26-CP,INE891K14PA4
37691,CASH UR DRIVE MARKETING L,INE0WL201014
37693,YATL-8.65%-29-8-27-PVT,INE461R07017
37734,SAMEERA AGRO AND INFRA L,INE0PZA01015
37744,DE NEERS TOOLS LIMITED,INE0JWV01011
37756,MARGO FINANCE LIMITED,INE680B01019
37757,SDL UK 7.46% 2034,IN3620230067
37758,IRFC-76A-9.33%-10-05-2026-PVT,INE053F09HP6
37759,ORTIN GLOBAL LIMITED,INE749B01020
37760,SDL UK 7.67% 2033,IN3620230059
37763,SMITHS & FOUNDERS (INDIA) LIMI,INE728B01032
37764,YATL-8.75%-8-9-29-PVT,INE461R07025
37770,SDL UK 7.36% 2026,IN3620230083
37771,IRFC-76B-9.47%-10-05-2031-PVT,INE053F09HQ4
37772,KANSAI NEROLAC PAINTS LTD.,INE531A01024
37774,MALLCOM (INDIA) LTD.,INE389C01015
37775,GS02JAN28C,IN000128C016
37779,750APSDL32,IN1020240066
37781,SDL UK 7.47% 2034,IN3620230075
37796,SDL UK 7.48% 2033,IN3620230026
37807,NELCO LTD.,INE045B01015
37811,SDL UK 7.47% 2033,IN3620230018
37829,SDL UK 7.71% 2033,IN3620230042
37841,A B N INTERCORP LIMITED,INE982R01015
37844,GRAPHISADS LIMITED,INE0POU01017
37850,GS06NOV37C,IN001137C016
37853,SDL UK 7.54% 2033,IN3620230034
37858,JBL-31-05-28-PVT,INE1D4P08019
37862,Bindal Exports Limited,INE564V01013
37863,WATERBASE LTD.,INE054C01015
37864,AMBEY LABORATORIES LTD,INE0M3I01029
37865,738IRFC27B,INE053F09HW2
37866,INDO-NATIONAL LTD.,INE567A01028
37868,BENGAL & ASSAM COMPANY LTD.,INE083K01017
37870,Tolins Tyres Limited,INE0RWQ01014
37887,738IRFC27,INE053F09HY8
37891,AFL-3-2-26-CP,INE891K14PO5
37900,SANGHI INDUSTRIES LTD,INE999B01013
37904,STATE BANK OF INDIA,INE062A01020
37906,ADVANCE AGROLIFE LIMITED,INE1B0W01010
37907,AFL-23-10-26-CP,INE891K14PQ0
37908,Gensol Engineering Limited,INE06H201014
37922,ARIES AGRO LTD.,INE298I01015
37928,Axis Mutual Fund,INF846K01Y96
37937,753APSDL36,IN1020240090
37941,IRFC-79-7.77%-8-11-26-B-PVT,INE053F09HU6
37948,LGS12-8.65%-22-12-27-PTC,INE27BS15012
37955,GOI LOAN 10.18% 2026,IN0020010081
37962,TMPVL-6.95%-31-3-26-PVT,INE155A08431
38001,Amber Enterprises India Limite,INE371P01015
38020,HARSHDEEP HORTICO LIMITED,INE0OLZ01015
38030,PPL-11%-4-10-26-PVT,INE0MYJ07112
38033,PPL-11%-26-01-27-PVT,INE0MYJ07120
38054,NAGREEKA CAP & INFR.LTD,INE245I01016
38055,MSR INDIA LTD.,INE331L01026
38084,KAMAT HOTELS (I) LTD,INE967C01018
38101,PRATIK PANELS LTD.,INE206C01029
38102,INTEGRATED HITECH LTD.,INE934A01012
38103,Plaza Wires Limited,INE0INJ01017
38110,JHAVERI CREDITS & CAPITAL LTD.,INE865D01012
38130,VDPL-10.70%-31-3-35-PVT,INE084S07031
38147,RAMDEVBABA SOLVENT LTD,INE0RJH01010
38154,GS22FEB27C,IN000227C024
38155,VRDPL-TBILL+SPREAD-31-3-35-PVT,INE084S07049
38167,C P S SHAPERS LIMITED,INE0QBU01012
38191,EXPLEO SOLUTIONS LIMITED,INE201K01015
38256,STEEL STRIPS INFRASTRUCTURES L,INE205F01016
38281,HINDPRAKASH INDUSTRIES LIMITED,INE05X901010
38283,PPL-11%-13-1-27-PVT,INE0MYJ07138
38307,ARCL Organics Ltd,INE372M01010
38308,TARAPUR TRANSFORMERS LTD,INE747K01017
38347,VDPL-MIBOR+SPREAD-31-3-35-PVT,INE084S07056
38368,ECOBOARD INDUSTRIES LTD.,INE866A01016
38383,LICNAMC - LICNMFET,INF767K01MV5
38389,CAPRI GLOBAL CAPITAL LTD,INE180C01042
38403,PPL-11.15%-29-07-27-PVT,INE0MYJ07146
38413,DIC INDIA LTD.,INE303A01010
38414,AFL-18-2-26-CP,INE891K14OS9
38415,Waa Solar Limited,INE799N01012
38416,PANACEA BIOTEC LTD,INE922B01023
38419,GS15APR27C,IN000427C046
38421,AFL-6-3-26-CP,INE891K14OT7
38435,DECCAN BEARINGS LTD.,INE498D01012
38460,AXFL-6-2-26-CP,INE891K14OW1
38466,AAKAAR MEDICAL TECHNO LTD,INE1GYP01013
38468,IFSL-8-6-26-CP,INE321N14364
38479,LOANX SILVERBELL- 11.85%-18-6-,INE1UUH15019
38499,MAHINDRA LIFESPACE DEVLTD,INE813A01018
38532,NAHAR SPINNING MILLS LTD.,INE290A01027
38540,Axis Mutual Fund,INF846K01Z12
38552,Physicswallah Limited,INE0LP301011
38591,OMKAR SPL CHEM LTD,INE474L01016
38608,ATLAS CYCLE (HARYANA) LTD,INE446A01025
38628,ASIAN PAINTS LTD.,INE021A01026
38661,IRFC-8.79%-4-5-30-PVT,INE053F09GX2
38662,IFSL-27-3-26-CP,INE321N14331
38679,RIR POWER ELECTRONICS LIMITED,INE302D01024
38726,KDDL LIMITED,INE291D01011
38750,DCM SHRIRAM LIMITED,INE499A01024
38771,KAYNES TECHNOLOGY INDIA LIMITE,INE918Z01012
38777,IMAGICAAWORLD ENT LTD,INE172N01012
38779,SDL BR 7.45% 2031,IN1320230056
38781,AXIS MUTUAL FUND - AXIS GOLD E,INF846K01W80
38782,PGCIL-7.5%-24-8-33-PVT,INE752E08700
38784,IFPL-13-3-26-CP,INE879F14LJ9
38786,FIVE-STAR BUS FIN LTD,INE128S01021
38788,HOUSING DEVELOPMENT & INFRASTR,INE191I01012
38798,AFL-9.8%-29-1-28-PVT,INE605Y07197
38802,SDL BR 7.49% 2031,IN1320230064
38804,PGCIL-7.70%-12-10-33-PVT,INE752E08718
38810,IFPL-9-6-26-CP,INE879F14LH3
38813,AFPL-9.7%-29-1-27-PVT,INE605Y07189
38816,SDL BR 7.5% 2031,IN1320230031
38819,Manoj Ceramic Limited,INE0A6N01026
38821,UGRO CAPITAL LIMITED,INE583D01011
38838,ORBIT EXPORTS LIMITED,INE231G01010
38839,SDL BR 7.49% 2031,IN1320230049
38843,AXFPL-9.90%-31-7-27-PVT,INE605Y07171
38845,IFPL-6-2-26-CP,INE879F14LG5
38864,Praxis Home Retail Limited,INE546Y01022
38865,AXFPL-9.65%-19-7-27-PVT,INE605Y07163
38867,SDL BR 7.7% 2031,IN1320230098
38873,AFPL-9.90%-21-2-27-PVT,INE605Y07155
38874,Surat Trade and Mercantile Lim,INE936A01025
38875,VADIVARHE SPCLTY CHEM LTD,INE551Q01028
38882,INSPIRISYS SOLUTIONS LTD,INE020G01017
38884,AFPL-9.90%18-12--26-PVT,INE605Y07148
38894,TALBROS AUTO. COMP. LTD,INE187D01029
38902,SDL BR 7.52% 2031,IN1320230072
38904,SDL BR 7.62% 2031,IN1320230080
38910,GUJARAT CRAFT INDUSTRIES LTD.,INE372D01019
38923,AFPL-9.90%-29-11-26-PVT,INE605Y07130
38936,Meera Industries Limited,INE343X01018
38972,V R WOODART LTD.,INE317D01014
38977,AXISCADES TECH LTD,INE555B01013
38983,AATMAJ HEALTHCARE LIMITED,INE0OB201016
38998,RAJAPALAYAM MILLS LTD.,INE296E01026
38999,NGL FINE-CHEM LTD.,INE887E01022
39061,GACM TECHNOLOGIES LIMITED,INE224E01036
39063,SDL BR 7.37% 2030,IN1320230015
39071,TEAM24 CONSUMER PRODUCTS LIMIT,INE601A01017
39091,SDL BR 7.4% 2030,IN1320230023
39092,GACM TECHNOLOGIES LIMITED,INE224E01028
39117,TEAMLEASE SERVICES LTD.,INE985S01024
39129,IndoStar Capital Finance Limit,INE896L01010
39144,Shradha AI Technologies Limite,INE489B01031
39155,SURYODAY SMALL FIN BK LTD,INE428Q01011
39156,SUBAM PAPERS LIMITED,INE0U6201010
39175,IFPL-22-5-26-CP,INE879F14KU8
39189,NHFPL-9.40%-21-11-26-PVT,INE01AI07033
39195,NCSL-8-4-26-CP,INE525L14109
39213,NHFPL-9.55%-13-4-28-PVT,INE01AI07017
39216,PGCIL-7.56%-31-3-33-PVT,INE752E08692
39218,NEXT MEDIAWORKS LIMITED,INE747B01016
39227,NHFPL-9.40%-19-9-26-PVT,INE01AI07025
39228,IFPL-26-03-26-CP,INE879F14KQ6
39250,PGCIL-6.05%-25-03-27-PVT,INE752E08668
39256,SDL WB 7.1% 2050,IN3420250034
39257,WTGL-8.71MCLR-31-3-34-PVT,INE829X07013
39260,AMAGI MEDIA LABS LIMITED,INE121R01077
39261,MOHITE INDUSTRIES LIMITED,INE154B01023
39262,NCSL-18-3-26-CP,INE525L14166
39265,PGCIL-7.52%-23-3-33-PVT,INE752E08684
39267,PGCL-7.40%-17-2-33-PVT,INE752E08676
39268,SDL WB 7.1% 2051,IN3420250042
39279,BlueStone Jewellery and Lifest,INE304W01038
39283,PGCIL-6.28%-11-4-31-PVT,INE752E08650
39285,AFPL-10%-18-11-28-PVT,INE605Y07221
39286,IFPL-27-02-26-CP,INE879F14KN3
39287,DIGISPICE TECHNOLOGIES LT,INE927C01020
39290,NCSL-05-05-26-CP,INE525L14125
39294,SDL WB 6.92% 2045,IN3420250018
39304,AFPL-9.70%-18-11-28-PVT,INE605Y07213
39306,Motilal Oswal Mutual Fund-Perm,INF247L01EV3
39309,SDL WB 7.11% 2047,IN3420250026
39315,IFPL-24-3-26-CP,INE879F14KL7
39318,AXFPL-9.70%-13-6-28-PVT,INE605Y07205
39319,NTPC GREEN ENERGY LIMITED,INE0ONG01011
39320,SDL WB 7.11% 2044,IN3420250075
39341,PGCIL-7.38%-12-04-2030-PVT,INE752E08635
39342,SDL WB 7.45% 2044,IN3420250083
39353,IFPL-17-2-26-CP,INE879F14KJ1
39366,PGCIL-7.49%-STRPPS B-25-10-29-,INE752E08601
39367,SDL WB 7.15% 2052,IN3420250059
39376,V.B.DESAI FINANCIAL SERVICES L,INE848D01018
39377,SDL WB 7.07% 2037,IN3420250067
39378,PGCIL-7.49%-STRPPSC-25-10-34-P,INE752E08619
39379,PHYTO CHEM (INDIA) LTD.,INE037C01010
39382,TATA INVESTMENT CORP LTD,INE672A01026
39383,KIC METALIKS LTD.,INE434C01027
39384,EMS LIMITED,INE0OV601013
39386,UTI Mutual Fund,INF789F1AZF3
39392,IFPL-20-4-26-CP,INE879F14MK5
39399,739IRFC27B,INE053F09IA6
39400,AAVAS FINANCIERS LIMITED,INE216P01012
39403,NRB INDUSTRIAL BEARINGS LTD.,INE047O01014
39406,GOI STRIPS C 151226,IN001226C058
39407,UTI Mutual Fund,INF789F1AZD8
39411,RACE ECO CHAIN LIMITED,INE084Q01012
39414,EDELAMC - EBBETF0430,INF754K01KO2
39420,NCSL-24-03-26-CP,INE525L14091
39421,CENLUB INDUSTRIES LTD.,INE627F01011
39422,IFPL-18-1-27-CP,INE879F14MJ7
39424,PGCIL-7.02%-12-12-35-PVT,INE752E08809
39429,UTI Mutual Fund,INF789F1AZE6
39432,Deep Diamond India Limited,INE005G01026
39433,76KARSDL33,IN1920220168
39435,IFPL-17-4-26-CP,INE879F14MI9
39437,RESTAURANT BRAND ASIA LTD,INE07T201019
39442,IFPL-25-3-26-CP,INE879F14MH1
39447,SDL HP 6.9% 2030,IN1720200048
39449,MARDIA SAMYOUNG CAPILLARY TUBE,INE277E01026
39457,SDL HP 6.36% 2028,IN1720200030
39466,IFPL-12-11-26-CP,INE879F14MG3
39467,Nirbhay Colours India Limited,INE218T01010
39472,UTI Mutual Fund,INF789F1AZC0
39474,Waaree Energies Limited,INE377N01017
39476,760KARSDL32,IN1920220119
39477,JK PAPER LIMITED,INE789E01012
39479,SDL AS 7.58% 2033,IN1220230016
39481,IFPL-18-03-26-CP,INE879F14MF5
39498,GS06NOV60,IN001160C018
39499,768KARSDL34,IN1920220127
39500,SDL AS 7.4% 2033,IN1220230024
39505,IFPL-14-12-26-CP,INE879F14ME8
39510,VERA SYNTHETIC LIMITED,INE709Z01015
39521,IFPL-16-03-26-CP,INE879F14MD0
39524,KAISER CORPORATION LIMITED,INE229G01022
39525,TRF LTD.,INE391D01019
39526,SDL HP 6.51% 2030,IN1720200089
39554,SDL HP 6.45% 2029,IN1720200071
39570,IFPL-30-11-26-CP,INE879F14MC2
39579,SFL-10.50%-29-8-26-NCD,INE302E08084
39585,INDO FARM EQUIPMENT LTD,INE622H01018
39591,TRANSOCEANIC PROPERTIES LTD.,INE074J01018
39598,IFL-30-4-26-CP,INE879F14MB4
39600,DCBBL-9.20%-18-11-34-PVT,INE503A08069
39602,SDL HP 6.53% 2029,IN1720200097
39611,SFL-ZC-29-8-26-NCD,INE302E08092
39612,IFPL-7-5-26-CP,INE879F14MA6
39621,DBL-9.35%-28-3-33-PVT,INE503A08051
39651,UTI Mutual Fund,INF789F1AYX9
39686,KALPATARU PROJECT INT LTD,INE220B01022
39687,SINGER INDIA LTD.,INE638A01035
39700,TATA STEEL LIMITED,INE081A01020
39711,HINDUSTAN COMPOSITES LTD.,INE310C01029
39718,BAFNA PHARMACEUTICALS LTD.,INE878I01022
39723,AGI Infra Limited,INE976R01033
39726,Indo US Bio-Tech Limited,INE250Z01010
39734,HINDUSTAN HARDY LIMITED,INE724D01011
39736,OMKAR SPECIALITY CHEMICALS LTD,INE474L01016
39740,HB ESTATE DEVELOPERS LTD.,INE640B01021
39741,IFPL-17-11-26-CP,INE879F14LY8
39745,CTRST-9.90%-17-4-26-PTC,INE14F615017
39750,687MAHSDL33,IN2220210024
39751,IFPL-26-5-26-CP,INE879F14LZ5
39752,ASSOCIATED ALCOHOLS & BREWERIE,INE073G01016
39766,Bigbloc Construction Limited,INE412U01025
39784,IFPL-10-3-26-CP,INE879F14LX0
39787,688MAHSDL33,IN2220210040
39796,IFPL-5-6-26-CP,INE879F14LV4
39805,V006T-9.93%20-8-29-PTC,INE0TTV15024
39810,IFPL-13-2-26-CP,INE879F14LW2
39814,RAP CORP LIMITED,INE483D01014
39815,678MAHSDL31,IN2220210073
39823,IFPL-11-5-26-CP,INE879F14LU6
39834,687MAHSD33,IN2220210065
39843,IFPL-30-1-26,INE879F14LT8
39846,STARCOM INFORMATION TECHNOLOGY,INE347I01010
39847,EDELAMC - EBBETF0431,INF754K01LE1
39858,PANASONIC ENERGY INDIA COMPANY,INE795A01017
39859,683MAHSDL32,IN2220210081
39864,DHAMPURE SPECIALITY SUGARS LTD,INE956B01013
39890,PGCIL-6.98%-12-8-35-PVT,INE752E08791
39900,PIX TRANSMISSIONS LIMITED,INE751B01018
39910,Northlink Fiscal And Capital S,INE736P01019
39911,DCBL-11-02-26-CP,INE755K14FQ8
39915,PGCIL-7.08%-25-10-34-PVT,INE752E08767
39916,DCL-9-3-26-CP,INE755K14FR6
39917,PGCIL-6.94%-15-04-35-PVT,INE752E08783
39918,PGCIL-7.12%-24-12-34-PVT,INE752E08775
39919,UTI Mutual Fund,INF789F1AYK6
39922,Sarveshwar Foods Limited,INE324X01026
39932,IFPL-11-9-26-CP,INE879F14LN1
39937,PGCIL-7.55%-23-4-34-PVT,INE752E08742
39944,Crompton Greaves Consumer Elec,INE299U01018
39946,Sandhar Technologies Limited,INE278H01035
39950,DCL-10-2-26-CP,INE755K14FP0
39961,WANBURY LIMITED,INE107F01022
39962,PGCIL-7.38%-23-7-34-PVT,INE752E08759
39972,SDL HP 6.6% 2030,IN1720200105
39975,PGCIL-7.65%-11-1-34-PVT,INE752E08726
39986,IFPL-11-03-26-CP,INE879F14LK7
39988,PGCIL-7.35%-12-3-34-PVT,INE752E08734
39990,DATAMATICS GLOBAL SERVICES LTD,INE365B01017
40003,763KARSDL37,IN1920220051
40005,NSEPL-8.91%-1-2-27-PVT,INE626J07160
40047,774KARSDL37,IN1920220036
40060,766KARSDL42,IN1920220044
40062,Sampann Utpadan India Limited,INE735M01018
40068,KOTAKMAMC-KOTAKBKETF,INF174K01F59
40074,LYONS CORPORATE MARKET LTD.,INE100F01019
40103,SDL AS 7.62% 2033,IN1220230115
40129,VCL-27-2-26-CP,INE01HV14748
40130,767KARSDL32,IN1920220028
40134,CRISIL LTD,INE007A01025
40140,SDL AS 7.67% 2033,IN1220230123
40150,Indian Renewable Energy Develo,INE202E01016
40158,VCL-20-3-26-CP,INE01HV14714
40205,SDL AS 7.74% 2033,IN1220230131
40219,ANUPAM FINSERV LIMITED,INE069B01023
40249,SDL AS 7.74% 2033,IN1220230149
40280,NIIF 7.3050% 2028 SR PP3,INE246R07806
40282,SDL BR 7.47% 2039,IN1320230213
40287,Capfin India Limited,INE960C01013
40294,SDL BR 7.43% 2039,IN1320230221
40299,HINDUSTAN TIN WORKS LTD.,INE428D01019
40306,SDL BR 7.49% 2039,IN1320230205
40316,MODERN INSULATORS LTD.,INE219W01012
40317,NIIF 7.48% 2033 SR PP 6,INE246R07848
40323,763KARSDL39,IN1920220093
40329,NIIF 7.41% 2031 SR PP 5,INE246R07830
40330,GS19SEP2037,IN000937C036
40344,NIIF 7.425% 2030,INE246R07822
40345,759KARSDL38,IN1920220077
40349,SDL BR 7.4% 2039,IN1320230239
40359,NIIF 7.43% 2030 SR PP 2,INE246R07814
40360,DHPL 12.15% 2027,INE835I08019
40363,SDL BR 7.39% 2039,IN1320230247
40364,FILATEX FASHIONS LTD.,INE185E01021
40378,REGAAL RESOURCES LIMITED,INE0MHO01029
40387,NHPCL-6.86%-06-05-40-PVT,INE848E08276
40391,NHPCL-6.86%-06-05-35-PVT,INE848E08292
40396,INVESTMENT & PRECISION CASTING,INE155E01016
40400,Mrs. Bectors Food Specialities,INE495P01020
40401,689MAHSDL32,IN2220210149
40403,Sayaji Hotels (Indore) Limited,INE0MGS01014
40406,NHPCL-6.86%-06-05-34-PVT,INE848E08284
40458,695MAHSDL32,IN2220210164
40462,GS06MAY70,IN000570C019
40471,EKI Energy Services Limited,INE0CPR01018
40479,NHPCL-7.59%-20-2-29-PVT,INE848E08235
40480,AXISAMC - AXISCETF,INF846K016C7
40481,SDL WB 7.58% 2042,IN3420250232
40482,695MAHSDL31,IN2220210198
40497,Silver Pearl Hospitality & Lux,INE0KXN01014
40499,SDL WB 7.57% 2046,IN3420250240
40501,701MHSDL32,IN2220210180
40503,NHPCL-7.59%-19-2-28-PVT,INE848E08243
40507,SDL WB 7.62% 2041,IN3420250208
40509,JAGRAN PRAKASHAN LIMITED,INE199G01027
40519,NHPCL-7.59%-20-2-27-PVT,INE848E08250
40522,SDL WB 7.6% 2045,IN3420250216
40531,TSI 9.35% 34 SR I-H,INE1C3207016
40532,NHPC-7.20%-27-1-35-PVT,INE848E08268
40537,SDL WB 7.59% 2047,IN3420250224
40550,UTIAMC-GILT10BETA,INF789F1AZF3
40552,SILVER TOUCH TECHNO LTD,INE625X01018
40563,SDL WB 7.6% 2047,IN3420250273
40568,RAMA PHOSPHATES LIMITED,INE809A01032
40570,SDL AS 7.37% 2033,IN1220230032
40595,SDL WB 7.59% 2037,IN3420250281
40607,SDL AS 7.34% 2033,IN1220230040
40609,NHPCL-7.59%-20-2-32-PVT,INE848E08201
40611,Sabrimala Industries India Lim,INE400R01018
40624,Tube Investments of India Ltd,INE974X01010
40639,SDL AS 7.34% 2033,IN1220230057
40645,NHPCL-7.59%-20-2-31-PVT,INE848E08219
40665,SDL WB 7.64% 2041,IN3420250257
40685,UTIAMC-GILT5BETA,INF789F1AZE6
40691,UTIAMC-ITBETA,INF789F1AZD8
40697,NHPCL-7.59%-20-2-30-PVT,INE848E08227
40699,SDL WB 7.61% 2045,IN3420250265
40701,SDL AS 7.45% 2033,IN1220230065
40709,GS19MAR2045,IN000345C032
40712,LICNAMC - LICNMID100,INF767K01RN1
40715,SDL GA 7.50% 2030,IN1420190200
40716,68MAHSDL31,IN2220210115
40717,SDL AS 7.45% 2033,IN1220230073
40724,SDL AS 7.47% 2028,IN1220230081
40726,UTIAMC-NIFTYBETA,INF789F1AZC0
40736,686MAHSDL32,IN2220210107
40743,JAGRAN PRAKASHAN LTD.,INE199G01027
40745,SDL WB 7.64% 2042,IN3420250299
40751,683MAHSDL31,IN2220210131
40752,SDL AS 7.47% 2033,IN1220230099
40765,683MAHSD32,IN2220210123
40806,SDL BR 7.74% 2039,IN1320230171
40809,PIX TRANSMISSIONS LTD.,INE751B01018
40813,NAGA DHUNSERI GROUP LTD,INE756C01015
40825,SDL BR 7.69% 2039,IN1320230189
40827,SDL AS 7.45% 2031,IN1220230206
40849,SDL WB 7.77% 2046,IN3420250091
40857,SDL AS 7.42% 2034,IN1220230214
40858,SDL BR 7.73% 2039,IN1320230155
40864,ENCOMPASS DESIGN INDIA L,INE433T01015
40894,ARO GRANITE IND. LTD.,INE210C01013
40899,SDL AS 7.47% 2034,IN1220230222
40905,INDUS TOWERS LIMITED,INE121J01017
40907,SDL BR 7.73% 2039,IN1320230163
40947,UFLEX LTD.,INE516A01017
40949,UTIAMC-MIDCAPBETA,INF789F1AYX9
40950,SDL AS 7.46% 2031,IN1220230230
40992,SDL BR 7.52% 2039,IN1320230197
41018,GLOBAL SURFACES LIMITED,INE0JSX01015
41023,TSIIC 9.35% 2033 SR 1- G,INE1C3207024
41031,AFSL-9.40%-8-9-26-PVT,INE087P07360
41034,ALCHEMIST CORPORATION LTD.,INE057D01016
41037,TSI 9.35% 32 SR I-F,INE1C3207032
41040,SDL BR 7.78% 2031,IN1320230106
41044,KSOLVES INDIA LIMITED,INE0D6I01023
41048,TSI 9.35% 31 SR I-E,INE1C3207040
41049,AFSL-9.4%-08-07-26-PVT,INE087P07345
41050,HMA AGRO INDUSTRIES LTD,INE0ECP01024
41051,KABSONS INDUSTRIES LTD.,INE645C01010
41053,TSI 9.35% 27 SR I-A,INE1C3207057
41054,AFSL-9.40%-28-7-28-PVT,INE087P07352
41055,Zenlabs Ethica Limited,INE546F01013
41061,Prithvi Exchange (India) Limit,INE621B01021
41062,KITEX GARMENTS LTD,INE602G01020
41063,NIFL 7.95% 2036 SR 7,INE246R07723
41064,TSI 9.35% 30 SR I-D,INE1C3207065
41066,AFSL-9.5221%-29-6-26-PVT,INE087P07329
41067,ABREL-8.35%-30-8-27-PVT,INE055A08052
41075,SDL BR 7.74% 2038,IN1320230130
41081,VIRYA RESOURCES LIMITED,INE661K01010
41087,ABREL-8.55%-30-8-29-PVT,INE055A08060
41088,TSI 9.35% 29 SR I-C,INE1C3207073
41089,NIFL 8.07% 2039 SR6 OPII,INE246R07715
41090,AFSL-9.5221%-29-5-26-PVT,INE087P07337
41099,SDL BR 7.63% 2038,IN1320230148
41110,TSIIC 9.35% 2028 SR I- B,INE1C3207081
41111,ALKALI METALS LTD.,INE773I01017
41113,NIFL 8.10% 2034 SR6 OPI,INE246R07707
41118,Kuber Udyog Limited,INE594R01018
41124,SDL BR 7.73% 2038,IN1320230114
41134,ABREL-8.05%-1-3-27-PVT,INE055A08045
41136,AFSL-9.65%-29-6-26-PVT,INE087P07311
41138,EMS LIMITED,INE0OV601013
41144,ABREL-8.10%-25-04-2026-PVT,INE055A08037
41145,SDL BR 7.7% 2038,IN1320230122
41153,NIIF 7.93% 2030 SR PP 04,INE246R07764
41167,Commercial Syn Bags Limited,INE073V01015
41171,NHPCL-7.59%-20-2-37-PVT,INE848E08151
41172,NIIF 7.99% 2037 SR PP 5,INE246R07772
41177,NIIF 7.875% 30 SR PP 03,INE246R07756
41190,NHPCL-7.59%-20-2-36-PVT,INE848E08169
41191,SANCHAY FINVEST LTD.,INE654D01010
41198,NIIF 7.99% 2029 SR PP 2,INE246R07749
41203,NHPCL-7.59%-20-2-35-PVT,INE848E08177
41205,NIFL 8.07% 2029 SR 01,INE246R07731
41208,NHPCL-7.59%-19-2-33-PVT,INE848E08193
41212,UTIAMC-SILVERBETA,INF789F1AYK6
41214,GS22OCT42,IN001042C034
41218,NHPCL-7.59%-20-2-34-PVT,INE848E08185
41221,SDL WB 7.75% 2047,IN3420250109
41231,SDL WB 7.47% 2044,IN3420250117
41234,NIIF 7.71% 2035 SR PP 1,INE246R07798
41245,SDL WB 7.47% 2046,IN3420250125
41256,Smartlink Holdings Limited,INE178C01020
41257,PGCIL-7.34%-15-7-34-PVT,INE752E08585
41258,PGCIL-7.34%-13-7-29-PVT,INE752E08577
41259,NHPC-7.59%-20-2-38-PVT,INE848E08144
41260,NIIF 7.93% 2032 SR PP 6,INE246R07780
41275,Shahlon Silk Industries Limite,INE052001026
41276,PGCIL-8.24%-14-2-29-PVT,INE752E08551
41279,SDL AS 7.54% 2028,IN1220230156
41280,PGCIL-7.74%-10-12-32-PVT,INE752E08544
41283,Motilal Oswal Mutual Fund-Perm,INF247L01FY4
41288,SDL WB 7.48% 2044,IN3420250158
41299,SDL WB 7.5% 2037,IN3420250166
41300,NIRMAN AGRI GENTICS LTD,INE0OK701014
41301,Motilal Oswal Mutual Fund-Perm,INF247L01FZ1
41302,SDL AS 7.53% 2029,IN1220230164
41329,PGCIL-7.74%-12-12-30-PVT,INE752E08528
41332,624MAHSDL26,IN2220210214
41337,SDL WB 7.42% 2036,IN3420250133
41338,SDL AS 7.78% 2034,IN1220230172
41350,SDL AS 7.68% 2031,IN1220230180
41357,PGCIL-7.74%-12-12-31-PVT,INE752E08536
41368,SDL WB 7.56% 2045,IN3420250141
41371,710MAHSDL36,IN2220210206
41377,We Win Limited,INE082W01014
41383,SDL WB 7.52% 2044,IN3420250190
41384,PGCIL-7.74%-12-12-28-PVT,INE752E08502
41385,JINDAL PHOTO LIMITED,INE796G01012
41386,SDL AS 7.52% 2034,IN1220230198
41387,638MAHSDL27,IN2220210230
41404,643MAHSDL27,IN2220210222
41406,PGCIL-7.74%-12-12-29-PVT,INE752E08510
41409,MRF LTD,INE883A01011
41414,BLUE PEBBLE LIMITED,INE0SAK01011
41418,TALBROS AUTOMOTIVE COMPONENTS,INE187D01029
41427,691MAHSDL34,IN2220210255
41428,SDL WB 7.56% 2042,IN3420250174
41439,NSEPL-8.91%-1-8-26-PVT,INE626J07152
41440,SDL WB 7.61% 2041,IN3420250182
41441,691MAHSDL33,IN2220210248
41442,DEVINSU TRADING LTD.,INE07LH01016
41453,AFSL-9.40%-27-9-27-PVT,INE087P07402
41460,PFL 9.35% 2026,INE140A07799
41463,SDL GA 7.15% 2032,IN1420210180
41469,ASHWINI CONTAINER MOVER L,INE1A6Q01010
41472,SDL GA 7.23% 2032,IN1420210172
41476,INDOWIND ENERGY LTD.,INE227G01018
41477,AVFSL-9.40%-7-10-27-PVT,INE087P07410
41488,ANZEN IND ENE YLD PLU TRU,INE0MIZ23019
41498,SDL GA 7.0% 2031,IN1420210164
41499,NAHAR CAP & FIN.,INE049I01012
41500,Newgen Software Technologies L,INE619B01017
41510,PA11T-13.31%-14-1-28-PTC,INE1CTC15010
41535,NHPC-7.35%-15-9-26-PVT,INE848E07AL0
41538,Motilal Oswal Mutual Fund,INF247L01BH8
41542,SDL GA 6.98% 2031,IN1420210156
41553,SDL CG 7.68% 2032,IN3520230092
41570,VFIPL-9.25%-28-1-28-PVT,INE08Z607117
41585,KHANDWALA SECURITIES LTD.,INE060B01014
41599,KISETSU 8.35% 2027 SR L1,INE0DZE07036
41607,VFIPL-9.25%-28-7-27-PVT,INE08Z607109
41609,OMAX AUTOS LTD,INE090B01011
41625,SHRI HARE-KRI SPO IRON L,INE0NON01025
41630,PFL 9.05% SR II 2026,INE140A07740
41631,KISETSU 8.254% 2029 SRL2,INE0DZE07028
41641,Motilal Oswal Mutual Fund,INF247L01BK2
41644,JCL 7.05% 2027 SR III,INE282H07034
41649,KSFP 8.164% 2029 SR I1,INE0DZE07044
41655,MOHFL-18-06-26-CP,INE658R14477
41667,PFL 9.35% SR IV 20233,INE140A07773
41669,JCL 7.08% 2028 SR II,INE282H07026
41672,SDL GA 7.34% 2032,IN1420210198
41675,Motilal Oswal Mutual Fund,INF247L01BL0
41689,PFL 9.20% SR III 2028,INE140A07765
41690,MAHARASHTRA SEAMLESS LTD.,INE271B01025
41691,JCL 7.19% 2028 SR I,INE282H07018
41697,SDL GA 6.85% 2031,IN1420210107
41700,AFSL-8.9%-10-9-27-PVT,INE087P07485
41701,MTNL-6.85%-20-12-30-PVT,INE153A08097
41709,GV FILMS LTD.,INE395B01048
41715,Motilal Oswal Mutual Fund,INF247L01BB1
41716,SDL TN 7.2% 2055,IN3120240590
41735,AVFSL-9.4%-29-10-27-PVT,INE087P07469
41740,SDL TN 7.18% 2036,IN3120240582
41742,NHPC-7.52%-06-06-26-PVT,INE848E07AB1
41756,AFSL-9%-24-7-28-PVT,INE087P07477
41757,MTNL-7.05%-11-10-30-PVT,INE153A08089
41758,NHPC-7.52%-06-06-27-PVT,INE848E07AC9
41761,SDL TN 7.17% 2033,IN3120240574
41776,SDL GA 6.85% 2031,IN1420210149
41779,Motilal Oswal Mutual Fund,INF247L01BE5
41781,KECIL-27-03-26-CP,INE389H14LU2
41783,AFSL-9.4%-22-10-27-PVT,INE087P07444
41786,JSW HOLDINGS LIMITED,INE824G01012
41787,NWIL-16-6-26-CP,INE523L14971
41788,INOX India Limited,INE616N01034
41789,SDL GA 7.0% 2031,IN1420210131
41790,AVFSL-9.60%-30-4-27-PVT,INE087P07451
41795,WIPRO LTD,INE075A01022
41796,N R VANDANA TEX IND LTD,INE104101014
41799,KECIL-16-03-26-CP,INE389H14LS6
41805,AFSL-9.4%-16-4-27-PVT,INE087P07428
41806,SDL GA 6.89% 2031,IN1420210123
41820,KIL-6-3-26-CP,INE389H14LR8
41825,KECIL-30-03-26-CP,INE389H14LT4
41828,AFSL-9.564%-16-10-28-PVT,INE087P07436
41829,Gian Life Care Limited,INE063601012
41833,SDL GA 6.83% 2031,IN1420210115
41841,EDELAMC - BBETF0432,INF754K01OB1
41849,OBEROI REALTY LTD.,INE093I01010
41850,NELCAST LTD.,INE189I01024
41859,SDL TN 7.11% 2045,IN3120240525
41861,SANSTAR LIMITED,INE08NE01025
41862,SDL TN 7.15% 2035,IN3120240509
41863,NGL FINE CHEM LIMITED,INE887E01022
41865,DUKE OFFSHORE LTD.,INE397G01019
41869,NHPCL-7.13%-11-2-27-PVT,INE848E07AZ0
41874,SDL TN 7.12% 2055,IN3120240517
41903,Motilal Oswal Mutual Fund,INF247L01AU3
41911,NORTHERN ARC CAPITAL LTD,INE850M01015
41923,NHPC-7.38%-02-01-27-PVT,INE848E07AU1
41924,SDL CG 7.65% 2033,IN3520230126
41935,SDL TN 7.18% 2055,IN3120240566
41940,8.79% SEC RED BOND S2B,INE848E07559
41945,NHPC-7.38%-03-01-28-PVT,INE848E07AV9
41951,SDL CG 7.67% 2031,IN3520230118
41953,SDL TN 7.17% 2045,IN3120240558
41977,NHPC-7.38%-03-01-29-PVT,INE848E07AW7
41980,8.92% SEC RED BOND S3B,INE848E07567
41981,SDL CG 7.67% 2033,IN3520230100
41982,SDL TN 7.09% 2035,IN3120240541
42004,NHPC-7.38%-03-01-30-PVT,INE848E07AX5
42013,SDL TN 7.18% 2055,IN3120240533
42017,TAMILNADU NEWSPRT & PAPER,INE107A01015
42020,PRAMARA PROMOTIONS LTD,INE0O7A01017
42021,SOBHAGYA MERCHANTILE LTD.,INE754D01018
42036,SDL CG 7.46% 2031,IN3520230167
42041,SVS VENTURES LIMITED,INE0MID01012
42052,PRAG BOSIMI SYNTHETICS LTD.,INE962B01011
42061,MOTILAL OSWAL MOST SHARES NASD,INF247L01AP3
42077,SDL CG 7.44% 2030,IN3520230159
42080,KALYANI FORGE LTD.,INE314G01014
42083,TERA SOFTWARE LTD.,INE482B01010
42097,8.54% SEC RED BOND S2A,INE848E07526
42110,Parshva Enterprises Limited,INE05MV01019
42120,VFIPL-9.25%-28-7-28-PVT,INE08Z607091
42125,SDL CG 7.43% 2029,IN3520230142
42139,8.67% SEC RED BOND S3A,INE848E07534
42141,SDL CG 7.51% 2032,IN3520230134
42145,QUALITY POWER ELEC EQUP L,INE0SII01026
42161,ISGEC HEAVY ENGINEERING LTD.,INE858B01029
42174,MOTILAL OSWAL M50 ETF,INF247L01536
42185,Innovators Facade Systems Limi,INE870Z01015
42188,VFIPL-9.55%-2-6-26-PVT,INE08Z607067
42191,EIAIPL-10.15%-RESET RATE-6-2-2,INE12W707013
42193,SDL CG 7.47% 2030,IN3520230191
42198,NHPC-7.35%-15-9-27-PVT,INE848E07AM8
42212,VFIPL-9.55%-02-05-26-PVT,INE08Z607059
42213,SDL CG 7.44% 2029,IN3520230183
42224,NSB BPO Solutions Limited,INE0SLP01017
42229,SDL CG 7.46% 2033,IN3520230175
42231,IIL-7.92%-6-6-30-PVT,INE537P07828
42240,CESC LTD.,INE486A01021
42243,MTNL-7.8%-24-2-33-PVT,INE153A08139
42244,IIL-7.93%-6-12-34-PVT,INE537P07836
42246,MTNL-7.75%-24-3-33-PVT,INE153A08147
42247,IIL-7.94%-20-09-30-PVT,INE537P07844
42248,SHETRON LTD.,INE278C01010
42249,REPCO HOME FINANCE LTD,INE612J01015
42250,DANISH POWER LIMITED,INE0YU901016
42253,MTNL-8%-15-11-32-PVT,INE153A08105
42254,IIL-7.95%-13-8-39-PVT,INE537P07802
42255,DIVGI TORQTRANSFER SYSTEMS LIM,INE753U01022
42256,MTNL-7.87%-1-12-32-PVT,INE153A08113
42257,IIDL-8%-29-10-29-PVT,INE537P07810
42260,MTNL-7.78%-10-2-33-PVT,INE153A08121
42262,Motilal Oswal Mutual Fund,INF247L01AK4
42271,SUPREME FACILITY MGMT LTD,INE0U6N01014
42282,MTNL-7.8%-7-11-33-PVT,INE153A08170
42284,AKSH OPTIFIBRE LTD.,INE523B01011
42301,MTNL-7.51%-6-3-34-PVT,INE153A08188
42304,A-1 LIMITED,INE911Z01025
42311,UNIFIED DATA TECH SOLUTIONS LI,INE1ABX01018
42327,MTNL-7.59%-20-7-33-PVT,INE153A08154
42335,Metro Brands Limited,INE317I01021
42342,MTNL-7.61%-24-8-33-PVT,INE153A08162
42352,VFPL-11.40%-16-5-30-UL-PVT,INE125T07279
42353,UVS HOSPITALITY AND SERVICES L,INE528C01018
42354,SDL TN 7.11% 2055,IN3120240483
42364,VFPL-12.30%-27-02-27-PVT,INE125T07261
42365,AMIN TANNERY LIMITED,INE572Z01017
42367,SDL TN 7.14% 2044,IN3120240475
42370,CNHICPL-20-2-26-CP,INE0P4D14242
42377,COLAB PLATFORMS LIMITED,INE317W01030
42379,SDL TN 7.11% 2034,IN3120240467
42381,SDL TN 7.03% 2029,IN3120240459
42382,MAXGROW INDIA LIMITED,INE485D01043
42391,IIL-7.60%-28-08-37-PVT,INE537P07869
42397,ARKADE DEVELOPERS LIMITED,INE0QRL01017
42398,IIL-7.39%-27-5-31-PVT,INE537P07877
42408,Kairosoft AI Solutions Limited,INE820M01018
42424,L&T FINANCE LIMITED,INE498L01015
42438,IIL-7.45%-26-6-30-PVT,INE537P07851
42439,SIGACHI INDUSTRIES LTD,INE0D0K01022
42440,SDL TN 7.22% 2035,IN3120240491
42441,DHANLAXMI COTEX LTD.,INE977F01010
42442,TRADE WINGS LTD.,INE961E01017
42457,CHEMBOND MATERIALTECH LTD,INE995D01025
42474,SDL TN 6.96% 2028,IN3120240400
42506,AEGIS VOPAK TERMINALS LTD,INE0INX01018
42553,LTF-8.98%-13-3-29-NCD,INE027E07998
42573,CHAMUNDA ELECTRICAL LTD,INE11HG01018
42582,SDL TN 7.10% 2054,IN3120240442
42584,NBCC (India) Limited,INE095N01031
42586,LTF-9.2%-13-3-29-NCD,INE027E07964
42598,SDL CG 7.39% 2033,IN3520230241
42607,LTF-8.84%-13-3-29-NCD,INE027E07980
42609,SDL CG 7.38% 2032,IN3520230233
42610,LTF-9.35%-13-3-29-NCD,INE027E07972
42617,SDL TN 6.97% 2028,IN3120240434
42630,SDL CG 7.45% 2033,IN3520230225
42631,KMPL-5-1-27-CP,INE916D146J4
42637,SDL TN 7.10% 2034,IN3120240426
42649,Sealmatic India Limited,INE0O4601016
42667,SDL CG 7.47% 2031,IN3520230209
42674,KMPL-15-1-27-CP,INE916D146K2
42675,EFL-10.48%-5-9-26-PVT,INE612U07092
42683,SDL CG 7.48% 2032,IN3520230217
42693,SDL TN 7.08% 2034,IN3120240418
42715,SHARAT INDUSTRIES LTD.,INE220Z01013
42727,SDL CG 7.47% 2034,IN3520230282
42732,J.G.Chemicals Limited,INE0MB501011
42758,SDL CG 7.47% 2033,IN3520230274
42772,SDL CG 7.46% 2032,IN3520230266
42795,BRIGHT BROTHERS LTD.,INE630D01010
42810,SDL CG 7.38% 2034,IN3520230258
42849,Transindia Real Estate Limited,INE0O3901029
42868,Hindustan Aeronautics Limited,INE066F01020
42898,SUNFLAG IRON & STEEL CO.LTD.,INE947A01014
42901,PM2411-9.20%-25-8-27-PTC,INE0UT815015
42925,URBAN ENVIRO WASTE MGMT L,INE0O0201019
42936,SDL CG 7.47% 2032,IN3520230290
42937,KSHITIJ POLYLINE LIMITED,INE013801027
42938,EMERGENT INDUSTRIAL SOLUTIONS ,INE668L01013
42939,SDL HP 6.57% 2030,IN1720200121
42940,IIL-8.04%-25-4-33-PVT,INE537P07703
42941,VFPL-11.7%-6-8-27-pvt,INE125T07311
42942,IIDL-7.95%-27-6-28-PVT,INE537P07711
42943,PGCIL-7.36%-18-10-26-PVT,INE752E07OC4
42944,SDL HP 6.57% 2030,IN1720200113
42945,VFPL-11.5%-27-9-26-PVT,INE125T07303
42946,GHCL Textiles Limited,INE0PA801013
42947,PGCIL-7.97%-15-7-31-PVT,INE752E07OA8
42948,SDL HP 6.63% 2033,IN1720200147
42949,Motilal Oswal Mutual Fund-Perm,INF247L01DK8
42952,PGCIL-7.55%-21-9-31-PVT,INE752E07OB6
42953,SDL HP 6.63% 2031,IN1720200139
42954,SDL HP 7.02% 2036,IN1720200162
42969,733MPSDL42,IN2120210058
42970,HDBFSL-8.04%-25-2-26-PVT,INE756I07EL8
42975,SDL HP 7.05% 2035,IN1720200154
42993,NCSL-21-10-26-CP,INE0H3Q14014
42996,INTEGRA ESSENTIA LIMITED,INE418N01035
42999,HFSL-10-9-27-PVT,INE756I07EJ2
43004,Benchmark Computer Solutions L,INE0Q2Z01013
43012,PGCIL-7.97%-15-7-26-PVT,INE752E07NZ7
43014,FLYWINGS SIMULAT T C LTD,INE0SQZ01015
43015,IIL-7.98%-5-8-34-PVT,INE537P07794
43016,AKSHARCHEM INDIA LIMITED,INE542B01011
43017,HFSL-8.0736%-17-4-26-PVT,INE756I07EP9
43018,U. Y. FINCORP LIMITED,INE152C01025
43019,HDBFSL-ZC-17-3-28-PVT,INE756I07EQ7
43020,PGCIL-8.13%-25-4-31-PVT,INE752E07NX2
43021,NOVA AGRITECH LIMITED,INE02H701025
43022,IIL-8.19%-3-12-26-PVT,INE537P07778
43023,HDBFSL-7.84%-14-7-26-PVT,INE756I07EN4
43025,PCKRPPL-18.5%-3-9-29-PVT,INE1ZL407013
43026,VFPL-11.5%-18-12-30-PVT,INE125T07360
43027,FCS SOFTWARE SOLUTIONS LTD.,INE512B01022
43028,JKCL-7.90%-21-3-28-PVT,INE823G07219
43029,IIL-7.99%-28-6-36-PVT,INE537P07786
43030,HDB-7.99%-16-3-26-PVT,INE756I07EO2
43031,SAMPANN UTPADAN INDIA LTD,INE735M01018
43032,VFPL-11.80%-27-06-29-PVT,INE125T07352
43033,PGCIL-8.13%-25-4-29-PVT,INE752E07NV6
43034,HDBFSL-RESET RATE-08-05-26-PVT,INE756I07ET1
43035,IIL-8.245%-15-9-26-PVT,INE537P07752
43036,Motilal Oswal Mutual Fund-Perm,INF247L01DJ0
43037,PGCIL-8.13%-25-4-30-PVT,INE752E07NW4
43038,VFPL-12.30%-17-04-29-PVT,INE125T07345
43039,HFSL-7.9880%-8-12-26-PVT,INE756I07EU9
43040,PGCIL-8.13%-25-4-27-PVT,INE752E07NT0
43045,IIFL-7.95%-5-10-28-PVT,INE537P07729
43052,VFPL-11.35%-27-9-27-PVT,INE125T07337
43053,HDBFSL-8.3774%-24-04-26-PVT,INE756I07ER5
43058,PGCIL-8.13%-25-4-28-PVT,INE752E07NU8
43061,IIL-8.10%-31-10-35-PVT,INE537P07737
43064,IIL-8.06%-13-8-29-PVT,INE537P07745
43065,VFPL-11.5%-5-2-27-PVT,INE125T07329
43086,SDL AS 6.25% 2026,IN1220210026
43101,TYROON TEA CO.LTD.,INE945B01016
43102,SDL TN 6.99% 2031,IN3120240764
43111,SDL TN 6.87% 2028,IN3120240749
43120,PGCIL-8.13%-25-4-26-PVT,INE752E07NS2
43123,HDB-ZC-26-06-26-PVT,INE756I07DW7
43125,SDL AS 6.33% 2026,IN1220210018
43127,SDL TN 6.92% 2029,IN3120240756
43138,MALPANI PIPES AND FITTINGS LIM,INE0YON01014
43221,SDL TN 7.18% 2055,IN3120240731
43225,KORE DIGITAL LIMITED,INE0O4R01018
43240,VTM LTD.,INE222F01029
43253,HDB-6.35%-11-09-26-PVT,INE756I07DX5
43256,IIL-8.05%-24-7-28-PVT,INE537P07695
43277,VFPL-11.25%-12-7-26-UL-PVT,INE125T07287
43281,SDL TN 7.01% 2035,IN3120240772
43282,PGCIL-8.32%-23-12-30-PVT,INE752E07NL7
43304,Quint Digital Limited,INE641R01017
43308,PGCIL-8.40%-14-9-30-PVT,INE752E07NI3
43322,SDL AS 6.09% 2026,IN1220210091
43323,EFL-10.45%--27-10-26-PVT,INE612U07118
43350,SDL AS 6.91% 2031,IN1220210083
43365,PGCIL-8.40%-14-9-28-PVT,INE752E07NG7
43381,PGCIL-8.40%-14-9-29-PVT,INE752E07NH5
43384,SDL AS 6.85% 2031,IN1220210075
43386,REGANTO ENTERPRISES LIMITED,INE043B01028
43388,SOLARWORLD ENERGY SOL LTD,INE0TY101024
43410,UTIAMC-UTIGOLDBETA,INF789F1AUX7
43413,EFL-10%-7-8-31-PVT,INE612U07142
43416,SDL TN 7.18% 2045,IN3120240723
43417,SDL AS 6.87% 2031,IN1220210067
43418,PGCIL-8.40%-14-9-26-PVT,INE752E07NE2
43421,SDL TN 7.04% 2030,IN3120240707
43431,INTEGRATED THERMOPLASTICS LTD.,INE038N01015
43446,PGCIL-8.40%-14-9-27-PVT,INE752E07NF9
43447,SDL TN 7.15% 2033,IN3120240715
43451,Gala Precision Engineering Lim,INE0RE001014
43453,MANGALAM ALLOYS LIMITED,INE00C401011
43477,EFL-10.48%-15-5-31-PVT,INE612U07126
43489,MODISON LIMITED,INE737D01021
43490,UTIAMC-BANKBETA,INF789F1AUV1
43494,GODFREY PHILLIPS INDIA LTD.,INE260B01028
43513,SDL AS 6.98% 2031,IN1220210042
43518,dynamic Archistructures Limite,INE874E01012
43533,EFL-10.45%-17-10-30-PVT,INE612U07134
43556,UTIAMC-NEXT50BETA,INF789F1AUW9
43557,SDL AS 6.97% 2031,IN1220210034
43559,IL&FS TRANSPORTATION NETWORKS,INE975G01012
43563,NHPC Limited,INE848E07BK0
43564,SDL GA 6.99% 2031,IN1420210065
43565,RATEGAIN TRAVEL TECHN LTD,INE0CLI01024
43572,SDL GA 6.99% 2031,IN1420210057
43573,UTIAMC-SNXT50BETA,INF789F1AUU3
43574,SDL GA 6.96% 2031,IN1420210040
43578,Motilal Oswal Mutual Fund-Perm,INF247L01CI4
43579,MIDWEST LIMITED,INE0XAD01024
43580,NHPC Limited,INE848E07BL8
43581,NHPC Limited,INE848E07BN4
43582,SDL GA 6.89% 2031,IN1420210032
43594,NHPC Limited,INE848E07BM6
43613,WANBURY LTD.,INE107F01022
43614,SDL GA 6.88% 2031,IN1420210099
43617,COCHIN MALABAR ESTATES & INDUS,INE788M01017
43633,NHPCL-6.89%-10-3-28-PVT,INE848E07BG8
43636,MAURIA UDYOG LIMITED,INE150D01027
43641,BARTRONICS INDIA LTD.,INE855F01042
43648,MRS BECTORS FOOD SPE LTD,INE495P01020
43668,NHPCL-6.89%-9-3-29-PVT,INE848E07BH6
43669,SDL GA 6.97% 2031,IN1420210081
43673,NHPC Limited,INE848E07BJ2
43678,SDL GA 6.99% 2031,IN1420210073
43690,SHIGAN QUANTUM TECH LTD,INE03KJ01013
43691,ONWARD TECHNOLOGIES LTD,INE229A01017
43695,NHPCL-6.89%-11-3-30-PVT,INE848E07BI4
43706,NHPCL-7.13%-9-2-29-PVT,INE848E07BB9
43707,IIL-8.70%-31-10-32-PVT,INE537P07679
43708,ANKIT METAL & POWER LTD.,INE106I01010
43718,IIL-7.87%-22-12-27-PVT,INE537P07687
43719,NHPCL-7.13%-11-2-30-PVT,INE848E07BC7
43720,TATA COMMUNICATIONS LTD.,INE151A01013
43725,NHPCL6.89%-11-3-26-PVT,INE848E07BD5
43726,IIL-8%-28-6-27-PVT,INE537P07653
43731,BIMETAL BEARINGS LTD.,INE469A01019
43732,IIL-7.77%-29-8-27-PVT,INE537P07661
43734,NHPCL-6.89%-11-3-27-PVT,INE848E07BE3
43738,SDL TN 7.02% 2029,IN3120240699
43739,Motilal Oswal Mutual Fund-Perm,INF247L01CH6
43740,IIDL-6.75%-14-6-27-PVT,INE537P07638
43741,SDL GA 6.78% 2031,IN1420210016
43742,IIL-7.15%-22-2-27-PVT,INE537P07646
43743,VOLTAMP TRANSFORMERS LTD.,INE540H01012
43745,IIL-7.15%-30-6-26-PVT,INE537P07612
43750,WAAREE ENERGIES LIMITED,INE377N01017
43751,IIL-6.75%-30-3-27-PVT,INE537P07620
43752,TVS SRICHAKRA LTD.,INE421C01016
43753,NHPC-7.13%-11-2-28-PVT,INE848E07BA1
43754,Enbee Trade &amp; Finance Ltd,INE993I01029
43755,PENTAGON RUBBER LIMITED,INE0ORS01017
43760,KECIL-5-3-26-CP,INE389H14LQ0
43764,SDL TN 7.0% 2029,IN3120240640
43805,SDL TN 7.26% 2055,IN3120240632
43814,EXCEL INDUSTRIES LTD.,INE369A01029
43828,SDL AS 6.94% 2031,IN1220210125
43835,SDL TN 7.22% 2033,IN3120240624
43850,KIL-2-2-26-CP,INE389H14LN7
43851,KECIL-2-3-26-CP,INE389H14LP2
43858,SDL TN 7.08% 2030,IN3120240608
43866,ELECTROTHERM (I) LTD.,INE822G01016
43879,SDL TN 7.21% 2032,IN3120240616
43881,KECIL-05-02-26-CP,INE389H14LO5
43893,NHPCL-6.86%-12-2-35-PVT,INE848E07BW5
43894,SDL AS 6.99% 2031,IN1220210109
43895,IIL-7.25%-25-3-26-PVT,INE537P07596
43896,SDL TN 6.89% 2028,IN3120240681
43914,NHPCL-6.86%-12-2-36-PVT,INE848E07BX3
43915,SDL TN 7.23% 2055,IN3120240673
43920,KECIL-30-1-26-CP,INE389H14LM9
43931,PVL 18% 2029 SR B,INE362A07047
43932,STAR HOUSING FINANCE LIMITED,INE526R01028
43934,IIL-8.57%-15-7-30-PVT,INE537P07570
43936,DHRUVA CAPITAL SERVICES LTD.,INE972E01014
43939,SDL TN 7.18% 2035,IN3120240665
43947,PVL 18% 2029 SR A,INE362A07054
43948,OBSC PERFECTION LIMITED,INE0YHV01011
43949,SDL TN 7.09% 2030,IN3120240657
43966,NHPCL-6.86%-12-2-31-PVT,INE848E07BS3
43979,INDO US BIOTECH LTD,INE250Z01010
43996,SDL CG 7.47% 2030,IN3520230043
43999,JCL 7.26% 2030 SR IV,INE282H07042
44001,SHEEL BIOTECH LIMITED,INE0YJV01017
44006,UNICOMMERCE ESOLUTIONS L,INE00U401027
44007,NHPCL-6.86%-12-2-32-PVT,INE848E07BT1
44030,SDL CG 7.42% 2031,IN3520230035
44054,KRITI NUTRIENTS LTD,INE798K01010
44055,NHPCL-6.86%-11-2-33-PVT,INE848E07BU9
44074,SDL CG 7.4% 2030,IN3520230027
44081,LANCOR HOLDINGS LIMITED,INE572G01025
44086,SDL AS 7.03% 2031,IN1220210190
44092,NHPCL-6.86%-10-2-34-PVT,INE848E07BV7
44110,SDL CG 7.29% 2030,IN3520230019
44126,SDL AS 6.33% 2026,IN1220210182
44131,NHPC-6.86%-12-2-27-PVT,INE848E07BO2
44148,PRIME SECURITIES LTD.,INE032B01021
44151,GODREJ PROPERTIES LTD,INE484J01027
44152,MANOMAY TEX INDIA LTD,INE784W01015
44160,SDL CG 7.74% 2031,IN3520230084
44164,PGCIL-7.20%-9-8-27-PVT,INE752E07OG5
44165,Motilal Oswal Mutual Fund-Perm,INF247L01BU1
44176,767GOASDL33,IN1420230204
44185,SAREGAMA INDIA LIMITED,INE979A01025
44197,PGCIL-8.36%-6-1-29-PVT,INE752E07OH3
44213,SDL AS 6.97% 2031,IN1220210174
44214,SDL CG 7.73% 2031,IN3520230076
44220,NHPCL-6.86%-12-2-29-PVT,INE848E07BQ7
44238,INTEGRITY INFRABUILD DE L,INE0YSH01017
44248,SDL CG 7.54% 2031,IN3520230068
44251,PGCIL-7.89%-9-3-27-PVT,INE752E07OE0
44262,SDL AS 6.87% 2031,IN1220210166
44265,NHPCL-6.86%-11-2-28-PVT,INE848E07BP9
44281,NHPCL-6.86%-12-2-30-PVT,INE848E07BR5
44299,SDL AS 6.04% 2026,IN1220210158
44309,SAMBANDAM SPINNING MILLS LTD.,INE304D01012
44312,PGCIL-7.30%-19-6-27-PVT,INE752E07OF7
44313,SDL CG 7.49% 2030,IN3520230050
44320,VIT-8.25%-22-9-29-PVT,INE0KXY07026
44326,GUJARAT INDUSTRIES POWER CO.LT,INE162A01010
44335,VIT-8.34%-18-1-27-INVIT,INE0KXY07034
44344,SDL TN 7.29% 2054,IN3120240194
44349,10.75%-AUSFB-15-12-28-PVT,INE519Q08160
44360,VIT-7.40%-31-12-41-INVIT,INE0KXY07042
44364,FHL-MIFOR+Fixed Spread-19-12-2,INE061F08026
44375,SDL TN 7.27% 2032,IN3120240186
44376,AUSFB-10.75%-5-1-29-PVT,INE519Q08178
44379,Indian Railway Catering and To,INE335Y01020
44382,MAXVOLT ENERGY INDUS L,INE10A501018
44385,VIT-6.95%-26-6-28-InVits,INE0KXY07059
44391,SDL TN 7.24% 2030,IN3120240178
44396,AUSFB-10.75%-9-2-29-PVT,INE519Q08186
44403,MFSL-10.75%-8-7-29-PVT,INE348L08108
44405,FHL-MIFOR+Fixed Spread+19-12-2,INE061F08018
44440,SDL SK 7.2% 2035,IN3020240021
44449,PRATHAM EPC PROJECTS LTD,INE0QA601016
44459,NCL INDUSTRIES LTD.,INE732C01016
44468,SDL SK 7.14% 2034,IN3020240013
44491,GS06NOV58,IN001158C012
44510,VAMSHI RUBBER LTD.,INE380C01014
44513,SDL SK 7.1% 2035,IN3020240039
44515,GLOBAL VEC HELICORP LTD,INE792H01019
44535,BASF INDIA LTD.,INE373A01013
44539,SDL TN 7.27% 2054,IN3120240129
44545,EDELAMC - EGOLD,INF754K01SE6
44557,TPCL-02-02-26-CP,INE245A14KL2
44563,SDL TN 7.39% 2032,IN3120240111
44587,TPCL-9-2-26-CP,INE245A14KM0
44607,SDL TN 7.44% 2034,IN3120240103
44614,TPCL-20-02-26-CP,INE245A14KN8
44637,ICICIPRAMC - CASHIETF,INF109K1A021
44646,Shivansh Finserv Limited,INE728Q01014
44654,EDELAMC - ESILVER,INF754K01SF3
44667,PGCIL-9.3%-4-9-29-PVT,INE752E07LR8
44668,SDL TN 7.34% 2034,IN3120240160
44677,AUSFB-10.70%-23-2-29-PVT,INE519Q08194
44685,ASIAN HOTELS (EAST) LTD.,INE926K01017
44704,SDL TN 7.33% 2032,IN3120240152
44705,FHL-MIFOR+Fixed Spread+19-12-2,INE061F08034
44707,Deep Polymers Limited,INE00IY01012
44708,RACHANA INFRA LTD,INE02OY01016
44727,SDL TN 7.31% 2054,IN3120240145
44734,FACT LTD,INE188A01015
44737,SML-13.85%-12-7-29-PVT,INE982X08109
44742,NEXUS SELECT TRUST,INE0NDH25011
44755,ENERGY DEVELOPMENT COMPANY LTD,INE306C01019
44759,SDL TN 7.35% 2034,IN3120240137
44760,SELLOWRAP INDUSTRIES LTD,INE0IJF01013
44764,GS22AUG30C,IN000830C025
44768,PGC-9.65%-XLV-28-2-27-PVT,INE752E07LM9
44790,NMDC LTD.,INE584A01023
44791,TRENT LTD.,INE849A01020
44793,Captain Pipes Limited,INE513R01026
44799,PGC-9.65%-XLV-28-2-29-PVT,INE752E07LO5
44803,SDL AS 7.33% 2032,IN1220210257
44806,PGC-9.65%-XLV-28-2-28-PVT,INE752E07LN7
44814,SHILCHAR TECHNOLOGIES LTD,INE024F01011
44822,PGC-9.65%-XLV-28-2-26-PVT,INE752E07LL1
44835,ARFL-9.60%-24-11-34-PVT,INE03W108031
44847,SDL AS 7.12% 2032,IN1220210240
44861,SDL AS 7.09% 2032,IN1220210232
44878,SDL AS 6.85% 2029,IN1220210224
44882,AIA ENGINEERING LTD.,INE212H01026
44895,SDL AS 7.32% 2032,IN1220210216
44903,SDL AS 7.12% 2032,IN1220210208
44904,HERO MOTOCORP LTD.,INE158A01026
44907,GOCL Corporation Limited,INE077F01035
44913,Soni Medicare Limited,INE848R01018
44918,Music Broadcast Limited,INE919I01024
44929,AUTOLINE INDUSTRIES LTD,INE718H01014
44934,Smruthi Organics Limited,INE172E01011
44937,PGC-8.70%-15-07-2028-PVT,INE752E07LC0
44945,HARRISON MALAYALAM LTD,INE544A01019
44972,AFL-10.25%-25-2-28-PVT,INE03W108015
44989,AFL-10.75%-17-5-29-PVT,INE03W108023
44995,Pashupati Cotspin Limited,INE124Y01010
45010,GAYATRI RUBB AND CHEM LTD,INE0LVM01018
45014,MASK INVESTMENTS LIMITED,INE885F01015
45030,SDL TN 7.38% 2034,IN3120240087
45035,SDL WB 7.39% 2042,IN3420230267
45039,BEML LTD.,INE258A01024
45047,SDL TN 7.38% 2033,IN3120240079
45058,SDL WB 7.4% 2044,IN3420230259
45059,KRITIKA WIRES LIMITED,INE00Z501029
45068,SDL TN 7.34% 2029,IN3120240061
45076,SDL WB 7.45% 2042,IN3420230283
45078,Linde India Limited,INE473A01011
45085,SDL WB 7.39% 2044,IN3420230275
45089,SDL TN 7.43% 2034,IN3120240053
45092,RUCHIRA PAPERS LTD.,INE803H01014
45102,M LAKHAMSI INDUSTRIES LIMITED,INE808W01012
45107,GS19MAR2043,IN000343C037
45119,SDL WB 7.45% 2044,IN3420230291
45124,GRASIM INDUSTRIES LTD.,INE047A01021
45135,MFSL-10.75%-20-5-27-PVT,INE348L08041
45143,EDELAMC - EBANKNIFTY,INF754K01TE4
45159,SDL TN 7.43% 2032,IN3120240095
45215,EDELAMC - EMULTIMQ,INF754K01TF1
45224,PGCIL-8.40%-27-5-29-PVT,INE752E07MV8
45227,MFSL-10.75%-10-10-28-PVT,INE348L08082
45240,GOI LOAN 6.13% 2028,IN0020030022
45251,ARMAN HOLDINGS LTD,INE510P01018
45272,PGCIL-8.40%-27-5-30-PVT,INE752E07MW6
45274,ABHISHEK INTEGRATIONS LTD,INE0CAJ01017
45289,PGCIL-8.40%-27-5-27-PVT,INE752E07MT2
45292,SDL TN 7.49% 2044,IN3120240046
45301,PGCIL-8.40%-27-5-28-PVT,INE752E07MU0
45302,KAMAT HOTELS (INDIA) LTD.,INE967C01018
45308,MFSL-10.75%-27-10-28-PVT,INE348L08090
45314,SDL TN 7.49% 2034,IN3120240038
45326,Resourceful Automobile Limited,INE0SK201011
45332,SDL TN 7.5% 2031,IN3120240020
45342,HMT LTD.,INE262A01018
45344,HILTON METAL FORGING LTD,INE788H01017
45347,ICICI Prudential BSE Sensex ET,INF346A01034
45356,PGCIL-8.40%-27-5-26-PVT,INE752E07MS4
45359,SDL TN 7.42% 2034,IN3120240012
45380,NETWEB TECHNOLOGIES INDIA LIMI,INE0NT901020
45382,SML-14.27%-8-7-26-PVT,INE982X08042
45400,SML-14.27%-8-7-26-PVT,INE982X08034
45428,745APSDL33,IN1020240173
45431,FOCE INDIA LIMITED,INE0I7D01019
45438,PGCIL-8.15%-9-3-30-PVT,INE752E07MK1
45467,ANNAPURNA SWADISHT LTD,INE0MGM01017
45478,VEDANTA LIMITED,INE205A01025
45481,KMPL-8.25%-7-12-27-PVT,INE916D08DX4
45488,VINAYAK POLYCON INTERNATIONAL,INE581M01016
45503,Indobell Insulations Limited,INE0FK501019
45504,Diligent Media Corporation Lim,INE016M01021
45505,INDIAN HUME PIPE CO. LTD.,INE323C01030
45506,PGCIL-8.20%-23-1-30-PVT,INE752E07MH7
45523,SDL WB 7.52% 2039,IN3420230309
45528,EDELAMC - ECAPINSURE,INF754K01TX4
45530,SML-14.20%-30-4-29-PVT,INE982X08091
45531,Motherson Sumi Wiring India Li,INE0FS801015
45532,TULIVE DEVELOPERS LIMITED,INE637D01015
45533,SDL WB 7.53% 2044,IN3420230317
45545,INTERACTIVE FINANCIAL SERVICES,INE064T01018
45552,PGCIL-8.93%-20-10-28-PVT,INE752E07MC8
45565,PGCIL-8.93%-20-10-29-PVT,INE752E07MD6
45596,PGCIL-8.93%-20-10-26-PVT,INE752E07MA2
45607,NAVA LIMITED,INE725A01030
45616,SURATWWALA BUSINESS GROUP LIMI,INE05ST01028
45620,GAYATRI PROJECTS LTD.,INE336H01023
45626,PGCIL-8.93%-20-10-27-PVT,INE752E07MB0
45687,Western Overseas Study Abroad ,INE1MF401019
45688,Davin Sons Retail Limited,INE0Q2L01013
45697,ARCHIT ORGANOSYS LTD.,INE078I01011
45709,GS12JUN2040,IN000640C036
45719,VIBHOR STEEL TUBES LTD,INE0QTF01015
45733,GS17JUN40C,IN000640C028
45737,KMPL-28-8-26-CP,INE916D145Z2
45760,OPAL-27-02-26-CP,INE163N14584
45780,OPAL-13-3-26-CP,INE163N14576
45781,714MHSDL29,IN2220190093
45788,PREMIER POLYFILM LTD,INE309M01020
45806,KMPL-8-5-26-CP,INE916D145X7
45807,EVEREST KANTO CYLINDER LTD.,INE184H01027
45814,717MHSDL29,IN2220190077
45817,KMPL-7-9-26-CP,INE916D145Y5
45854,WARDWIZARD INNOVATIONS AND MOB,INE945P01024
45865,SDL TN 7.11% 2034,IN3120240368
45870,ACI INFOCOM LTD.,INE167B01025
45885,KMPL-24-11-26-CP,INE916D146H8
45892,SDL TN 7.12% 2034,IN3120240350
45893,KMPL-9-12-26-CP,INE916D146I6
45894,724MHSDL29,IN2220190051
45901,KALYANI STEELS LIMITED,INE907A01026
45914,SDL TN 7.02% 2029,IN3120240343
45933,739MAHSDL30,IN2220190036
45951,OPAL-13-5-26-CP,INE163N14592
45962,SDL TN 7.16% 2054,IN3120240335
45968,KMPL-7-10-26-CP,INE916D146C9
45972,TAHMAR ENTERPRISES LIMITED,INE385D01029
45974,679GOI2027,IN0020170026
45994,725APSDL47,IN1020240512
45997,SIGNET INDUSTRIES LIMITED,INE529F01035
46002,PG ELECTROPLAST LTD.,INE457L01029
46009,SDL TN 7.16% 2054,IN3120240392
46023,815MH2030,IN2220190010
46036,KAY CEE ENERGY & INFRA L,INE0RCG01017
46043,668GOI2031,IN0020170042
46061,SDL TN 7.14% 2034,IN3120240384
46095,SDL TN 7.1% 2032,IN3120240376
46108,OMANSH ENTERPRISES LTD,INE378P01036
46125,BHFL-7.80%-9-2-34-PVT,INE377Y07458
46135,SDL CG 7.49% 2035,IN3520230324
46143,IIL-8.10%-25-12-26-PVT,INE537P07273
46151,SDL CG 7.47% 2033,IN3520230308
46156,BHFL-8.04%-18-1-27-PVT,INE377Y07441
46159,KMPL-06-07-26-CP,INE916D145O6
46168,SDL CG 7.47% 2034,IN3520230316
46177,BHFL-8.05%-8-5-29-PVT,INE377Y07474
46178,IIL-8.24%-30-11-26-PVT,INE537P07257
46188,BHFL-8%-16-2-26-PVT,INE377Y07466
46194,BHFL-7.98%-9-9-26-PVT,INE377Y07490
46207,GOA CARBON LTD.,INE426D01013
46213,KMPL-29-5-26-CP,INE916D145J6
46216,EMMESSAR BIOTECH & NUTRITION L,INE634B01016
46221,SDL TN 7.13% 2034,IN3120240327
46227,GENSOL ENGINEERING LTD,INE06H201014
46229,BHFL-8.10%-8-7-27-PVT,INE377Y07482
46234,PVP VENTURES LTD.,INE362A01016
46239,KMPL-5-6-26-CP,INE916D145K4
46244,IIL-8.24%-29-08-26-PVT,INE537P07240
46245,SDL TN 7.00% 2029,IN3120240319
46254,CNHICIPL-27-03-26-CP,INE0P4D14259
46256,IIL-8.57%-23-06-26-PVT,INE537P07216
46269,SDL TN 7.12% 2034,IN3120240301
46336,GS19SEP2060,IN000960C020
46338,Mudunuru Limited,INE491C01027
46361,JSW Infrastructure Limited,INE880J01026
46375,THE STATE TRADING CORPN,INE655A01013
46396,V-MART RETAIL LTD.,INE665J01013
46423,Awfis Space Solutions Limited,INE108V01019
46428,BHFL-7.90%-28-4-28-PVT,INE377Y07417
46429,TVS HOLDINGS LIMITED,INE105A01035
46438,BHFL-8.04%-9-2-33-PVT,INE377Y07409
46444,BHFL-7.85%-01-9-28-PVT,INE377Y07433
46455,KMPL-21-07-26-CP,INE916D145P3
46467,EIH ASSOCIATED HOTELS LTD.,INE276C01014
46472,BHFL-7.78%-26-5-26-PVT,INE377Y07425
46481,ERP SOFT SYSTEMS LTD.,INE308B01017
46483,GS06MAY45,IN000545C011
46489,Swagatam Trading & Services Li,INE150R01019
46496,MAHARASHTRA SCOOTERS LTD,INE288A01013
46497,B.J.DUPLEX BOARDS LTD.,INE265C01025
46498,EDELAMC - EBBETF0433,INF754K01QX0
46521,KMPL-27-03-26-CP,INE916D144Z5
46523,PGC-7.93%-20-05-2028-PVT,INE752E07KZ3
46525,SHREE HANUMAN SUGAR & INDUSTRI,INE101H01013
46538,SOM DISTILLERIES & BREWERIES L,INE480C01038
46564,SDL TN 7.1% 2034,IN3120240293
46586,PGC-7.93%-20-05-2026-PVT,INE752E07KX8
46589,MAGADH SUGAR & ENERGY LTD,INE347W01011
46599,PGC-7.93%-20-05-2027-PVT,INE752E07KY6
46605,Aditya Birla Capital Ltd,INE674K01013
46607,KMPL-06-03-26-CP,INE916D144Y8
46615,ENTERO HEALTHCARE SOLU L,INE010601016
46621,KMPL-19-2-26-CP,INE916D144V4
46623,ALIVUS LIFE SCIENCES LIMITED,INE03Q201024
46629,KMPL-24-2-26-CP,INE916D144W2
46638,SDL TN 7.22% 2054,IN3120240244
46643,KMPL-20-04-2026-CP,INE916D145F4
46645,PFL 9.12% 2027,INE140A07831
46648,Pilani Investment And Industri,INE417C01014
46649,HINDUSTAN FLUOROCARBONS LTD.,INE806J01013
46657,BHFL-7.25%-29-10-31-PVT,INE377Y07284
46664,717GOI2028,IN0020170174
46676,PFL 9.30% 2029,INE140A07823
46679,SDL TN 7.06% 2029,IN3120240236
46684,Vidhi Specialty Food Ingredien,INE632C01026
46695,GS12DEC42,IN001242C071
46696,SDL TN 7.19% 2034,IN3120240228
46698,MOTILAL OS MIDCAP100 ETF,INF247L01023
46702,727APSDL36,IN1020240454
46708,MAX HEALTHCARE INS LTD,INE027H01010
46709,PFL 9.19% 2028,INE140A07849
46721,SDL TN 7.21% 2034,IN3120240210
46742,ABL-8.75%-23-4-26-PVT,INE442H08032
46754,SDL TN 7.22% 2054,IN3120240285
46766,KSH INTERNATIONAL LIMITED,INE987S01020
46769,GS06NOV35C,IN001135C010
46771,733APSDL43,IN1020240405
46774,KMPL-06-04-26-CP,INE916D145B3
46775,SKIL Infrastructure Limited,INE429F01012
46780,SDL TN 7.03% 2029,IN3120240277
46790,KMPL-5-5-26-CP,INE916D145C1
46791,ABL-8.75%-9-4-26-PVT,INE442H08040
46806,PFL 9.10% 2035,INE140A07815
46828,CWD Limited,INE0H8H01019
46831,SDL TN 7.19% 2032,IN3120240269
46833,PFL 9.50% 2034,INE140A07807
46834,SOUTHERN PETROCHEMICALS LTD.,INE147A01011
46837,DEN NETWORKS LTD,INE947J01015
46852,SDL TN 7.06% 2029,IN3120240251
46859,FINEOTEX CHEMICAL LIMITED,INE045J01034
46890,IIL-8.65%-21-03-26-PVT,INE537P07166
46905,ATIPL-11.35%-11-6-28-PVT,INE889K08038
46913,BHFL-7.89%-8-9-32-PVT,INE377Y07359
46928,ABL-8.75%-16-4-26-PVT,INE442H08057
46934,SLICL-9.55%-28-12-35-PVT,INE227H08011
46955,IIL-8.65%-21-03-26-PVT,INE537P07141
46961,TRIUMPH INTERNATIONAL FINANCE,INE382B01012
46967,QSSPL-11.4%-9-5-30-PVT,INE1LGZ07016
46969,BHFL-7.92%-16-3-26-PVT,INE377Y07375
46970,TPCL-26-02-26-CP,INE245A14KO6
46981,SDL TN 7.23% 2034,IN3120240202
46990,BHFL-7.84%-23-9-32-PVT,INE377Y07367
46993,TPCL-2-3-26-CP,INE245A14KP3
47001,TPC-11-3-26-CP,INE245A14KQ1
47002,8.62%-IIL-07-03-26-PVT,INE537P07125
47005,737APSDL36,IN1020240363
47019,LA OPALA RG LTD.,INE059D01020
47035,B&B TRIPLEWALL CONT LTD,INE01EE01011
47036,BHFL-7.98%-18-11-27-PVT,INE377Y07383
47063,NEELKANTH ROCKMINERALS LTD.,INE741D01015
47080,KMPL-5-2-26-CP,INE916D144U6
47098,Hi-Klass Trading and Investmen,INE302R01024
47099,KESAR INDIA LIMITED,INE0L1C01019
47103,GS06MAY68,IN000568C013
47129,LAKSHMI ENGINEERING AND WAREHO,INE718M01022
47134,KOVAI MEDICAL CENTER & HOSPITA,INE177F01017
47135,AZAD INDIA MOBILITY LIMITED,INE566M01017
47151,RAMCO INDUSTRIES LTD.,INE614A01028
47152,BHFL-7.70%-21-5-27-PVT,INE377Y07300
47153,HARDWYN INDIA LIMITED,INE626Z01029
47154,IIL-8.51%-05-05-26-PVT,INE537P07182
47155,MOLD-TEK PACKAGING LTD,INE893J01029
47156,TTL-11-02-26-CP,INE508G14HX1
47157,COFFEE DAY ENTERPRISE LTD,INE335K01011
47158,PRIME FOCUS LIMITED,INE367G01038
47159,TTL-29-1-26-CP,INE508G14HU7
47160,NIDAN LABS AND HEALTH LTD,INE0J6L01013
47161,TTL-02-02-26-CP,INE508G14HV5
47162,GALAXY CLOUD KITCHENS LIMITED,INE403B01016
47163,IKFFL-9%-17-10-27-PVT,INE859C07196
47166,AFPL-9.15%-27-5-27-PVT,INE985V07090
47167,IKF-10.30%-30-7-27-PVT,INE859C07188
47168,SDL MH 6.76% 2037,IN2220250012
47169,Anuroop Packaging Limited,INE490Z01012
47170,HT MEDIA LTD.,INE501G01024
47171,HCC-0.01%-31-3-29-PVT,INE549A07221
47173,IKFL-9.95%-25-7-26-PVT,INE859C07170
47174,AFPL-9.15%-RESET RATE- 30-9-27,INE985V07082
47175,NIPPON L I A M LTD,INE298J01013
47176,HCCL-0.01%-30-6-29-PVT,INE549A07213
47177,ifl-9.95%-27-3-27-pvt,INE859C07162
47179,Housing &Urban Development Cor,INE031A01017
47183,ENERGY DEVE. CO.LTD,INE306C01019
47190,AFPL-9.50%-27-3-26-PVT,INE985V07058
47219,TTL-16-4-26-CP,INE508G14IA7
47225,IIFCL 7.56% 2028,INE787H08188
47232,JMFHL-8%-10-11-26-PVT,INE01A207088
47258,KESORAM INDUSTRIES LTD.,INE087A01019
47274,SHEMAROO ENTERTAINMENT LIMITED,INE363M01019
47277,TTL-09-02-26-CP,INE508G14IB5
47288,JMFHL-7.90%-05-04-27-PVT,INE01A207096
47323,J.A. Finance Limited,INE825B01010
47355,KAPSTON SERVICES LIMITED,INE542Z01028
47373,AFPL-9.50%-15-5-26-PVT,INE985V07066
47380,LMW LIMITED,INE269B01029
47391,LABELKRAFT TECHNOLOGIES LIMITE,INE0NLJ01011
47392,DWARIKESH SUGAR INDUSTRIES LTD,INE366A01041
47393,BOMBAY WIRE ROPES LTD.,INE089T01023
47397,TRACXN TECHNOLOGIES LTD,INE0HMF01019
47418,2024PLKINGSLY-9.45%-25-5-27-PT,INE17NQ15020
47425,TTL-25-3-26-CP,INE508G14HZ6
47427,GRANULES INDIA LIMITED,INE101D01020
47455,SANSARAUG2024-8.85%-25-9-29-PT,INE17O215012
47467,Shubham Polyspin Limited,INE01J501010
47470,APSBCL-9.62%-29-5-26-PVT,INE0M2307040
47476,TBO TEK LIMITED,INE673O01025
47479,APSBCL-9.62%-31-5-27-PVT,INE0M2307057
47490,JFHLL-9.5078%-3-8-28-PVT,INE01A207013
47496,Tenneco Clean Air India Limite,INE19RI01016
47497,TTL-30-6-26-CP,INE508G14IG4
47499,SDL MP 7.45% 2045,IN2120230205
47503,GLOSTER LIMITED,INE350Z01018
47506,TTL-23-07-26-CP,INE508G14IH2
47511,SDL MP 7.42% 2044,IN2120230213
47536,APSBCL-9.62%-31-5-30-PVT,INE0M2307081
47537,TTL-20-3-26-CP,INE508G14IE9
47542,SDL MP 7.42% 2045,IN2120230221
47571,APSBCL-9.62%-30-5-31-PVT,INE0M2307099
47583,TTL-29-06-26-CP,INE508G14IF6
47584,SDL MP 7.42% 2046,IN2120230239
47620,JHS SVENDGAARD LABORATORIES LT,INE544H01014
47623,APSBCL-9.62%-31-5-28-PVT,INE0M2307065
47627,UTD24-9.40%-17-8-30-PTC,INE1JVV15011
47649,2.50%GOLDBONDS2030SR-X,IN0020210319
47661,TTL-25-6-26-CP,INE508G14ID1
47664,APSBCL-9.62%-31-5-29-PVT,INE0M2307073
47694,Flora Corporation Limited,INE318U01016
47741,THE PHOENIX MILLS LTD,INE211B01039
47762,DHUNSERI INVESTMENTS LTD.,INE320L01011
47764,Ritco Logistics Limited,INE01EG01016
47786,AIA ENGINEERING LIMITED,INE212H01026
47805,GLOBAL OFFSHORE SERVICES LTD.,INE446C01013
47820,IIFCL 7.08% 2035,INE787H08204
47828,MEDISTEP HEALTHCARE LTD,INE0UOY01019
47847,CAPACITE INFRAPROJECT LTD,INE264T01014
47850,MOTOR & GENERAL FINANCE LTD.,INE861B01023
47851,GS06NOV34C,IN001134C013
47852,PDP Shipping & Projects Limite,INE0ABU01016
47853,SHRIRAM PISTONS & RINGS LTD,INE526E01018
47862,KAJAL SYNTHETICS & SILK MILLS,INE956V01011
47870,SKIL INFRASTRUCTURE LTD.,INE429F01012
47876,NB FOOTWEAR LTD.,INE006F01018
47906,SIMPLEX MILLS COMPANY LTD.,INE457H01027
47922,CINEVISTA LIMITED,INE039B01026
47936,KELLTON TECH SOL LTD,INE164B01030
47960,MBPREIT-9-3-26-CP,INE0CCU14112
47963,GS19SEP2041,IN000941C038
47969,Promact Plastics Limited,INE818D01011
47978,GS12SEP2041,IN000941C046
48078,Nippon India Mutual Fund,INF204KB10Q3
48081,SURBHI INDUSTRIES LTD.,INE899E01019
48085,Nippon India Mutual Fund,INF204KB10P5
48097,KHOOBSURAT LTD,INE731G01027
48098,B & A LTD.,INE489D01011
48114,Nippon India Mutual Fund,INF204KB10U5
48136,Nippon India Mutual Fund,INF204KB10T7
48150,AUSOM ENTERPRISE LIMITED,INE218C01016
48155,Nippon India Mutual Fund,INF204KB10S9
48160,PROGREX VENTURES LIMITED,INE421E01012
48167,Nippon India Mutual Fund,INF204KB10R1
48168,BEMCO HYDRAULICS LTD.,INE142E01022
48169,761HRSDL43,IN1620250291
48209,IIFCL 7.26% 2034 SR 1,INE787H08147
48218,MUFIN GREEN FINANCE LTD,INE08KJ01020
48235,563GOI2026,IN0020210012
48237,IIFCL 7.47% 2027 SR 2,INE787H08154
48266,VICTORY ELEC VEHICL INT L,INE0F8901022
48293,664GOI35,IN0020210020
48321,MUTHOOT FINANCE LTD.,INE414G01012
48334,DXXXI23-9.10%-19-9-29-PTC,INE0REI15019
48337,V B INDUSTRIES LIMITED,INE334E01017
48342,GOI LOAN  6.95% 2061,IN0020210202
48344,GRILL SPLENDOUR SER LTD,INE0PC901019
48362,SGB 2021-22 Series I,IN0020210053
48363,2.50%GOLDBONDS2029SR-VIII,IN0020210228
48364,TTL-30-3-26-CP,INE508G14HM4
48366,EXCEL INDUSTRIES LTD,INE369A01029
48377,SGB 2021-22 Series II,IN0020210061
48378,2.50%GOLDBONDS2030SR-IX,IN0020210236
48379,CALCOM VISION LTD.,INE216C01010
48391,SUDARSHAN COLORNT IND LTD,INE492A01029
48394,TTL-17-3-26-CP,INE508G14HK8
48395,GOI LOAN  6.54% 2032,IN0020210244
48397,MADHUSUDAN SECURITIES LTD.,INE856D01011
48401,GLOBAL CAPITAL MARKETS LTD.,INE062C01042
48415,Sovereign Gold Bonds 2021-22  ,IN0020210087
48416,LEADING LEASING FINANCE AND IN,INE715Q01029
48458,MBPREIT-15-5-26-CP,INE0CCU14096
48460,PRIMA AGRO LTD.,INE297D01018
48481,ASHOKA BUILDCON LTD,INE442H01029
48486,SDL MH 7.16% 2050,IN2220250210
48503,SDL MH 7.15% 2049,IN2220250202
48522,Kamdhenu Limited,INE390H01020
48551,AURO LABORATORIES LTD.,INE292C01011
48562,ASIAN GRANITO INDIA LTD.,INE022I01019
48574,SDL MH 7.16% 2055,IN2220250236
48575,Pyxis Finvest Limited,INE883L01018
48580,KRISHNA INST OF MED SCI L,INE967H01025
48586,IND SWIFT LABORATORIES LT,INE915B01019
48597,SDL MH 7.17% 2054,IN2220250228
48602,STAR PAPER MILLS LTD,INE733A01018
48614,INTEGRATED PERSO SER LTD,INE02EE01019
48627,BENARES HOTELS LTD.,INE664D01019
48637,NDA SECURITIES LTD.,INE026C01013
48674,TechNVision Ventures Limited,INE314H01012
48683,LUMAX INDUSTRIES LTD,INE162B01018
48684,SANSERA ENGINEERING LTD,INE953O01021
48685,SIL INVESTMENTS LTD.,INE923A01015
48686,IIFCL-7.69%-26-10-38-PVT,INE787H08071
48728,SANDU PHARMACEUTICALS LTD.,INE751D01014
48752,IIFCL-7.67%-8-12-38-PVT,INE787H08089
48773,POLSON LTD.,INE339F01021
48775,SBIAMC - MHLSDDR,INF200K30064
48805,IIFCL-7.34%-14-3-39-PVT,INE787H08097
48837,SBIAMC - MHLSDD,INF200K30056
48876,Sovereign Gold Bond Series IV ,IN0020210111
48880,SBIAMC - MHLSDG,INF200K30049
48913,Sovereign Gold Bonds 2021-22 S,IN0020210129
48915,HP TELECOM INDIA LIMITED,INE0VA601019
48923,HAMPS BIO LIMITED,INE0QBD01018
48932,SBIAMC - MHLSRDR,INF200K30031
48939,JMFHL-9%-13-8-27-PVT,INE01A207203
48985,SBIAMC - MHLSRD,INF200K30023
49002,Shipwaves Online Limited,INE0O9L01010
49010,Sovereign Gold Bonds 2021-22 S,IN0020210145
49015,SOFTRAK VENTURE INVESTMENT LTD,INE562E01021
49025,SBIAMC - MHLSRG,INF200K30015
49049,HEPL-Coupon Reset Rate-16-2-39,INE03ST08010
49054,667GOI2035,IN0020210152
49067,CHOLAMANDALAM IN & FIN CO,INE121A01024
49072,Navkar Corporation Limited,INE278M01019
49077,SDL MH 7.14% 2046,IN2220250178
49082,STANBIK AGRO LIMITED,INE16QA01011
49090,Sovereign Gold Bonds 2021-22 S,IN0020210178
49097,SDL MH 7.14% 2045,IN2220250160
49098,CASTROL INDIA LTD.,INE172A01027
49115,SDL MH 7.15% 2047,IN2220250152
49116,574GS2026,IN0020210186
49123,SDL MH 7.15% 2046,IN2220250145
49129,699GOI2051,IN0020210194
49177,IIFCL-7.17-12-3-32-PVT,INE787H08048
49218,IIFCL-7.46%-31-5-33-PVT,INE787H08055
49224,Veer Global Infraconstruction ,INE244W01010
49230,SDL MH 7.13% 2048,IN2220250194
49249,NEOGEN CHEMICALS LIMITED,INE136S01016
49252,CREATIVE GRAPHICS S IND L,INE0R7401011
49257,IIFCL-7.53%-18-9-38-PVT,INE787H08063
49265,GS06MAY30C,IN000530C021
49273,KESAR TERMINALS & INFRASTRUCTU,INE096L01025
49274,SDL MH 7.12% 2047,IN2220250186
49299,DR.REDDYS LABORATORIES LTD.,INE089A01031
49300,PROLIFE INDUSTRIES LTD,INE994V01012
49302,POLYPLEX CORPORATION LTD.,INE633B01018
49312,NITIN SPINNERS LTD.,INE229H01012
49324,SBIAMC - SBILIQETF,INF200KB1969
49335,PBA INFRASTRUCTURE LTD.,INE160H01019
49359,R K Swamy Limited,INE0NQ801033
49369,ARVIND LIMITED,INE034A01011
49373,DHRUV CONSULTANCY SER LTD,INE506Z01015
49377,PRITISH NANDY COMMUNICATI,INE392B01011
49383,SDL MH 7.15% 2045,IN2220250137
49394,SDL MH 7.04% 2040,IN2220250129
49407,SDL MH 7.08% 2039,IN2220250111
49417,HMT LTD -,INE262A01018
49421,SDL MH 7.03% 2038,IN2220250103
49446,Murae Organisor Limited,INE060601031
49453,UTD24-9.40%-17-8-30-PTC,INE1JVV15029
49460,DINDIGUL FARM PRODUCT LIMITED,INE0S6R01027
49480,Capacit'e Infraprojects Limite,INE264T01014
49492,JMFHL-9%-21-6-28-PVT,INE01A207161
49493,SECUREKLOUD TECH LIMITED,INE650K01021
49507,765TNSDL27,IN3120170094
49509,JMFHL-9%-16-3-27-PVT,INE01A207179
49520,LVJ25-11.62%-25-2-27-PTC,INE2A0P15014
49522,JMFHL-9%-16-6-28-PVT,INE01A207187
49532,Sovereign Gold Bonds 2021-22 S,IN0020210319
49534,KFL-18-3-26-CP,INE403Q14017
49537,JMFHL-9%-16-2-28-PVT,INE01A207195
49564,IIFCL-7.28%-27-03-32-PVT,INE787H08196
49570,ALPHALOGIC INDUSTRIES LIMITED,INE0NZF01019
49575,695GOI2061,IN0020210202
49579,JMFHLL-8.80%-15-5-27-PVT,INE01A207120
49601,U. Y. FINCORP LIMITED,INE152C01025
49632,Epigral Limited,INE071N01016
49638,DHAMPUR BIO ORGANICS LTD,INE0I3401014
49649,JMFHLL-RESET RATE-28-9-27-PVT,INE01A207138
49670,Sovereign Gold Bonds 2021-22 S,IN0020210228
49679,JFHL-8.8606%-30-10-26-PVT,INE01A207146
49691,AFPL-8.25%-25-7-28-PVT,INE985V07108
49709,TruCap Finance Limited,INE615R01029
49717,Soveriegn Gold Bonds 2021-22 S,IN0020210236
49727,JMFHLL-Reset Rate-29-12-27-PVT,INE01A207153
49745,EDELAMC - ELIQUID,INF754K01VW2
49749,Ladam Affortable Housing Limit,INE213U01019
49751,654GOI2032,IN0020210244
49797,EDELAMC - ELM250,INF754K01VV4
49799,WRPL-18%-24-2-28-PVT,INE0OKC08011
49841,Chandni Machines Limited,INE01GZ01011
49846,EDELAMC - ESENSEX,INF754K01VY8
49847,Teamo Productions HQ Limited,INE065J01024
49859,ADITYA VISION LIMITED,INE679V01027
49862,JMFHL-7.75%-31-05-26-PVT,INE01A207104
49869,SARTHAK GLOBAL LTD.,INE075H01019
49871,EDELAMC - ENIFTY,INF754K01VX0
49892,JFHLL-8.75%-28-6-26-PVT,INE01A207112
49895,TAGICL-8.15%-27-9-33-PVT,INE067X08034
49901,IIFCL-7.41%-26-6-39-PVT,INE787H08113
49902,GUJARAT AMBUJA EXPORTS LTD.,INE036B01030
49911,IIFCL-7.51%-25-4-39-PVT,INE787H08105
49917,SDL MH 6.77% 2037,IN2220250053
49918,ROADSTAR INFRA INVESTMENT TRUS,INE0JEI23010
49923,IIFCL-7.39%-1-8-39-PVT,INE787H08121
49928,SDL MH 6.72% 2040,IN2220250046
49956,SDL MH 6.75% 2039,IN2220250038
49972,IIFCL-7.26%-7-11-34-PVT,INE787H08147
49974,SWARNA SECURITIES LTD.,INE595G01018
49978,IIFCL-7.37%-2-9-34-PVT,INE787H08139
49979,SDL MH 6.72% 2038,IN2220250020
49980,VISHWAS AGRI SEEDS LTD,INE0S2E01016
49992,DCB BANK LIMITED,INE503A01015
49995,IIFCL-7.47%-7-11-27-PVT,INE787H08154
49998,SDL MH 6.98% 2037,IN2220250095
50017,IIFCL-7.35%-20-12-34-PVT,INE787H08162
50026,OLYMPIC CARDS LTD.,INE550L01013
50028,SDL MH 6.75% 2040,IN2220250087
50036,IIFCL-7.47%-20-3-28-PVT,INE787H08170
50039,PREMCO GLOBAL LTD.,INE001E01012
50053,SDL MH 6.78% 2039,IN2220250079
50075,SDL MH 6.77% 2038,IN2220250061
50078,SHEMAROO ENTER. LTD.,INE363M01019
50090,AVG Logistics Limited,INE680Z01018
50107,DMCC SPECIALITY CHEMICALS LIMI,INE505A01010
50108,SDL WB 7.56% 2039,IN3420220102
50127,SDL WB 7.56% 2042,IN3420220110
50161,FFSL-9%-26-4-30-PVT,INE007N08023
50170,SDL WB 7.68% 2032,IN3420220128
50188,FFSL-9.90%-30-9-27-PVT,INE007N08015
50191,DEEM ROLL TECH LIMITED,INE586O01011
50201,NRL 7.34% 2035 SR 1,INE152D08010
50203,Greenpanel Industries Limited,INE08ZM01014
50207,SDL WB 7.72% 2038,IN3420220136
50209,CFSL-8.20%-23-7-27,INE539K08153
50220,SDL WB 7.74% 2039,IN3420220144
50222,CFSL-8.10%-16-11-27,INE539K08161
50231,TATIA GLOBAL VENNTURE LTD.,INE083G01031
50236,SHIVA MILLS LIMITED,INE644Y01017
50247,SDL WB 7.93% 2037,IN3420220151
50251,IIFCL-6.99%-31-7-30-PVT,INE787H08212
50257,GRANULES INDIA LTD.,INE101D01020
50265,SDL WB 7.95% 2039,IN3420220169
50266,CFS-9.35%-PERPETUAL-PVT,INE539K08187
50268,CFS-8.75%-PERPETUAL,INE539K08179
50269,MIRZA INTERNATIONAL LTD.,INE771A01026
50271,SDL AS 6.91% 2030,IN1220200084
50281,TEJAS NETWORKS LIMITED,INE010J01012
50282,SDL WB 7.64% 2032,IN3420220177
50289,SDL GA 7.63% 2033,IN1420230196
50290,Meghna Infracon Infrastructure,INE898Q01015
50293,CFSL-9.12%-6-6-29-PVT,INE539K08195
50306,SDL WB 7.67% 2037,IN3420220185
50307,RELIANCE INFRASTRUCTU LTD,INE036A01016
50321,SDL WB 7.67% 2039,IN3420220193
50345,ABANS FINANCIAL SERVICES LIMIT,INE00ZE01026
50356,Neetu Yoshi Limited,INE0UZO01024
50372,SDL GA 7.7% 2033,IN1420230154
50379,GROWINGTON VENTURES INDIA LIMI,INE451S01027
50398,SDL GA 7.7% 2033,IN1420230162
50400,SDL UP 7.16% 2031,IN3320200337
50414,SHANTHI GEARS LTD,INE631A01022
50417,GNN-8.10%-STRG-6-4-31-MB,INE0GVF24071
50422,SDL GA 7.65% 2033,IN1420230170
50424,TRUST MUTUAL FUND,INF0GCD01644
50432,GNN-8.1%-STRF-6-4-30-MB,INE0GVF24063
50434,TRUST MUTUAL FUND,INF0GCD01651
50440,TRUST MUTUAL FUND,INF0GCD01636
50443,SDL GA 7.75% 2033,IN1420230188
50445,GNN-8.1%-STRE-6-4-29-MB,INE0GVF24055
50447,SHEETAL UNIVERSAL LIMITED,INE04VX01019
50471,SDL GA 7.49% 2033,IN1420230113
50473,SDL UP 7.2% 2031,IN3320200303
50502,SDL GA 7.7% 2033,IN1420230121
50510,SRI ADHIKARI BRO TELE N L,INE416A01044
50524,SDL UP 7.17% 2031,IN3320200329
50530,SDL GA 7.67% 2033,IN1420230139
50540,SDL UP 7.19% 2031,IN3320200311
50567,GNG ELECTRONICS LIMITED,INE18JU01028
50568,SDL GA 7.73% 2033,IN1420230147
50576,DHUNSERI INVESTMENTS LTD,INE320L01011
50582,GINI SILK MILLS LTD.,INE548B01018
50586,NETLINK SOLUTIONS (INDIA) LTD.,INE040F01033
50597,Artificial Electronics Intelli,INE072B01027
50607,VISHAL FABRICS LTD,INE755Q01025
50626,ORIENTAL INFRATRUST,INE07Z523018
50645,SDL GJ 7.43% 2031,IN1520230278
50673,SDL GJ 7.42% 2033,IN1520230286
50681,SDL GA 7.46% 2033,IN1420230105
50706,PUNJAB & SIND BANK,INE608A01012
50710,SDL GJ 7.25% 2026,IN1520230252
50717,BMW INDUSTRIES LIMITED,INE374E01021
50718,SDL AS 6.8% 2030,IN1220200050
50734,SDL GJ 7.42% 2031,IN1520230260
50737,SDL AS 6.9% 2030,IN1220200068
50738,RAJA BAHADUR INTERNATIONAL LTD,INE491N01016
50747,ANAND RATHI SH N STK BR L,INE549H01021
50759,SDL AS 6.55% 2030,IN1220200035
50763,SDL GJ 7.63% 2034,IN1520230237
50770,ODYSSEY TECHNOLOGIES LTD.,INE213B01019
50774,SDL GJ 7.63% 2033,IN1520230229
50790,MM RUBBER COMPANY LTD.,INE159E01026
50791,Monarch Networth Capital Limit,INE903D01011
50792,SDL GJ 7.6% 2033,IN1520230245
50824,SDL AS 8% 2030,IN1220200019
50841,SDL GJ 7.64% 2034,IN1520230211
50856,SDL AS 6.55% 2030,IN1220200027
50868,KAMA HOLDINGS LIMITED,INE411F01010
50879,KOTHARI PRODUCTS LTD,INE823A01017
50890,Abhishek Finlease limited,INE723C01015
50905,CCFSL-8.25%-23-7-32-PVT,INE539K08211
50909,MONEY MASTERS LEASING & FINANC,INE340O01021
50910,CFSL-8.4%-TIER II-30-6-32-PVT,INE539K08203
50913,THRIVE FUTURE HABITATS LIMITED,INE628D01014
50950,SDL GJ 7.64% 2033,IN1520230203
50953,SDL WB 7.67% 2041,IN3420220201
50956,GLOBAL HEALTH LIMITED,INE474Q01031
50958,VISHNU PRAKASH R PUNGLI L,INE0AE001013
50967,PARK MEDI WORLD LIMITED,INE119201023
50972,O. P. Chains Limited,INE118Q01018
50974,CCFSL-8.36%-PERPETUAL-PVT,INE539K08229
50975,SAB INDUSTRIES LIMITED,INE137M01017
50986,CFSL-8.15%-31-12-2999-PERPETUA,INE539K08237
50989,BOROSIL RENEWABLES LIMITED,INE666D01022
50997,GS15APR31C,IN000431C048
50999,CFSL-9.60%-24-2-34-PVT,INE539K08252
51003,CFSL-9.60%-29-6-29-PVT,INE539K08245
51020,SDL WB 7.73% 2032,IN3420220011
51022,PTC INDIA FINANCIAL SERVICES L,INE560K01014
51035,SDL UP 7.08% 2031,IN3320200295
51037,Goodluck India Limited,INE127I01024
51039,SDL WB 7.83% 2032,IN3420220029
51078,SDL WB 7.96% 2037,IN3420220037
51083,LUPIN LTD.,INE326A01037
51096,SDL WB 7.82% 2032,IN3420220045
51097,ARCHIES LTD,INE731A01020
51114,SDL WB 8.02% 2037,IN3420220052
51124,SDL UP 6.64% 2031,IN3320200261
51128,DODLA DAIRY LIMITED,INE021O01019
51136,SDL UP 6.62% 2031,IN3320200253
51141,GMM PFAUDLER LTD.,INE541A01023
51146,NITIN SPINNERS LIMITED,INE229H01012
51149,SDL WB 8.01% 2041,IN3420220060
51156,SDL WB 8.07% 2038,IN3420220078
51161,SDL UP 6.94% 2031,IN3320200287
51169,TRIVENI ENGINEERING & INDUSTRI,INE256C01024
51171,Royal Sense Limited,INE0QQG01019
51173,SCHNEIDER ELECTRIC INFRA,INE839M01018
51181,SEPC LIMITED,INE964H01014
51182,SDL UP 6.88% 2031,IN3320200279
51183,LEELA PALACES HOTEL LTD,INE0AQ201015
51188,SDL WB 7.97% 2042,IN3420220086
51196,P&G HYGIENE & HEALTH CARE,INE179A01014
51212,SDL WB 7.89% 2037,IN3420220094
51216,SDL UP 6.6% 2031,IN3320200220
51241,SDL UP 6.62% 2030,IN3320200212
51252,INDIQUBE SPACES LIMITED,INE06ST01018
51259,PRITISH NANDY COMMUNICATIONS L,INE392B01011
51280,ADVENT HOTELS INTERNATI L,INE28GN01010
51300,SDL UP 6.61% 2031,IN3320200238
51323,GNN-8.1%-STRD-6-4-28-MB,INE0GVF24048
51327,SDL GA 7.47% 2034,IN1420230238
51330,MPDL LIMITED,INE493H01014
51356,SDL AS 6.56% 2030,IN1220200100
51359,SDL GA 7.52% 2039,IN1420230246
51363,GNN-8.1%-STRC-6-4-27-MB,INE0GVF24030
51369,Ortel Communications Limited,INE849L01019
51373,NACL Industries Limited,INE295D01020
51375,SDL GJ 7.66% 2032,IN1520230195
51385,SDL UP 6.6% 2030,IN3320200204
51389,GNN-8.1%-STRB-6-4-26-MB,INE0GVF24022
51428,SDL GJ 7.47% 2028,IN1520230179
51449,SECUREKLOUD TECHNOLOGIES LIMIT,INE650K01021
51451,UNIVERSAL CABLES LTD,INE279A01012
51462,SDL GJ 7.64% 2031,IN1520230187
51467,SDL GA 7.67% 2033,IN1420230204
51469,AUTOMOTIVE STAMPINGS & ASSEMBL,INE900C01027
51488,CIFL-9.55%-28-7-28-PVT,INE345H07054
51489,SDL GA 7.69% 2034,IN1420230212
51492,SDL GJ 7.58% 2032,IN1520230153
51494,Sunsky Logistics Limited,INE10CM01027
51498,SDL GJ 7.43% 2027,IN1520230161
51509,SDL GA 7.65% 2034,IN1420230220
51514,SIL INVESTMENTS LIMITED,INE923A01015
51525,SDL GJ 7.55% 2031,IN1520230138
51536,SDL AS 6.62% 2030,IN1220200175
51550,OMNI AXS SOFTWARE LTD.,INE369B01019
51561,SDL GJ 7.4% 2026,IN1520230146
51573,SDL AS 6.6% 2030,IN1220200183
51574,RAASI REFRACTORIES LTD.,INE858D01017
51600,SDL GJ 7.65% 2029,IN1520230112
51619,SDL AS 6.64% 2030,IN1220200167
51624,SDL GJ 7.66% 2030,IN1520230120
51627,Dhampur Bio Organics Limited,INE0I3401014
51647,SJVN LTD,INE002L01015
51697,SDL GJ 7.58% 2026,IN1520230104
51704,SDL AS 6.6% 2030,IN1220200142
51724,SDL AS 6.48% 2030,IN1220200118
51747,SAINIK FINANCE & INDUSTRIES LT,INE584B01013
51785,GCM COMMODITY & DERIVATIVES LT,INE200P01016
51804,KLMAFL-03-4-26-NCD,INE01I507AE0
51807,TD POWER SYSTEMS LTD.,INE419M01027
51834,Indigo Paints Limited,INE09VQ01012
51835,PRAJ INDUSTRIES LTD,INE074A01025
51838,TUBE INVEST OF INDIA LTD,INE974X01010
51841,GS06NOV57,IN001157C014
51842,EMKAY TOOLS LIMITED,INE0PXC01024
51843,NXT-INFRA TRUST,INE0SF023016
51845,KAFL-10.50%-7-8-27-NCD,INE01I507AC4
51857,SDL UP 6.58% 2030,IN3320200188
51902,KAFL-7-3-31-NCD,INE01I507AA8
51905,SDL UP 6.6% 2030,IN3320200170
51939,COASTAL CORPORATION LTD,INE377E01024
51966,SDL UP 6.56% 2030,IN3320200196
51994,KACHCHH MINERALS LTD.,INE059E01010
51998,APSBCL-9.62%-29-11-32-PVT,INE0M2307206
52002,SDL UP 6.54% 2030,IN3320200147
52016,RSGPL-RESET RATE-5-4-27-PVT,INE0AY207046
52020,SDL UK 7.51% 2035,IN3620250073
52033,SDL UP 6.63% 2030,IN3320200139
52039,UNITED SPIRITS LIMITED,INE854D01024
52048,SDL UK 7.06% 2032,IN3620250057
52051,SDL UP 6.59% 2030,IN3320200162
52070,MPS LTD.,INE943D01017
52071,SDL UP 6.42% 2030,IN3320200154
52075,PENINSULA LAND LTD.,INE138A01028
52079,SDL UK 7.64% 2032,IN3620250065
52080,CASPIAN CORPORATE SERVICES LIM,INE176N01039
52081,RGPL-9.90%-02-05-28-PVT,INE0AY207061
52082,VIP CLOTHING LIMITED,INE450G01024
52093,SDL UP 6.74% 2030,IN3320200105
52094,CRIZAC LIMITED,INE0S4R01014
52095,SDL UK 6.97% 2035,IN3620250032
52097,BIRLASLAMC - TECH,INF209KB11D8
52126,SDL UK 7.3% 2032,IN3620250040
52130,SDL UP 6.91% 2030,IN3320200121
52131,PRICOL LIMITED,INE726V01018
52132,MCSL-25-5-26-CP,INE296G14610
52134,MCSL-11-3-26-CP,INE296G14602
52135,SDL UK 6.74% 2035,IN3620250016
52144,SDL UP 6.9% 2030,IN3320200113
52146,FABTECH TECHNOLOGIES LTD,INE0HF201011
52149,SDL UK 6.74% 2035,IN3620250024
52152,Fratelli Vineyards Limited,INE401Z01019
52173,NAVKAR CORPORATION LTD.,INE278M01019
52190,APEX ECOTECH LIMITED,INE0T4V01015
52214,BLUE CHIP TEX INDUSTRIES LTD.,INE472D01017
52225,SDL GJ 7.45% 2031,IN1520230070
52241,TUTICORIN ALKALI CHEMICALS AND,INE400A01014
52253,SDL GJ 7.62% 2028,IN1520230088
52258,Allcargo Terminals Limited,INE0NN701020
52265,HFSPL-9.95%-24-2-28-PVT,INE07UF07026
52279,SDL GJ 7.38% 2030,IN1520230054
52280,INDIQUBE SPACES LIMITED,INE06ST01018
52286,HFSPL-10.25%-24-9-27-PVT,INE07UF07018
52287,SDL GJ 7.4% 2027,IN1520230062
52291,BAJAJ FINSERV LTD.,INE918I01026
52297,SUVEN LIFE SCIENCES LTD,INE495B01038
52322,S.P. Apparels Limited,INE212I01016
52323,SDL GJ 7.18% 2028,IN1520230039
52332,VISAGAR POLYTEX LTD.,INE370E01029
52354,SDL GJ 7.22% 2028,IN1520230047
52358,MODERN THREADS INDIA LTD,INE794W01014
52362,RSGPL-10.24%-25-5-26-PVT,INE0AY207012
52370,OASIS SECURITIES LTD.,INE876A01023
52371,TELGE PROJECTS LIMITED,INE0SRP01014
52396,SDL GJ 7.38% 2030,IN1520230013
52401,SDL AS 6.7% 2027,IN1220200290
52408,RSD Finance Limited,INE616F01022
52411,PNN-8.07%-02-05-29-MB,INE1QL524016
52424,SDL GJ 7.27% 2031,IN1520230021
52455,OSWAL OVERSEAS LTD.,INE906K01027
52459,PNN-8.07%-02-05-32-MB,INE1QL524024
52468,Ratnaveer Precision Engineerin,INE05CZ01011
52478,SDL AS 6.21% 2026,IN1220200274
52485,PNN-8.07%-02-05-31-MB,INE1QL524032
52495,ARIHANTS SECURITIES LTD.,INE190D01015
52516,SDL AS 7.07% 2031,IN1220200282
52522,OM FREIGHT FORWARDERS LTD,INE1BZC01019
52533,SDL AS 6.19% 2026,IN1220200258
52543,UCAL LIMITED,INE139B01016
52544,PNN-8.07%-02-05-30-MB,INE1QL524040
52545,UNIVA FOODS LIMITED,INE275F01019
52546,BENGAL STEEL INDUSTRIES LTD.,INE523W01017
52565,SDL AS 6.98% 2031,IN1220200266
52569,CYBER MEDIA RES & SER LTD,INE075Z01011
52640,SDL WB 7.64% 2042,IN3420220219
52641,MCSL-21-04-26-CP,INE296G14511
52642,KAFL-11%-16-12-30-NCD,INE01I507BG3
52644,KAFL-10.75%-16-12-30-NCD,INE01I507BF5
52660,SDL UP 6.68% 2030,IN3320200097
52661,SDL WB 7.66% 2039,IN3420220227
52667,GS19MAR2042,IN000342C039
52672,GMM PFAUDLER LIMITED,INE541A01023
52680,SCHNEIDER ELECTRIC INFRASTRUCT,INE839M01018
52681,SDL WB 7.71% 2039,IN3420220235
52682,Chemkart India Limited,INE0VWL01017
52683,STARTECK FINANCE LIMITED,INE992I01013
52686,MCSL-11-2-26-CP,INE296G14529
52695,SDL WB 7.69% 2039,IN3420220243
52698,KAFL-10.50%-16-12-28-NCD,INE01I507BE8
52705,TVS INFRASTRUCTURE TRUST,INE1JNC23012
52713,SDL WB 7.69% 2042,IN3420220250
52730,KAFL-10%-16-12-27-NCD,INE01I507BB4
52735,SDL UP 6.44% 2030,IN3320200063
52738,SDL UP 6.5% 2030,IN3320200055
52741,SDL WB 7.75% 2039,IN3420220268
52744,KAFL-10.25%-16-12-28-NCD,INE01I507BD0
52752,KAFL-10.25%-16-12-27-NCD,INE01I507BC2
52774,SDL WB 7.79% 2042,IN3420220276
52780,SDL UP 6.64% 2030,IN3320200089
52807,SDL WB 7.74% 2041,IN3420220284
52813,MCSL-17-3-27-CP,INE296G14586
52826,KAFL-9.85%-16-6-27-NCD,INE01I507BA6
52827,SDL UP 6.67% 2030,IN3320200071
52828,STL Networks Limited,INE1VXE01018
52832,SDL GA 7.44% 2033,IN1420230071
52835,SDL WB 7.74% 2043,IN3420220292
52838,SDL UP 7.0% 2030,IN3320200022
52844,SDL UP 7.65% 2030,IN3320200014
52854,SDL GA 7.47% 2033,IN1420230089
52856,BIRLASLAMC - BSLSENETFG,INF209KB10E8
52858,JINDAL STAINLESS LIMITED,INE220G01021
52865,SDL UP 6.69% 2030,IN3320200048
52873,SDL GA 7.46% 2038,IN1420230097
52888,SHAH CONSTRUCTION CO.LTD.,INE02C301011
52898,CLASSIC ELECTRICALS LTD.,INE02BR01017
52899,BIRLASLAMC - HEALTHY,INF209KB10C2
52905,SDL UP 6.86% 2030,IN3320200030
52912,KAFL-9.50%-19-1-27-NCD,INE01I507AY8
52916,SDL GA 7.38% 2033,IN1420230030
52930,ADANI PORT & SEZ LTD,INE742F01042
52937,JAY SHREE TEA & INDUSTRIES LTD,INE364A01020
52960,SDL GA 7.41% 2033,IN1420230048
52965,KAFL-16-4-27-NCD,INE01I507AZ5
52970,APSBCL-9.62%-31-5-32-PVT,INE0M2307107
52974,SDL GA 7.5% 2033,IN1420230055
52975,CANDOUR TECHTEX LIMITED,INE713D01055
52977,RELIABLE VENTURES INDIA LTD.,INE419H01019
52981,KAFL-27-11-26-NCD,INE01I507AW2
52989,SDL GA 7.49% 2033,IN1420230063
53000,GS17JUN29C,IN000629C039
53001,Symbiox Investment & Trading C,INE653R01012
53005,KAFL-16-7-32-NCD,INE01I507AX0
53010,EPSOM PROPERTIES LTD.,INE601F01016
53015,KAFL-27-2-32-NCD,INE01I507AU6
53020,GS16JUN2029,IN000629C070
53023,SDL AS 7.17% 2031,IN1220200332
53034,APSBCL-9.62%-30-11-28-PVT,INE0M2307164
53035,Jyotirgamya Enterprises Limite,INE805R01018
53040,KAFL-9.85%-27-1-27-NCD,INE01I507AV4
53041,GS06MAY55,IN000555C010
53056,SDL AS 6.43% 2026,IN1220200340
53059,APSBCL-9.62%-29-11-30-PVT,INE0M2307172
53066,GS15JUN29C,IN000629C054
53069,ABHINAV CAPITAL SERVICES LTD.,INE516F01016
53077,SDL GA 7.36% 2033,IN1420230014
53087,APSBCL-9.62%-30-11-26-PVT,INE0M2307149
53090,KAFL-10.25%-27-7-27-NCD,INE01I507AS0
53091,KAFL-10%-27-7-27-NCD,INE01I507AT8
53092,SDL GA 7.47% 2038,IN1420230022
53093,APSBCL-9.62%-30-11-27-PVT,INE0M2307156
53097,Leela Palaces Hotels & Resorts,INE0AQ201015
53100,ABANS FINANCIAL SRVCS LTD,INE00ZE01026
53105,KAFL-10.50%-27-7-28-NCD,INE01I507AQ4
53113,VOLTAS LTD,INE226A01021
53123,B.A.G.FILMS & MEDIA LTD.,INE116D01028
53127,PERFECT INFRAENGINEER LTD,INE925S01012
53128,SDL AS 7.24% 2031,IN1220200308
53129,GS22OCT33,IN001033C033
53130,KAFL-10.25%-27-7-28-NCD,INE01I507AR2
53133,DIENSTEN TECH LIMITED,INE0JRD01019
53136,BOMBAY METRICS S C LTD,INE0I3Y01014
53138,KEYSTONE REALTORS LIMITED,INE263M01029
53150,GS15OCT33C,IN001033C041
53155,KAFL-11%-27-7-30-NCD,INE01I507AO9
53160,APSBCL-9.62%-30-11-29-PVT,INE0M2307180
53171,KAFL-10.75%-27-7-30-NCD,INE01I507AP6
53172,APSBCL-9.62%-28-11-31-PVT,INE0M2307198
53179,AVADH SUG & ENERGY LTD,INE349W01017
53180,Shree Securities Ltd.,INE397C01026
53196,KLMAFL-03-7-31-NCD,INE01I507AM3
53199,MCSL-10-3-26-CP,INE296G14594
53205,OSIAJEE TEXFAB LIMITED,INE186R01013
53218,RRP DEFENSE LIMITED,INE535P01015
53221,KAFL-9.5%-1-9-26-NCD,INE01I507AN1
53242,CHAMBAL BREWERIES & DISTILLERI,INE417N01011
53277,KLMAFL-10.75%-03-12-29-NCD,INE01I507AK7
53278,KLMAFL-10.50%03-12-27-NCD,INE01I507AJ9
53307,KLMAFL-11%-03-12-29-NCD,INE01I507AL5
53333,KLMAFL-10.25%-03-12-27-NCD,INE01I507AI1
53356,TITAN SECURITIES LTD.,INE090D01017
53359,SDL WB 7.89% 2040,IN3420220300
53360,GOODLUCK INDIA LIMITED,INE127I01024
53363,UNIVERSAL CABLES LTD.,INE279A01012
53371,SDL WB 7.85% 2042,IN3420220318
53373,KLMAFL-9.85%-03-6-26-NCD,INE01I507AF7
53396,SDL AS 6.85% 2031,IN1220200365
53398,KLMAFL-10.25%-03-12-26-NCD,INE01I507AH3
53400,KLMAFL-10%-03-12-26-NCD,INE01I507AG5
53401,JAYATMA ENTERPRISES LIMITED,INE246D01015
53415,NFL-10.30%-30-09-27-PVT,INE342T07635
53416,DIAL-9.50%-RestRate-25-7-34-PV,INE657H08050
53417,MINAL INDUSTRIES LIMITED,INE097E01028
53437,NFL-10.20%-05-08-27-PVT,INE342T07627
53438,DIAL-RESET RATE-22-3-34-PVT,INE657H08043
53442,NFL-10%-25-03-27-PVT,INE342T07619
53462,Madhuveer Com 18 Network Limit,INE312M01016
53470,NFL-10.75%-19-8-28-PVT,INE342T07601
53472,Dhanashree Electronics Limited,INE413F01016
53473,DIAL-Reset Rate-8.75%-1-9-40-P,INE657H08068
53487,KMG MILK FOOD LTD.,INE873N01015
53492,KCL Infra Projects Limited,INE469F01026
53493,RAGHAV PRODUCTIVITY ENHANCERS ,INE912T01018
53501,Nureca Limited,INE0DSF01015
53519,NFL-10.75%-31-12-28-PVT,INE342T07668
53527,736MAHSDL28,IN2220230014
53528,NIRLON LTD.,INE910A01012
53547,REGIS INDUSTRIES LIMITED,INE745R01024
53552,NFL-10%-31-01-27-PVT,INE342T07650
53568,NFL-10%-30-10-26-PVT,INE342T07643
53610,Oswal Pumps Limited,INE0BYP01024
53622,NETWEB TECH INDIA LTD,INE0NT901020
53660,TCFC FINANCE LTD.,INE389D01013
53738,Kenvi Jewels Limited,INE923Y01023
53739,PNC Infratech Limited,INE195J01029
53741,Bhakti Gems And Jewellery Limi,INE986W01016
53780,DIAL-9.60%(Reset Rate)-13-4-30,INE657H08027
53782,DIAL-9.60%(RR-Post-5Yrs)-22-8-,INE657H08035
53809,AYO-12.50%-23-11-27-PTC,INE0RV815016
53819,Simbhaoli Sugars Ltd,INE748T01016
53841,HBL ENGINEERING LTD,INE292B01021
53844,Vani Commercials Limited,INE661Q01017
53865,INTERNATIONAL TRAVEL HOUSE LTD,INE262B01016
53866,KANUNGO FINANCIERS LIMITED,INE453S01015
53903,PARAS PETROFILS LTD.,INE162C01024
53947,SMC-8%-13-10-29-MB,INE05NX24023
54006,RITESH INTERNATIONAL LTD.,INE534D01014
54046,ESAF SMALL FINANCE BANK L,INE818W01011
54063,SMC-8%-13-10-30-MB,INE05NX24031
54081,INDO EURO INDCHEM LTD.,INE319N01019
54087,AVG LOGISTICS LIMITED,INE680Z01018
54090,NATIONAL PLYWOOD INDUSTRIES LT,INE497C01016
54122,G G Engineering Limited,INE694X01030
54151,STURDY INDUSTRIES LTD.,INE134F01026
54168,GRASIM INDUSTRIES LTD,INE047A01021
54170,MASTER TRUST LTD.,INE677D01037
54203,LUPIN LIMITED,INE326A01037
54229,NFL-10.40%-13-11-26-PVT,INE342T07510
54235,Yash Chemex Limited,INE571U01010
54254,SDL GJ 7.16% 2031,IN1520250250
54279,SDL GJ 7.07% 2030,IN1520250243
54306,SDL GJ 7.27% 2034,IN1520250227
54315,AVALON TECHNOLOGIES LTD,INE0LCL01028
54333,SDL GJ 7.19% 2033,IN1520250219
54334,NFL-10.4%-29-1-27-PVT,INE342T07551
54336,747MHSDL34,IN2220230121
54351,771MHSDL33,IN2220230139
54359,NFL-10.75%-31-12-27-PVT,INE342T07544
54360,DELTA CORP LIMITED,INE124G01033
54377,Adeshwar Meditex Limited,INE0H8J01015
54385,SHRI GANG INDUSTRIES AND ALLIE,INE241V01018
54394,NFL-27-8-27-PVT,INE342T07536
54397,SDL GJ 7.17% 2034,IN1520250201
54402,INNOVATIVE TYRE & TUBE LT,INE070Y01023
54406,740MHSDL32,IN2220230105
54420,NFL-10.40%-13-2-26-PVT,INE342T07528
54421,RR METALMAKERS INDIA LIMITED,INE117K01013
54426,746MHSDL33,IN2220230113
54432,POWER INSTRUMENT (G) LTD,INE557Z01018
54458,NFL-10.48%-01-06-26-PVT,INE342T07593
54481,UNIVASTU INDIA LIMITED,INE562X01013
54488,NMDC LTD.,INE584A01023
54489,NFL-11.16%-27-6-27-PVT,INE342T07585
54498,KOVILPATTI LAKSHMI ROLLER FLOU,INE014E01015
54514,NFL-10.60%-10-9-26-PVT,INE342T07577
54528,NFL-10.60%-21-5-27-PVT,INE342T07569
54530,Tips Films Limited,INE0LQS01015
54545,COUNTRY CLUB HOSPITALITY AND H,INE652F01027
54562,CHAMBAL FERTILIZERS LTD,INE085A01013
54569,Reliable Data Services Limited,INE375Y01018
54573,B.L.KASHYAP & SON LTD,INE350H01032
54608,Shree Pushkar Chemicals & Fert,INE712K01011
54628,MASON INFRATECH LIMITED,INE0SH001010
54673,ADVAIT ENRGY TRANSITION L,INE0ALI01010
54721,CHARTERED CAPITAL & INVESTMENT,INE953B01010
54738,C2C ADVANCED SYSTEMS LTD,INE0U7V01015
54745,ZENITH DRUGS LIMITED,INE0QWN01013
54776,ADPL-ZC-26-8-27-PVT,INE223Y07025
54797,NVCL 7.7% 2028,INE118D08078
54801,KOTHARI FERMENTATION & BIOCHEM,INE991B01010
54812,NUTECH GLOBAL LTD.,INE960H01012
54859,MHFCL-11.25%-10-12-30-PVT,INE882Z08031
54871,J.K.CEMENT LTD.,INE823G01014
54872,NDL Ventures Limited,INE353A01023
54874,733MAHSDL31,IN2220230055
54887,SOM DIST & BREW LTD,INE480C01038
54896,D.B.CORP LTD,INE950I01011
54916,SDL GJ 7.07% 2033,IN1520250193
54919,72MAHSDL28,IN2220230030
54920,FRONTIER SPRINGS LTD.,INE572D01014
54924,KABRA EXTRUSION TECHNIK L,INE900B01029
54937,SDL GJ 6.98% 2032,IN1520250185
54938,AFSL-18-3-26-CP,INE087P14788
54955,SDL GJ 6.84% 2031,IN1520250177
54958,AFSL-12-6-26-CP,INE087P14770
54972,USHA MARTIN LTD.,INE228A01035
54973,SDL GJ 7.07% 2034,IN1520250169
54976,732MHSDL32,IN2220230063
54978,MHFCL-11.15%-31-7-30-PVT,INE882Z08015
54986,AFSL-25-3-26-CP,INE087P14762
54991,ALIVUS LIFE SCIENCES LTD,INE03Q201024
54998,SDL GJ 7.06% 2033,IN1520250151
55009,MHFCL-11.15%-20-8-30-PVT,INE882Z08023
55032,PB Global Limited,INE615W01011
55044,SDL GJ 7.07% 2032,IN1520250144
55046,SOVEREIGN GOLD BOND 2019-20 SE,IN0020190073
55047,ISHWARSHAKTI HOLDINGS & TRADER,INE073I01012
55049,763MAHSDL36,IN2220230204
55072,SDL GJ 7.01% 2031,IN1520250136
55073,SOVEREIGN GOLD BOND 2019-20 SE,IN0020190081
55074,SDL GJ 7.25% 2034,IN1520250128
55075,748MAHSDL35,IN2220230212
55094,763GOI2059,IN0020190057
55127,SDL GJ 7.02% 2033,IN1520250110
55136,SUN PHARMACEUTICAL INDUSTRIES,INE044A01036
55140,757GOI2033,IN0020190065
55142,Om Freight Forwarders Limited,INE1BZC01019
55154,GS19SEP2039,IN000939C032
55160,NFL-10.40%-13-6-26-NCD,INE342T07437
55161,SDL GJ 6.80% 2034,IN1520250102
55162,SHFL 6.98% 2028 SR 354,INE667F07JF4
55163,772GOI2049,IN0020190032
55165,MODELLA WOOLLENS LTD.,INE380D01012
55175,NFL-10.25%-31-12-26-PVT,INE342T07429
55176,769GOI2043,IN0020190040
55177,RNIT AI SOLUTIONS LIMITED,INE335Q01026
55178,SHFL 7.12% 2030 SR 353,INE667F07JE7
55179,743MAHSDL35,IN2220230253
55189,727GOI2026,IN0020190016
55192,749MAHSDL36,IN2220230220
55198,IL&FS TRANS NET LTD,INE975G01012
55204,NFL-11.02%-18-7-26-NCD,INE342T07403
55205,762GOI2039,IN0020190024
55233,SISL-8.95%-RESET RATE-30-9-39-,INE0KIS07011
55234,BIRLASOFT LIMITED,INE836A01035
55240,SHFL 7.15% 2028 SR 350,INE667F07JB3
55271,NFL-10.65%-13-3-27-NCD,INE342T07460
55278,TARA CHAND INFRA SOLN LTD,INE555Z01020
55281,SHFL 7.27% 2027 SR 349,INE667F07JA5
55284,63 MOONS TECHNOLOGIES LTD,INE111B01023
55313,INDIGO PAINTS LIMITED,INE09VQ01012
55319,NFL-10.90%-13-6-26-NCD,INE342T07452
55325,WAAREE TECHNOLOGIES LIMITED,INE725P01012
55328,SHFL 7.17% 2030 SR 352,INE667F07JD9
55345,NFL-11.19%-13-3-27-NCD,INE342T07445
55349,SHFL 7.15% 2030 SR 351,INE667F07JC1
55373,SDL UP 7.81% 2034,IN3320220194
55443,SUNTECK REALTY LIMITED,INE805D01034
55450,PVP VENTURES LIMITED,INE362A01016
55470,BAI-KAKAJI POLYMERS LIMITED,INE1IJQ01026
55482,SDL UP 7.78% 2036,IN3320220178
55498,NFL-10.50%-18-6-27-PVT,INE342T07494
55503,BELRISE INDUSTRIES LTD,INE894V01022
55527,SDL UP 7.79% 2033,IN3320220186
55591,SDL UP 7.74% 2037,IN3320220152
55608,SDL MP 6.88% 2041,IN2120250039
55611,CHOLAMANDALAM INVESTMENT AND F,INE121A01024
55617,GS22FEB41C,IN000241C017
55624,MOKSH ORNAMENTS LIMITED,INE514Y01020
55625,ZEE LEARN LTD.,INE565L01011
55629,SDL MP 6.77% 2039,IN2120250021
55630,SDL UP 7.78% 2035,IN3320220160
55631,VOLTAMP TRANSFORMERS LTD,INE540H01012
55635,MSFL-9%-11-9-28-PVT,INE0E2B08013
55640,SDL UP 7.75% 2038,IN3320220137
55643,GOI LOAN  7.33% 2026,IN0020230119
55652,AKANKSHA POWER N INFRA L,INE0PCY01014
55657,SDL MP 7.14% 2041,IN2120250054
55660,GOI LOAN  7.37% 2028,IN0020230101
55667,SDL UP 7.73% 2033,IN3320220145
55675,SDL MP 6.92% 2043,IN2120250047
55684,BTPL-9.80%-14-3-26-PVT,INE0LQT08018
55689,SDL UP 7.66% 2033,IN3320220111
55692,SDL MP 7.23% 2042,IN2120250070
55695,GOI LOAN  7.32% 2030,IN0020230135
55703,SDL PY 6.88% 2031,IN3820190079
55705,BHARAT RASAYAN LTD.,INE838B01021
55720,SDL UP 7.75% 2035,IN3320220129
55721,GOI LOAN  7.46% 2073,IN0020230127
55727,SDL PY 7.35% 2030,IN3820190087
55733,SDL MP 7.15% 2043,IN2120250062
55738,GOI LOAN 7.24% 2033,IN0020230150
55744,SDL PY 7.03% 2028,IN3820190061
55745,Medplus Health Services Limite,INE804L01022
55755,SDL MP 7.22% 2043,IN2120250096
55756,RAVEN-9.50%-12-12-26-PTC,INE1U3S15019
55757,GOI LOAN   7.25% 2028,IN0020230143
55758,SDL UP 7.66% 2033,IN3320220103
55765,GOI LOAN   7.37% 2054,IN0020230176
55774,Sovereign Gold Bonds 2019-20 S,IN0020190115
55782,SDL PY 7.08% 2026,IN3820190038
55793,IND-SWIFT LABORATORIES LTD.,INE915B01019
55800,SDL GJ 6.70% 2033,IN1520250094
55803,2.50%GOLDBONDS2031SR-III,IN0020230168
55806,SDL PY 7.21% 2028,IN3820190046
55825,SDL GJ 6.1% 2028,IN1520250085
55826,770MHSDL34,IN2220230147
55835,SOVEREIGN GOLD BOND 2019-20 SE,IN0020190107
55842,2.50%GOLDBONDS2032SR-IV,IN0020230184
55844,SDL GJ 6.51% 2033,IN1520250078
55845,TECHD CYBERSECURITY LTD,INE0Y5H01014
55846,77MAHSDL33,IN2220230154
55857,SDL GJ 6.65% 2037,IN1520250060
55858,BOSCH HOME COMFORT INDIA LIMIT,INE782A01015
55869,SDL GJ 6.64% 2036,IN1520250052
55872,HFCL LIMITED,INE548A01028
55893,SDL GJ 6.69% 2035,IN1520250045
55897,SDL MP 6.77% 2037,IN2120250013
55899,773MAHSDL36,IN2220230188
55900,VISAGAR POLYTEX LTD,INE370E01029
55912,SDL GJ 6.69% 2034,IN1520250037
55915,SDL GJ 6.68% 2033,IN1520250029
55934,742MAHSDL37,IN2220230329
55953,SATTVA SUKUN LIFECARE LIMITED,INE280E01038
55956,TOLINS TYRES LIMITED,INE0RWQ01014
55965,AARON INDUSTRIES LIMITED,INE721Z01010
55984,SDL GJ 6.61% 2032,IN1520250011
55992,JHL-3%-30-6-26-PVT,INE682V08158
55993,KALYANI FORGE LIMITED,INE314G01014
56023,MONARCH NETWORTH CAP LTD,INE903D01011
56024,KELLTON TECH SOLUTIONS LTD.,INE164B01030
56056,GS22AUG27C,IN000827C021
56063,Supra Pacific Financial Servic,INE268T01015
56079,ICICI PRUD SENSEX ETF,INF346A01034
56081,JITF INFRALOGISTICS LIMITED,INE863T01013
56086,BAJAJ AUTO 7.25% 2028,INE18UV07012
56110,SHYAM TELECOM LIMITED,INE635A01023
56117,BRIDGE SECURITIES LTD.,INE958C01025
56148,SDL UP 7.64% 2036,IN3320220095
56187,Virtuoso Optoelectronics Limit,INE0I0T01010
56188,GURUNANAK AGRICULTUR IN L,INE1CCX01012
56229,STEEL EXCHANGE INDIA LTD.,INE503B01021
56242,SDL UP 7.69% 2035,IN3320220079
56253,Palco Metals Limited,INE239L01013
56257,GPT INFRAPROJECTS LTD,INE390G01014
56264,SDL UP 7.72% 2036,IN3320220087
56279,JINDAL POLY FILMS LIMITED,INE197D01010
56288,NFL-10.50%-18-7-26-NCD,INE342T07387
56293,Diksat Transworld Limited,INE942P01013
56300,SDL UP 7.91% 2037,IN3320220053
56324,METRO BRANDS LIMITED,INE317I01021
56338,SDL UP 7.62% 2035,IN3320220061
56339,AGAM25-11%-17-11-26-PTC,INE1TBR15010
56344,SHFL 7.70% 2029 SR 345,INE667F07IX9
56347,TRANSPORT CORPORATION OF INDIA,INE688A01022
56348,SDL UP 7.81% 2032,IN3320220038
56364,SDL MP 7.5% 2044,IN2120250153
56374,SDL UP 7.81% 2034,IN3320220046
56379,SDL MP 7.48% 2042,IN2120250146
56380,GS12DEC44,IN001244C051
56381,SRI RAMAKRISHNA MILLS (COIMBAT,INE306D01017
56391,SDL UP 7.66% 2032,IN3320220012
56395,ABDFVL-8.5%-8-8-27-PVT,INE0M8D08024
56397,Brookfield India Real Estate T,INE0FDU25010
56400,SDL MP 7.44% 2046,IN2120250179
56405,SDL UP 7.68% 2032,IN3320220020
56406,SHFL 7.78% 2028 SR 346,INE667F07IY7
56412,AMRUTAJAN HEALTH LTD,INE098F01031
56413,FLUIDOMAT LTD.,INE459C01016
56417,SDL MP 7.43% 2043,IN2120250161
56418,SHFL 7.70% 2027 SR 348,INE667F07IZ4
56422,GOI LOAN  7.06% 2028,IN0020230010
56433,SHFL 7.98% 2026 SR 341,INE667F07IT7
56447,SDL MP 7.51% 2048,IN2120250195
56448,TRANSINDIA REAL ESTATE L,INE0O3901029
56459,ABDFVL-8.8%-26-8-27-PVT,INE0M8D08016
56462,SHFL 8.05% 2029 SR 340,INE667F07IS9
56475,SDL MP 7.48% 2045,IN2120250187
56476,SHFL 7.9% 2027 SR 343,INE667F07IV3
56480,GOI LOAN  7.17% 2030,IN0020230036
56489,SHFL 7.65% 2029 SR 344,INE667F07IW1
56491,SHFL 7.9123% 2026 SR 342,INE667F07IU5
56496,GOI LOAN  6.99% 2026,IN0020230028
56504,GS06MAY53,IN000553C015
56505,GOI LOAN  7.3% 2053,IN0020230051
56507,GOI LOAN  7.25% 2063,IN0020230044
56510,RAJGOR CASTOR DERIVATI L,INE0BZQ01011
56511,NACL INDUSTRIES LIMITED,INE295D01020
56516,GOI LOAN  7.18% 2037,IN0020230077
56520,SHFL 7.95% 2034 SR 339,INE667F07IR1
56539,2.50%GOLDBONDS2031SR-I,IN0020230069
56543,ZEN TECHNOLOGIES LTD.,INE251B01027
56545,Aarti Pharmalabs Limited,INE0LRU01027
56562,SDL MP 7.22% 2048,IN2120250112
56563,GUJARAT APOLLO INDUSTRIES LTD.,INE826C01016
56565,2.50%GOLDBONDS2031SR-II,IN0020230093
56573,GOI LOAN  7.18% 2033,IN0020230085
56581,SDL MP 7.24% 2045,IN2120250104
56595,AKI India Limited,INE642Z01026
56596,SDL MP 7.57% 2045,IN2120250138
56597,DEEPAK FERTILIZERS & PETR,INE501A01019
56598,MASTER CHEMICALS LTD.,INE523D01017
56600,MUTHOOT FINANCE LIMITED,INE414G01012
56601,TTS25-11.75%-21-9-27-PTC,INE2JU715017
56608,MEENAKSHI STEEL INDUSTRIES LTD,INE721V01019
56609,SDL MP 7.57% 2043,IN2120250120
56612,KLMAFL-10.75%-9-3-28-NCD,INE01I507703
56614,TRANSGLOBE FOODS LTD.,INE213P01027
56618,AREPL-7.45%-25-9-30-PVT,INE336K07073
56634,TARMAT LIMITED,INE924H01018
56636,RITCO LOGISTICS LIMITED,INE01EG01016
56638,Bajaj Housing Finance Limited,INE377Y01014
56639,FUTURE ENTERPRISES LTD,INE623B01027
56648,SDL MH 7.48% 2045,IN2220250418
56649,Riddhi Steel and Tube Limited,INE367U01013
56657,TCL-11-3-26-CP,INE280A14518
56663,MFL-13.25%-28-2-26-PVT,INE939X07119
56665,MFL-12.60%-5-3-26-PVT,INE939X07127
56666,MAN COAT METAL & IND LTD,INE830Q01018
56689,VPPL-8%-3-7-45-PVT,INE12O508023
56715,VODAFONE IDEA LIMITED,INE669E01016
56717,GS15APR29C,IN000429C042
56721,RHI MAGNESITA INDIA LTD,INE743M01012
56722,SDL AP 7.11% 2038,IN1020240710
56724,WOCKHARDT LTD.,INE049B01025
56738,KKALPANA INDUSTRIES (INDIA) LT,INE301C01028
56741,NARENDRA PROPERTIES LTD.,INE603F01012
56745,SDL AP 7.16% 2040,IN1020240728
56746,SDL AP 7.2% 2036,IN1020240736
56752,TCL-9-3-26-CP,INE280A14500
56755,SDL AP 7.22% 2034,IN1020240744
56756,ENKEI WHEELS (INDIA) LTD.,INE130L01014
56763,CAGL-10%-23-11-27-NCD,INE741K07496
56775,SDL MH 7.29% 2035,IN2220250400
56794,SDL AP 7.08% 2035,IN1020240702
56823,JUBILANT FOODWORKS LTD,INE797F01020
56838,NM-5-3-26-CP,INE870H14WJ1
56839,SDL MP 7.54% 2048,IN2120250278
56841,SDL AP 7.17% 2039,IN1020240678
56902,SDL AP 7.17% 2032,IN1020240686
56905,NMIL-2-3-26-CP,INE870H14WI3
56916,SDL MP 7.44% 2038,IN2120250260
56945,TERA SOFTWARE LIMITED,INE482B01010
56950,NMIL-13-3-26-CP,INE870H14WL7
56956,SDL MP 7.5% 2036,IN2120250294
56957,SDL AP 7.07% 2034,IN1020240694
56975,NMIL-11-3-26-CP,INE870H14WK9
56987,SUDARSHAN CHEMICAL INDS L,INE659A01023
56994,SDL MP 7.02% 2030,IN2120250286
56997,SDL AP 7.10% 2034,IN1020240629
57000,SDL AP 7.11% 2038,IN1020240637
57019,CAGL-7-6-26-NCD,INE741K07538
57021,SDL AP 7.11% 2039,IN1020240645
57024,NMI-12-3-26-CP,INE870H14WM5
57027,CAGL-7-9-28-NCD,INE741K07546
57036,CAGL-23-11-27-NCD,INE741K07504
57050,SDL AP 7.17% 2037,IN1020240652
57066,Amic Forging Limited,INE0P9J01013
57078,PLM253-9.10%-25-12-26-PTC,INE0YNM15018
57086,SDL AP 7.17% 2038,IN1020240660
57100,KAMANWALA HOUSING CONSTRUCTION,INE344D01018
57104,TRINITY LEAGUE INDIA LTD.,INE884X01011
57114,KLMAFL-10.75%-16-10-27-NCD,INE01I507661
57115,Yug Decor Limited,INE796W01019
57119,Adani Energy Solutions Limited,INE931S01010
57135,PRIME FOCUS LTD.,INE367G01038
57137,645GOI2029,IN0020190362
57140,KLMAFL-17-8-29-NCD,INE01I507679
57141,MONOTYPE INDIA LTD.,INE811D01024
57161,N18MIL-03-02-26-CP,INE870H14WD4
57172,SDL MP 7.4% 2047,IN2120250211
57175,SDL MH 7.43% 2040,IN2220250392
57176,BEDMUTHA INDUSTRIES LTD.,INE844K01012
57189,WEIZMANN LTD.,INE080A01014
57191,N18MIL-02-02-26-CP,INE870H14WC6
57200,SDL MP 7.4% 2046,IN2120250203
57201,KLMAFL-10.50%-16-10-27-NCD,INE01I507653
57202,SDL MH 7.2% 2034,IN2220250384
57231,N18MIL-10-02-26-CP,INE870H14WF9
57240,SDL MP 7.46% 2043,IN2120250237
57258,JINDAL SAW LIMITED,INE324A01032
57269,GOI STRIPS C 220231,IN000231C026
57288,N18MIL-11-02-26-CP,INE870H14WE2
57289,SDL MP 7.45% 2041,IN2120250229
57323,SANGAM (INDIA) LTD.,INE495C01010
57326,N18MIL-03-03-26-CP,INE870H14WH5
57327,SDL MP 7.2% 2033,IN2120250252
57362,NMIL-13-2-26-CP,INE870H14WG7
57372,SDL MP 7.45% 2044,IN2120250245
57395,SDL MH 7.26% 2042,IN2220250335
57410,EDUCOMP SOLUTIONS LTD.,INE216H01027
57411,Aveer Foods Limited,INE09BN01011
57412,WHREPL-13%-17-9-37-PVT,INE290W08018
57414,SDL MH 7.27% 2036,IN2220250319
57421,SDL MH 7.26% 2041,IN2220250327
57440,KAFL-10.75%-12-9-28-NCD,INE01I507802
57441,THE PHOENIX MILLS LTD,INE211B01039
57455,SDL MH 7.24% 2034,IN2220250301
57456,KAFL-15-7-30-NCD,INE01I507810
57469,Quadrant Future Tek Limited,INE0LRY01011
57481,SDL MH 7.25% 2037,IN2220250376
57495,SDL MH 7.07% 2033,IN2220250368
57511,ORIENT BEVERAGES LTD.,INE247F01018
57519,Sovereign Gold Bonds 2019 - 20,IN0020190370
57521,SDL MH 7.29% 2050,IN2220250350
57522,CSFBL-11.75%-30-3-31-PVT,INE646H08020
57539,Sovereign Gold Bonds 2019-20 S,IN0020190388
57551,ArisInfra Solutions Limited,INE0H9P01028
57552,SDL MH 7.2% 2036,IN2220250343
57558,CSFBL-11.75%-30-3-30-PVT,INE646H08012
57561,CAGL-9.70%-7-9-28-NCD,INE741K07579
57570,TIME TECHNOPLAST LTD.,INE508G01029
57571,CAGL-9.40%-7-11-27-NCD,INE741K07587
57573,Innovative Ideals and Services,INE492Y01011
57574,Davangere Sugar Company Limite,INE179G01029
57575,CAGL-7-11-27-NCD,INE741K07553
57592,Escorts Kubota Limited,INE042A01014
57593,Sunshine Capital Ltd.,INE974F01025
57605,SDL AP 7.08% 2037,IN1020240801
57607,AUSTIN ENGINEERING CO.LTD.,INE759F01012
57610,RELIC TECHNOLOGIES LTD.,INE452B01013
57613,CAGL-9.25%-7-6-26-NCD,INE741K07595
57615,KKV AGRO POWERS LTD.,INE239T01016
57657,SDL AP 7.07% 2036,IN1020240793
57676,H.S.INDIA LTD.,INE731B01010
57707,TORRENT POWER LTD,INE813H01021
57710,SDL NL 8.0% 2030,IN2620200013
57721,Unimech Aerospace and Manufact,INE0U3I01011
57741,MID INDIA INDUSTRIES LTD.,INE401C01018
57746,ONIX SOLAR ENERGY LIMITED,INE173M01012
57755,BAJAJ ELECT.LTD,INE193E01025
57773,PRIME SECURITIES LIMITED,INE032B01021
57774,SDL NL 6.7% 2030,IN2620200039
57775,KRISHIVAL FOODS LIMITED,IN90GGO01013
57784,SDL AP 7.22% 2035,IN1020240751
57797,INDO BORAX & CHEMICAL LTD,INE803D01021
57798,SDL NL 6.52% 2030,IN2620200021
57803,SDL AP 7.28% 2036,IN1020240769
57820,AGARWAL INDUSTRIAL CORPORATION,INE204E01012
57826,SDL NL 6.5% 2030,IN2620200054
57831,SDL AP 7.04% 2033,IN1020240777
57841,SCPSL-8.99%-12-6-29-PVT,INE018E08169
57863,SDL NL 6.91% 2030,IN2620200047
57869,SDL AP 7.09% 2035,IN1020240785
57896,SDL MP 6.95% 2030,IN2120250310
57897,SCPSL-9.55%-29-1-29-PVT,INE018E08144
57898,CIE AUTOMOTIVE INDIA LTD,INE536H01010
57899,SDL NL 7.05% 2031,IN2620200070
57902,SDL MH 7.18% 2033,IN2220250293
57934,SDL NL 6.62% 2030,IN2620200062
57944,KLMAFL-9.50%-9-3-26-NCD,INE01I507794
57945,SDL MP 7.54% 2046,IN2120250302
57946,DIGIDRIVE DISTRIBUTORS LIMITED,INE0PSC01024
57948,SDL MH 6.74% 2029,IN2220250285
57970,SITA ENTERPRISES LTD.,INE579D01019
57975,SDL MP 7.59% 2044,IN2120250336
57997,SDL MP 7.59% 2038,IN2120250328
57998,Sovereign Gold Bonds 2019-20 S,IN0020190461
57999,GHV INFRA PROJECTS LIMITED,INE809Q01020
58021,PETRO CARBON AND CHEMI L,INE998U01015
58026,TAJGVK HOTELS & RESORTS LTD.,INE586B01026
58046,AKCSL-06-03-26-CP,INE701G14262
58094,KLMAFL-Zero Coupon-9-1-30-NCD,INE01I507752
58134,LA OPALA RG LIMITED,INE059D01020
58160,KLMAFL-9.75%-09-3-26-NCD,INE01I507729
58191,INOX WIND LIMITED,INE066P01011
58198,GAYATRI BIOORGANICS LTD.,INE052E01015
58199,MADHAV COPPER LIMITED,INE813V01022
58213,SHEETAL COOL PRODUCTS LTD,INE501Y01019
58216,KLMAFL-10.50%-9-3-28-NCD,INE01I507737
58223,MIRAEAMC - EQUAL50,INF769K01OO2
58231,JSW INFRASTRUCTURE LTD,INE880J01026
58241,Arrow Greentech Limited,INE570D01018
58243,STAR PAPER MILLS LTD.,INE733A01018
58249,KAFL-10%-7-8-26-NCD,INE01I507950
58271,ABBOTT INDIA LIMITED,INE358A01014
58275,AHLADA ENGINEERS LIMITED,INE00PV01013
58292,VMART RETAIL LTD,INE665J01013
58302,MIPCO SEAMLESS RINGS (GUJARAT),INE860N01012
58314,UNIVERSAL OFFICE AUTOMATION LT,INE951C01012
58315,WBSEDCL-10.85%-III-04-08-26-PV,INE411L07031
58347,SIGNET INDUSTRIES LIMITED,INE529F01035
58349,IIFLSFL-11.25%-2-4-29-PVT,INE413U08077
58354,FORBES & COMPANY LTD.,INE518A01013
58396,MAYUR LEATHER PRODUCTS LTD.,INE799E01011
58411,MIRAEAMC - SELECTIPO,INF769K01ON4
58434,E TO E TRANS INFRA LTD,INE1CEJ01017
58440,ISFL-11.25%-19-7-28-PVT,INE413U08044
58443,KMF BUILDERS & DEVELOPERS LTD.,INE580H01026
58452,STEEL CITY SECURITIES LTD,INE395H01011
58474,ACL-8.90%-29-1-29-PVT,INE0SYQ07015
58475,Jyot International Marketing L,INE043R01016
58488,SDL AP 7.25% 2044,IN1020240504
58489,NCC LIMITED,INE868B01028
58498,Shreeshay Engineers Limited,INE452Z01012
58500,FUNDVISER CAPITAL (INDIA) LIMI,INE365H01014
58520,SDL AP 7.34% 2044,IN1020240439
58545,YUKEN INDIA LTD.,INE384C01016
58565,SDL AP 7.34% 2049,IN1020240447
58579,AEROFLEX INDUSTRIES LTD,INE024001021
58586,MIRAEAMC - INTERNET,INF769K01PB6
58599,CASTROL INDIA LIMITED,INE172A01027
58603,SDL AP 7.24% 2036,IN1020240454
58634,ZAGGLE PREPA OCEAN SER L,INE07K301024
58637,GS19JUN2031,IN000631C092
58646,SDL AP 7.27% 2041,IN1020240462
58678,MPL-7.97%-16-11-27-PVT,INE634S07033
58688,Hemant Surgical Industries Lim,INE0GYI01028
58700,GE Power India Ltd,INE878A01011
58702,GALA PRECISION ENG LTD,INE0RE001014
58703,MPL-7.99%-16-10-26-PVT,INE634S07025
58708,SDL AP 7.33% 2043,IN1020240405
58719,GSFPL-7.44%-22-9-28-PVT,INE746L07014
58722,MPL-7.99%-16-4-26-PVT,INE634S07017
58729,SDL AP 7.33% 2040,IN1020240413
58745,SDL AP 7.33% 2039,IN1020240421
58754,SIKOZY REALTORS LIMITED,INE528E01022
58778,GS17JUN31C,IN000631C035
58829,KAFL-10.50%-12-9-28-NCD,INE01I507885
58866,GANESHA ECOSPHERE LTD.,INE845D01014
58867,OIL AND NATURAL GAS CORP.,INE213A01029
58886,Sovereign Gold Bonds 2019-20 S,IN0020190552
58901,VARDHMAN TEXTILES LIMITED,INE825A01020
58909,KAFL-9.75%-11-9-26-NCD,INE01I507869
58912,SDL AP 7.23% 2046,IN1020240470
58948,SDL AP 7.23% 2034,IN1020240488
58955,KAFL-10%-11-9-26-NCD,INE01I507877
58963,Sovereign Gold Bonds 2019-20 S,IN0020190537
59005,SRPL-20.5%-RESET RATE-30-3-28-,INE11LD07014
59006,SDL AP 7.25% 2037,IN1020240496
59020,GS15JUN31C,IN000631C050
59022,Sovereign Gold Bonds 2019-20 S,IN0020190545
59044,GMRALD-5%-3-4-28-PVT,INE776C08067
59050,MIRAEAMC - SMALL250,INF769K01PQ4
59054,Aastamangalam Finance Limited,INE819K01014
59063,GMRAL-5%-13-8-28-PVT,INE776C08075
59067,RELIGARE ENTERPRISES LTD.,INE621H01010
59075,MBFL-11.30%-5-6-27-PVT,INE939X07200
59076,MFS INTERCORP LTD.,INE614F01019
59082,MIRAEAMC - ENERGY,INF769K01PR2
59090,MEGASTAR FOODS LIMITED,INE00EM01016
59099,GMRAL-5%-13-2-27-PVT,INE776C08083
59108,IGICL-9.10%-17-08-26-PVT,INE124D08019
59119,GMRAL-5%-25-2-28-PVT,INE776C08059
59132,BOMBAY SUPER HYBRID SEEDS,INE032Z01020
59156,MBFL-10.95%-20-10-27-PVT,INE939X07234
59179,MFL-11%-13-3-28-PVT,INE939X07242
59219,MBFL-11.35%-25-11-27-PVT,INE939X07218
59224,ROSSARI BIOTECH LIMITED,INE02A801020
59242,MBFL-11.25%-27-7-27-PVT,INE939X07226
59247,TOSS THE COIN LIMITED,INE0XAY01012
59268,MIRAEAMC - DIVIDEND,INF769K01PY8
59286,MIRAEAMC - TOP20,INF769K01PZ5
59290,7.35% TAX FREE TRI SRIIA,INE261F07057
59293,New Swan Multitech Limited,INE0GEN01012
59294,Allied Blenders and Distillers,INE552Z01027
59299,SDL AP 7.14% 2034,IN1020240603
59312,SDL AP 7.18% 2040,IN1020240611
59315,SPANDANA RS.5 PPD UP,IN9572J01019
59324,Laurus Labs Limited,INE947Q01028
59325,SPINAROO COMMERCIAL LIMITED,INE10XX01012
59326,GENESYS INTERNATIONAL CORPORAT,INE727B01026
59327,Machhar Industries Limited,INE01BT01015
59328,IGICL-10.99%-26-9-35-PVT,INE124D08027
59329,MUFIN GREEN FINANCE LIMITED,INE08KJ01020
59330,SP CAPITAL FINANCING LTD.,INE102F01015
59331,VIKRAM KAMATS HOSPITALITY LIMI,INE564S01019
59332,ORIENT PAPER & INDUSTRIES LTD.,INE592A01026
59333,A.F. ENTERPRISES LTD,INE663P01015
59334,SHARVAYA METALS LIMITED,INE0UJF01018
59335,AREX INDUSTRIES LTD.,INE480H01011
59346,POLYSIL IRRIGATION SYST L,INE517M01028
59351,SDL AP 7.15% 2039,IN1020240553
59356,BACIL PHARMA LTD.,INE711D01018
59382,SDL AP 7.17% 2043,IN1020240561
59399,MOTHERSON SUMI WRNG IND L,INE0FS801015
59406,SDL AP 7.16% 2047,IN1020240579
59425,OSIA HYPER RETAIL LIMITED,INE06IR01021
59439,SDL AP 7.15% 2042,IN1020240587
59469,SDL AP 7.25% 2047,IN1020240512
59496,SDL AP 7.11% 2038,IN1020240520
59510,SDL AP 7.14% 2044,IN1020240538
59523,7.64% TAX FREE TRI SRIIB,INE261F07032
59532,SDL AP 7.14% 2048,IN1020240546
59533,SHANTANU SHEOREY AQUAKULT LTD.,INE545N01019
59538,MFL-11.75%-29-8-26-PVT,INE939X07150
59562,ROYAL CUSHION VINYL PRODUCTS L,INE618A01011
59594,VEEDOL CORPORATION LIMITED,INE484C01030
59595,FRONTLINE CORPORATION LTD.,INE092D01013
59617,MFL-11.50%-20-7-26-PVT,INE939X07168
59678,MFL-11.75%-26-6-26-PVT,INE939X07135
59706,INDIAN RAIL TOUR CORP LTD,INE335Y01020
59722,MFL-11.75%-31-7-26-PVT,INE939X07143
59758,ADC INDIA COMMUNICATIONS LIMIT,INE833A01016
59763,IFSL-10.95%-27-7-27-PVT,INE945W07316
59790,KAFL-10.75%-7-8-29-NCD,INE01I507984
59794,SDL AP 7.15% 2047,IN1020240595
59797,MFL-11.25%-9-2-27-PVT,INE939X07192
59817,KAFL-11%-7-8-29-NCD,INE01I507992
59823,PC JEWELLER LTD.,INE785M01021
59836,MFL-11.5%-28-9-26-PVT,INE939X07176
59847,KSR Footwear Limited,INE1SPP01016
59855,CHEMCON SPECIAL CHEM LTD,INE03YM01018
59860,SUNIL INDUSTRIES LTD.,INE124M01015
59862,KAFL-10.25%-7-8-26-NCD,INE01I507968
59870,MFL-11.35%-27-10-26-PVT,INE939X07184
59882,KAFL-10.25%-7-8-27-NCD,INE01I507976
59895,KIIFB-9.49%-8-10-34-PVT,INE658F08243
59927,KIIFB-9.49%-8-10-33-PVT,INE658F08250
59931,ERIS LIFESCIENCES LIMITED,INE406M01024
59939,IDEAL TECHNOPLAST IND LTD,INE0T9I01011
59943,GS06MAY51,IN000551C019
59958,KIIFB-9.49%-8-10-29-PVT,INE658F08235
59976,SCL-9.40%-27-12-26-NCD,INE148I07RG0
59982,INDIAN CARD CLOTHING CO.,INE061A01014
60003,KIIFB-9.49%-8-10-32-PVT,INE658F08268
60017,SCAN PROJECTS LTD.,INE393D01015
60024,STA-11.35%-14-10-27-PTC,INE1XH815015
60111,KIIFB-9.10%-26-3-30-PVT,INE658F08201
60113,AFL-11.16%-26-8-27-PVT,INE0RU307213
60140,SCL-10.25%-9-11-33-NCD,INE148I07RB1
60147,GS12DEC48,IN001248C045
60155,AFL-11.16%-12-12-26-PVT,INE0RU307205
60169,Rainbow Children's Medicare Li,INE961O01016
60178,INNOVANA THINKLABS LTD,INE403Y01018
60186,KIIFB-9.49%-8-10-28-PVT,INE658F08227
60201,Fine Organic Industries Limite,INE686Y01026
60214,KIIFB-9.10%-26-3-34-PVT,INE658F08219
60219,DATAMATICS GLOBAL SER LTD,INE365B01017
60241,AFL-11.16%-19-1-28-PVT,INE0RU307221
60258,NAVA LIMITED,INE725A01030
60262,S&S POWER SWITCHGEAR LTD.,INE902B01017
60266,N.K.INDUSTRIES LTD.,INE542C01019
60267,SCL-9.90%-27-12-26-NCD,INE148I07RN6
60273,SCL-9.71%-27-12-28-NCD,INE148I07RP1
60274,SCL-9.25%-27-12-28-NCD,INE148I07RO4
60278,20 MICRONS LTD.,INE144J01027
60283,SDL WB 6.68% 2030,IN3420200096
60292,SDL WB 6.62% 2035,IN3420200088
60299,KIIFB-9.4%-30-12-28-PVT,INE658F08292
60309,SCL-9.48%-27-12-26-NCD,INE148I07RJ4
60315,AFFLE 3I LIMITED,INE00WC01027
60327,KIIFB-9.49%-8-10-31-PVT,INE658F08276
60343,SDL WB 6.46% 2030,IN3420200070
60347,KIIFB-9.49%-8-10-30-PVT,INE658F08284
60375,SCL-ZC-27-12-26-NCD,INE148I07RL0
60386,SDL WB 6.54% 2035,IN3420200062
60403,SDL WB 6.55% 2030,IN3420200054
60409,KLM-ZC-1-10-26-NCD,INE01I507299
60410,SCL-9.65%-27-12-28-NCD,INE148I07RM8
60419,SDL WB 6.65% 2030,IN3420200047
60420,PCMC-7.85%-04-06-30-MB,INE0P1K24028
60421,FISCHER MEDICAL VENTURES LIMIT,INE771F01041
60422,SDL WB 6.5% 2030,IN3420200039
60423,SCL-10.50%-9-11-30-NCD,INE148I07QV1
60424,PCMC-8.15%-28-7-28-MB,INE0P1K24010
60427,Mudra Financial Services Ltd.,INE967S01014
60431,SDL WB 6.85% 2030,IN3420200021
60432,ADANI ENERGY SOLUTION LTD,INE931S01010
60436,SCL-10.03%-9-11-30-NCD,INE148I07QX7
60437,SDL WB 6.85% 2030,IN3420200013
60438,PCMC-7.85%-04-06-29-MB,INE0P1K24036
60439,BLUESTONE JEWEL LFSTL LTD,INE304W01038
60446,SML Mahindra Limited,INE294B01019
60447,SCL-9.65%-9-11-28-NCD,INE148I07QQ1
60448,SCL-9.75%-22-12-28-NCD,INE148I08322
60451,SCL-8.89%-22-12-28-NCD,INE148I08330
60453,NIDO-10.28%-18-3-29-PVT,INE530L07350
60455,Adhbhut Infrastructure Ltd.,INE578L01014
60457,MIRAEAMC - LIQUIDPLUS,INF769K01MY5
60458,SCL-9.25%-9-11-28-NCD,INE148I07QS7
60459,SCL-10.15%-9-11-28-NCD,INE148I07QR9
60460,LIBERTY SHOES LTD,INE557B01019
60466,SCL-9.71%-9-11-28-NCD,INE148I07QT5
60467,SCL-9.35%-22-12-28-NCD,INE148I08348
60496,NUPUR RECYCLERS LIMITED,INE0JM501013
60506,SDL GA 7.28% 2037,IN1420250111
60507,AFL-ZC-21-5-26,INE0RU307122
60517,PURPLE AGROTECH INDUSTRIES LIM,INE905R01016
60533,AFL-11.5%-5-3-27-PVT,INE0RU307155
60539,SANGHVI MOVERS LTD.,INE989A01032
60554,694TNSDL50,IN3120190266
60556,AFL-10.95%-5-7-26,INE0RU307148
60563,SDL GA 7.25% 2036,IN1420250129
60565,FIRSTSOURCE SOLUTIONS LTD.,INE684F01012
60567,SDL GA 7.34% 2035,IN1420250137
60572,HDFC Asset Management Company ,INE127D01025
60577,GLOBAL EDUCATION LIMITED,INE291W01037
60579,TERRAFORM MAGNUM LTD.,INE122V01010
60586,SCL-9.80%-9-11-33-NCD,INE148I07RA3
60588,SC-10.25%-9-11-33-NCD,INE148I07QY5
60590,AMFL-10.75%-5-7-26-PVT,INE0RU307171
60597,PDS LIMITED,INE111Q01021
60600,SCL-10.75%-9-11-33-NCD,INE148I07QZ2
60601,PRAXIS HOME RETAIL LTD,INE546Y01022
60604,AFL-11.50%-19-4-27-PVT,INE0RU307163
60606,SDL GA 7.37% 2036,IN1420250103
60607,AMFL-11.16%-19-8-26-PVT,INE0RU307197
60609,AFL-12%-19-6-27-PVT,INE0RU307189
60614,SCL-10.03%-26-09-30-NCD,INE148I07QD9
60641,KIIFB-8.95%-22-12-28-PVT,INE658F08128
60684,KIIFB-8.95%-21-12-29-PVT,INE658F08110
60730,NETWORK18 MEDIA & INVESTMENTS,INE870H01013
60735,Jyoti CNC Automation Limited,INE980O01024
60740,SCL-9.02%-26-9-26-NCD,INE148I07QE7
60751,3P LAND HOLDINGS LIMITED,INE105C01023
60756,Protean eGov Technologies Limi,INE004A01022
60763,KIIFB-8.95%-22-12-32-PVT,INE658F08144
60793,KIIFB-9.10%-26-3-28-PVT,INE658F08151
60828,CONTROL PRINT LIMITED,INE663B01015
60846,KIIFB-8.95%-22-12-33-PVT,INE658F08136
60900,HINDPRAKASH INDUSTRY LTD,INE05X901010
60931,KIIFB-8.95%-20-12-30-PVT,INE658F08102
60933,AFL-11.04%-18-3-26,INE0RU307114
60954,LASER DIAMONDS LTD.,INE995E01015
60957,SC-ZC-26-9-26-NCD,INE148I07QB3
60991,SCL-9.57%-26-9-30-NCD,INE148I07QC1
61007,HLFL-9.10%-30-9-32-PVT,INE146O08381
61008,SCL-9.02%-9-11-26-NCD,INE148I07QM0
61012,GS22APR33,IN000433C036
61021,Computer Age Management Servic,INE596I01020
61029,RISHI LASER LTD.,INE988D01012
61033,HLFL-9.25%-9-7-31-PVT,INE146O08399
61034,GS15APR33C,IN000433C044
61054,Capillary Technologies India L,INE0ILV01024
61065,SC-ZC-9-11-26-NCD,INE148I07QP3
61069,SCL-ZC-9-11-26-NCD,INE148I07QO6
61070,SCL-8.80%-27-3-28-PVT,INE148I08306
61089,KIIFB-9.10%-26-3-33-PVT,INE658F08169
61095,SCL-9.40%-9-11-26-NCD,INE148I07QH0
61098,HRH NEXT SERVICES LIMITED,INE0R3501012
61101,TIGER LOGISTICS (INDIA) LTD,INE906O01029
61113,SAGAR CEMENTS LIMITED,INE229C01021
61126,SDL WB 6.63% 2041,IN3420200195
61155,WSFX Global Pay Limited,INE549D01012
61163,SCL-9.90%-9-11-26-NCD,INE148I07QI8
61184,SDL WB 6.6% 2030,IN3420200187
61193,MIRAEAMC - CONSUMER,INF769K01NS5
61197,KIIFB-9.10%-26-3-31-PVT,INE658F08193
61222,KIFFB-9.10%-26-3-29-PVT,INE658F08177
61231,MEDI-CAPS LTD.,INE442D01010
61235,STEEL STRIPS WHEELS LTD.,INE802C01033
61237,SDL WB 6.68% 2035,IN3420200179
61249,SCL-9.48%-9-11-26-NCD,INE148I07QK4
61254,KIIFB-9.10%-26-3-32-PVT,INE658F08185
61266,ISHAAN INFRASTRUCTURE AND SHEL,INE818R01011
61267,SHYAM TELECOM LTD.,INE635A01023
61269,THDCL-15-01-27-CP,INE582L14JH5
61272,SDL WB 6.71% 2040,IN3420200161
61274,HUHTAMAKI INDIA LIMITED,INE275B01026
61276,HLFL-9.3%-6-2-35-PVT,INE146O08308
61278,SDL WB 6.78% 2035,IN3420200153
61279,SCL-10.75%-26-9-33-NCD,INE148I07PT7
61280,SCL-9.15%-26-9-26-NCDS,INE148I08256
61281,THDC-25-2-26-CP,INE582L14JF9
61283,SC-9%-26-9-26-NCDS,INE148I08249
61284,SCL-10.50%-26-9-30-NCD,INE148I07PS9
61285,KLMAFL-29-2-28-NCD,INE01I507398
61286,THDC-27-2-26-CP,INE582L14JG7
61288,HLFL-9.50%-PERPETUAL-PVT,INE146O08316
61289,SCL-9.80%-26-9-33-NCD,INE148I07PU5
61290,AFSL-9.35%-27-12-27-PVT,INE087P08038
61291,TG1223-14.25%-28-6-26-PTC,INE0SDO15017
61292,KLMAFL-11.25%-29-7-26-NCD,INE01I507372
61293,SDL WB 6.88% 2040,IN3420200146
61294,HLFL-9.25%-3-10-30-PVT,INE146O08324
61295,MIRAEAMC - EQUAL200,INF769K01OA1
61296,SDL WB 6.99% 2035,IN3420200138
61297,SCL-10.25%-26-9-33-NCD,INE148I07PV3
61298,SC-ZC-26-9-26-NCDS,INE148I08272
61299,KLMAFL-11.50%-29-7-26-NCD,INE01I507380
61300,THDC-23-3-26-CP,INE582L14JE2
61301,HLFL-9.50%-PERPETUAL-PVT,INE146O08332
61308,SDL WB 7.09% 2040,IN3420200120
61313,THDC-18-3-26-CP,INE582L14JC6
61316,GS09JUL26,IN000726C025
61317,HLFL-9%-04-06-35-PVT,INE146O08340
61318,THDCL-20-3-26-CP,INE582L14JD4
61322,Euphoria Infotech (India) Limi,INE0PYT01018
61327,THDCL-11-3-26-CP,INE582L14JB8
61330,SK Minerals & Additives Limite,INE13YH01017
61331,SDL WB 7.04% 2035,IN3420200112
61335,SCL-9.30%-29-6-26-PVT,INE148I08215
61336,SC-10.25%-26-9-33-NCD,INE148I07PP5
61340,SCL-9.71%-26-9-28-NCD,INE148I07PO8
61342,NIDO-ZC-19-7-26-NCD,INE530L07236
61344,AFSL-9.50%-30-6-27-PVT,INE087P08020
61345,HLFL-8.20%-19-6-28-PVT,INE146O08357
61347,GS02JUL26C,IN000726C017
61349,SDL WB 6.77% 2040,IN3420200104
61359,NEPTUNE PETROCHEMICALS L,INE156901014
61361,HLFL-9.15%-PERPETUAL-PVT,INE146O08365
61368,SCL-8.79%-26-9-26-NCDS,INE148I08231
61373,HLFL-9.1%-11-4-31-PVT,INE146O08373
61374,THDCL-24-2-26-CP,INE582L14JA0
61377,OSCAR GLOBAL LTD.,INE473F01010
61383,JOHNSON PHARMACARE LIMITED,INE560F01022
61393,ASI INDUSTRIES LIMITED,INE443A01030
61417,THEMIS MEDICARE LTD.,INE083B01024
61421,NIDO-10%-19-7-26-NCD,INE530L07228
61426,INDIA PESTICIDES LIMITED,INE0D6701023
61439,NIDO-9.57%-19-7-26-NCD,INE530L07210
61440,City Online Services Limited,INE158C01014
61441,JSFBL-10.55%-16-10-35-PVT,INE953L08337
61442,G-TECH INFO-TRAINING LTD.,INE634D01038
61443,SAJ HOTELS LIMITED,INE00MT01022
61449,JSFBL-13.8%-07-07-27-PVT,INE953L08329
61451,Helpage Finlease Ltd.,INE738P01015
61452,SCL-9.40%-26-9-26-NCD,INE148I07PX9
61453,SCL-8.35%-8-9-27-PVT,INE148I08298
61455,BHARAT GEARS LTD.,INE561C01019
61460,SCL-9.90%-26-9-26-NCD,INE148I07PY7
61461,Faalcon Concepts Limited,INE0Q9W01015
61463,KNOWLEDGE REALTY TRUST,INE1JAR25012
61467,SCL-9.48%-26-9-26-NCD,INE148I07PZ4
61468,Mega Nirman & Industries Limit,INE216Q01010
61476,SDL MP 7.0% 2031,IN2120210017
61495,KIIFB-9.67%-8-8-35-PVT,INE658F08490
61507,SBIL-8.25-30-6-22-PVT,INE018E08300
61509,MIRAEAMC - MASILVER,INF769K01KG6
61513,GS12JUN33,IN000633C049
61539,KIIFB-9.67%-8-8-33-PVT,INE658F08474
61558,KIIFB-9.67%-8-8-34-PVT,INE658F08482
61665,KIIFB-9.67%-8-8-30-PVT,INE658F08441
61670,ECOPLAST LTD.,INE423D01010
61682,NYSSA CORPORATION LIMITED,INE812K01027
61683,KIIFB-9.67%-8-8-29-PVT,INE658F08433
61707,RATTANINDIA POWER LIMITED,INE399K01017
61710,KIIFB-9.67%-8-8-32-PVT,INE658F08466
61721,IND BANK HOUSING LTD.,INE969D01012
61722,IML-11%-24-4-26-NCD,INE0BUS07098
61736,KIIFB-9.67%-8-8-31-PVT,INE658F08458
61751,MIRAEAMC - MAGS813ETF,INF769K01KF8
61762,CAMLIN FINE SCIENCES LTD,INE052I01032
61778,HLFL-9.50%-29-11-29-PVT,INE146O08266
61783,LTF-7.80%-13-7-29-PVT,INE691I08511
61793,DYNAMIC INDUSTRIES LTD.,INE457C01010
61795,Balkrishna Paper Mills Ltd.,INE875R01011
61801,NALWA SONS INVESTMENT LTD,INE023A01030
61803,HLFL-9.50%-10-7-39-PVT,INE146O08274
61807,SCL-9.65%-26-9-28-NCD,INE148I07PK6
61819,LTF-9.1000%-31-10-28-PVT,INE691I08529
61824,HLFL-9.5%-30-10-30-PVT,INE146O08282
61827,SCL-9.25%-269-28-NCD,INE148I07PM2
61830,TORRENT POWER LTD.,INE813H01021
61834,SCL-10.15%-26-9-28-NCD,INE148I07PL4
61836,SOMA TEXTILES & INDUSTRIES LTD,INE314C01013
61840,VADILAL INDUSTRIES LTD,INE694D01016
61842,LTF-8.30%-10-6-30-PVT,INE691I08537
61848,SDL MP 7.08% 2029,IN2120210066
61853,Antony Waste Handling Cell Lim,INE01BK01022
61860,HLFL-9.50%-PERPETUAL-PVT,INE146O08290
61861,MIRAEAMC - BANKETF,INF769K01KR3
61864,SCL-10%-26-9-30-NCD,INE148I07PN0
61878,LTF-8.15%-19-7-30-PVT,INE691I08545
61883,GS06NOV55,IN001155C018
61888,SDL MP 7.33% 2042,IN2120210058
61928,IFL-ZC-24-6-28-NCD,INE530B08110
61969,IFL-9.6%-24-6-28-NCD,INE530B08102
61971,SDL MP 6.99% 2041,IN2120210041
61978,SDL MP 6.85% 2031,IN2120210033
61999,COCHIN SHIPYARD LIMITED,INE704P01025
62012,SDL MP 5.99% 2026,IN2120210025
62019,SDL WB 6.83% 2031,IN3420200294
62055,SDL WB 7.19% 2036,IN3420200286
62057,SCL-9.02%-27-7-26-NCD,INE148I07OQ6
62058,SCL-9.48%-27-7-26-NCD,INE148I07OP8
62059,BALKRISHNA PAPER MILLS L,INE875R01011
62062,LOVABLE LINGERIE LTD.,INE597L01014
62064,SCL-9.90%-27-7-26-NCD,INE148I07OR4
62067,SDL WB 7.25% 2041,IN3420200278
62070,SCL-ZC-27-7-26-NCD,INE148I07OS2
62074,SDL WB 7.23% 2041,IN3420200260
62075,KLMAFL-11.25%-31-10-26-NCD,INE01I507489
62077,HLFL-9.75%-21-04-28-PVT,INE146O08209
62078,SCL-9.17%-27-7-28-NCD,INE148I07OT0
62080,SDL WB 7.05% 2031,IN3420200252
62081,INDIAN RAILWAY FIN CORP L,INE053F01010
62083,KLMAFL-30-6-28-NCD,INE01I507497
62088,HLFL-9.70%-19-1-27-PVT,INE146O08217
62091,MIRAEAMC - LIQUID,INF769K01KS1
62094,KLMAFL-11%-31-10-26-NCD,INE01I507471
62095,SDL WB 6.97% 2036,IN3420200245
62096,Laxmi Dental Limited,INE0WO601020
62097,HLFL-9.50%-22-6-33-PVT,INE146O08225
62098,SDL WB 6.89% 2041,IN3420200237
62102,MIRAEAMC - SENSEXETF,INF769K01KT9
62103,SCL-9.40%-27-7-26-NCD,INE148I07ON3
62104,HLFL-9.45%-23-8-33-PVT,INE146O08233
62107,SDL WB 6.63% 2031,IN3420200229
62111,MIRAEAMC - ALPHAETF,INF769K01KU7
62119,HLFL-9.40%-30-1-31-PVT,INE146O08241
62128,SHERATON PROPERTIES & FINANCE,INE495M01019
62138,MIRAEAMC - ITETF,INF769K01KV5
62139,SDL WB 6.61% 2036,IN3420200211
62148,HLFL-9.65%-29-5-39-PVT,INE146O08258
62157,KIIFB-9.49%-25-03-34-PVT,INE658F08409
62179,NHFL-9.20%-15-9-26-NCD,INE530L07566
62185,IMPEX FERRO TECH LIMITED,INE691G01015
62202,BAJAJ STEEL INDUSTRIES LTD.,INE704G01024
62208,NHFL-15-9-26-NCD,INE530L07558
62246,KIIFB-9.49%-25-03-33-PVT,INE658F08425
62259,MIRAEAMC - SMALLCAP,INF769K01LC3
62263,NHFL-10%-15-9-33-NCD,INE530L07582
62268,KIIFB-9.49%-25-03-35-PVT,INE658F08417
62295,PROSPECT CONSUMER PRODUCTS LIM,INE0OKG01017
62296,SCL-9.25%-27-7-28-NCD,INE148I07OU8
62297,ASL-30-3-26-CP,INE192R14311
62307,ASL-24-03-26-CP,INE192R14303
62308,ADVANI HOT.& RES.(I) LTD,INE199C01026
62309,NIDO-9.30%-29-4-32-NCD,INE530L07509
62310,NIDO-9.70%-29-4-32-NCD,INE530L07517
62312,SCL-10.15%-27-7-28-NCD,INE148I07OW4
62321,NHFL-10.45%-15-9-33-NCD,INE530L07541
62324,NHFL-15-9-28-NCD,INE530L07533
62335,THREE M PAPER BOARDS LIMITED,INE0UK501010
62348,KIIFB-9.49%-25-03-29-PVT,INE658F08367
62358,SAM INDUSTRIES LTD.,INE653D01012
62362,CROPSTER AGRO LIMITED,INE293E01031
62369,SHREE HARI CHEMICALS EXPORT LT,INE065E01017
62382,KIIFB-9.42%-30-12-29-PVT,INE658F08359
62391,MIRAEAMC - MIDSMALL,INF769K01LJ8
62402,DHARAN INFRA-EPC LIMITED,INE278R01034
62408,PICCADILY SUGAR & ALLIED INDUS,INE544C01023
62411,RAJASTHAN SECURITIES LIMITED,INE184D01026
62414,TERPL-13.53%-31-08-28-PVT,INE06BX07013
62417,KIIFB-9.49-25-03-32-PVT,INE658F08391
62426,INBK 7.24% 2034 SR I,INE562A08099
62431,SC-9.90%-23-3-26-NCD,INE148I07OB8
62440,KIIFB-9.49%-25-03-30-PVT,INE658F08375
62453,Ravelcare Limited,INE0W4D01018
62455,KIIFB-9.49%-25-03-31-PVT,INE658F08383
62461,KGEL 8.50% 2030,INE542W07014
62463,SDL OR 7.18% 2046,IN2720240190
62466,LVJ-14.68%-22-12-26-PTC,INE1JMM15019
62467,KIIFB-9.4%-30-12-33-PVT,INE658F08326
62468,BORANA WEAVES LIMITED,INE16SF01016
62476,SDL OR 7.17% 2040,IN2720240182
62477,KIIFB-9.4%-30-12-34-PVT,INE658F08318
62478,BOSCH HOME COMFRT IND LTD,INE782A01015
62482,BIKEWO GREEN TECH LIMITED,INE0SQH01013
62495,KIIFB-9.4%-30-12-31-PVT,INE658F08342
62499,FUTURISTIC SECURITIES LTD.,INE425D01015
62500,KIIFB-9.42%-30-12-32-PVT,INE658F08334
62503,DCM FINANCIAL SERVICES LT,INE891B01012
62513,MIRAEAMC - EVINDIA,INF769K01LQ3
62523,SCL-10.15%-23-3-28-NCD,INE148I07OH5
62527,JINDAL LEASEFIN LIMITED,INE919T01013
62547,SDL JK 7.79% 2035,IN4920220121
62596,HLFL-9.75%-18-8-26-PVT,INE146O08167
62598,EXPLICIT FINANCE LTD.,INE335G01019
62629,HLFL-9.75%-8-10-26-PVT,INE146O08175
62634,SDL JK 7.8% 2035,IN4920220139
62638,ALOK INDUSTRIES LTD.,INE270A01029
62661,HLFL-9.75%-18-9-26-PVT,INE146O08183
62681,Gujarat Poly Electronics Limit,INE541F01022
62690,PICTUREHOUSE MEDIA LTD.,INE448B01029
62705,GS12MAR40,IN000340C041
62717,HLF-9.75%-25-9-26-PVT,INE146O08191
62745,GS19MAR2040,IN000340C033
62748,SDL JK 7.77% 2035,IN4920220113
62775,SDL JK 7.6% 2035,IN4920220105
62793,SPENTA INTERNATIONAL LTD.,INE175C01018
62794,MIRAEAMC - METAL,INF769K01LY7
62799,SDL GA 7.48% 2036,IN1420250087
62803,MIRAEAMC - BANKPSU,INF769K01LZ4
62807,PRIME INDUSTRIES LTD.,INE543F01028
62817,SDL GA 7.4% 2037,IN1420250079
62818,ALEMBIC LTD.,INE426A01027
62822,SDL OR 7.05% 2035,IN2720240208
62832,Vineet Laboratories Limited,INE505Y01010
62835,SDL GA 7.39% 2035,IN1420250095
62836,ADVANCED ENZYME TECH LTD,INE837H01020
62838,SDL GA 6.89% 2035,IN1420250046
62841,BAID FINSERV LIMITED,INE020D01022
62843,KLM-11.25%-16-3-27-NCD,INE01I507588
62848,NIDO-9.55%-29-4-27-NCD,INE530L07483
62863,KLM-ZC-16-11-28-NCD,INE01I507596
62864,SDL GA 6.63% 2035,IN1420250038
62871,NIDO-9.15%-29-4-27-NCD,INE530L07475
62881,KLM-11%-16-3-27-NCD,INE01I507570
62883,YATRA ONLINE LIMITED,INE0JR601024
62891,SDL GA 7.17% 2035,IN1420250061
62892,AKSHAR SPINTEX LIMITED,INE256Z01025
62893,SHRI JAGDAMBA POLYMERS LTD.,INE564J01026
62895,GREENCHEF APPLIANCES LTD,INE0O7P01015
62900,BODAL CHEMICALS LTD.,INE338D01028
62901,INBK 7.12% 2034 SR II,INE562A08107
62902,IFL-10%-24-6-28-NCD,INE530B08094
62907,MIRAEAMC - MULTICAP,INF769K01LX9
62914,SCL-8.94%-28-12-27-NCD,INE148I07NN5
62916,KAVERI SEED COMPANY LTD.,INE455I01029
62924,SDL GA 7.12% 2036,IN1420250053
62925,EPUJA SPIRITECH LIMITED,INE807D01030
62928,HAWKINS COOKERS LTD.,INE979B01015
62930,NIDO-29-4-27-NCD,INE530L07491
62931,BAFNA PHARMACEUTICALS LTD,INE878I01022
62935,SCL-9.65%-23-3-28-NCD,INE148I07NW6
62944,SCL-9.25%-23-3-28-NCD,INE148I07NX4
62956,NIRAJ CEMENT STRUCTURALS LTD.,INE368I01016
62958,SCL-9.90%-23-3-26-NCD,INE148I07NY2
62959,SDL WB 6.99% 2036,IN3420200302
62964,KIIFB-9.4%-30-12-30-PVT,INE658F08300
62967,PROTEAN EGOV TECHNO LTD,INE004A01022
62968,SCPSL-8.25%-8-8-34-PVT,INE018E08367
62976,SCL-9.48%-23-3-26-NCD,INE148I07NZ9
62979,SBICPSL-7.05%-28-07-28-PVT,INE018E08375
62980,SDL GA 6.65% 2035,IN1420250012
62989,KRISHIVAL RE.3.50 PPD UP,IN90GGO01013
62990,SBICPSL-8.33%-24-1-34-PVT,INE018E08342
62994,IIL-8.23%-23-12-34-PVT,INE537P08040
62998,SBICPSL-8.29%-28-2-34-PVT,INE018E08359
62999,SHIV AUM STEELS LIMITED,INE719F01016
63007,IIL-8.45%-18-5-28-PVT,INE537P08024
63008,RAPID FLEET MGT SERVICE L,INE0QX901013
63009,SCL-9.71%-23-3-28-NCD,INE148I07NV8
63010,RUSHIL DECOR LTD.,INE573K01025
63011,SCPSL-7.85%-17-5-28-PVT,INE018E08334
63012,IIL-7.37%-4-8-31-PVT,INE537P08032
63036,S&S POWER SWITCHGEARS LTD,INE902B01017
63038,NHFL-1-3-29-NCD,INE530L07723
63044,MIRAEAMC - MAM150ETF,INF769K01IC9
63068,PREMIER ROADLINES LIMITED,INE0CFG01012
63074,NHFL-9.5%-1-3-26-NCD,INE530L07707
63075,NIDO-10%-1-3-27-NCD,INE530L07715
63077,AARADHYA DISPOSAL INDUS L,INE124401014
63088,BLACKBUCK LIMITED,INE0UIZ01018
63124,NHFL-9.58%-1-3-27-NCD,INE530L07731
63126,SCL-8.7%-03-11-27-NCD,INE148I07NA2
63137,SDL OR 7.19% 2035,IN2720240075
63138,SUTLEJ TEXT & INDUS LTD,INE645H01027
63141,Cohance Lifesciences Limited,INE03QK01018
63157,MASTER TRUST LIMITED,INE677D01037
63158,GUJ. APOLLO IND. LTD.,INE826C01016
63162,SDL OR 7.06% 2031,IN2720240067
63176,SCL-9.15%-03-11-27-NCD,INE148I07MZ1
63179,YOGI SUNG-WON (INDIA) LTD.,INE429B01011
63183,MAKERS LABORATORIES LTD.,INE987A01010
63187,SDL OR 7.2% 2045,IN2720240091
63191,RAS RESORTS & APART HOTELS LTD,INE651D01016
63198,SDL OR 7.19% 2040,IN2720240083
63201,PMC FINCORP LIMITED,INE793G01035
63207,MARTIN BURN LTD.,INE199D01016
63208,MIRAEAMC - MAMFGETF,INF769K01IB1
63240,SDL SK 7.28% 2030,IN3020190036
63306,ELLENBARRIE INDUSTRIAL GASES L,INE236E01022
63313,SCL-9.8%-28-12-27-NCD,INE148I07NG9
63357,Mihika Industries Ltd.,INE779Q01017
63380,SDL SK 6.95% 2030,IN3020190044
63457,NHPC 6.86% 2032 SR  B,INE848E08359
63498,IITL PROJECTS LIMITED,INE786E01018
63521,NHPC 6.86% 2031 SR  A,INE848E08367
63546,Bodhtree Consulting Limited,INE104F01029
63555,Pudumjee Paper Products Limite,INE865T01018
63559,GS19SEP2043,IN000943C034
63578,NHPC 6.40% 2027,INE848E08375
63580,DRONE DESTINATION LIMITED,INE0P7201019
63595,CENTRAL BANK OF INDIA,INE483A01010
63601,SCL-9.39%-28-12-27-NCD,INE148I07ND6
63679,RAMA VISION LTD.,INE763B01013
63726,HDFC AMC LIMITED,INE127D01025
63746,SUNGOLD CAPITAL LTD.,INE271D01013
63771,SAGAR CEMENTS LTD.,INE229C01021
63786,Decillion Finance Ltd.,INE848N01017
63792,SCL-8.7%-28-9-27-NCD,INE148I07MK3
63793,VALIANT LABORATORIES LTD,INE0JWS01017
63800,SCL-9.15%-28-9-27-NCD,INE148I07ML1
63802,SDL OR 7.17% 2030,IN2720240158
63803,REMSONS INDUSTRIES LTD,INE474C01023
63829,TCAP-9.55%-PERPETUL,INE601U08184
63836,SCL-9.55%-03-11-27-NCD,INE148I07MV0
63838,SDL OR 6.93% 2028,IN2720240141
63854,NHFL-10.75%-3-7-34-NCD,INE530L07798
63858,TCAP-9.55%-PERP,INE601U08192
63868,SDL OR 6.98% 2029,IN2720240174
63891,SDL OR 7.23% 2047,IN2720240166
63892,Shyam Metalics and Energy Limi,INE810G01011
63928,SDL OR 7.2% 2032,IN2720240109
63938,NHFL-10.03%-3-7-29-NCD,INE530L07764
63948,SML MAHINDRA LIMITED,INE294B01019
63950,RAIN INDUSTRIES LIMITED,INE855B01025
63955,NHFL-9.50%-03-7-26-NCD,INE530L07749
63958,NHFL-10.50%-3-7-29-NCD,INE530L07756
63959,CHEMBOND CHEMICAL LIMITED,INE0TGX01019
63974,Bazel International Limited,INE217E01014
63975,TCAP-9.75%-PERP,INE601U08168
63976,SDL OR 7.27% 2041,IN2720240133
63997,NHFL-10.26%-3-7-34-NCD,INE530L07780
64002,SDL OR 7.3% 2039,IN2720240125
64003,BOND 8.30% PA TAX FREE S2,INE906B07CB9
64020,SDL OR 7.22% 2036,IN2720240117
64024,NHFL-10%-3-7-27-NCD,INE530L07772
64025,TCAP-9.6%-PERP,INE601U08176
64040,LTF-8.55%-05-09-31-PVT,INE691I08479
64049,NIRAJ CEMENT STRUC LTD,INE368I01016
64064,LTF-8.05%-4-1-27-PVT,INE691I08487
64079,ASIAN PAINTS LIMITED,INE021A01026
64093,NHFL-10.10%-15-9-28-NCD,INE530L07624
64094,LTF-8.05%-29-1-27-PVT,INE691I08495
64097,GWHPL-7.53%-30-6-39-PVT,INE0Q3B07019
64109,NHFL-9.60%-15-9-26-NCD,INE530L07608
64110,NHFL-9.67%-15-9-28-NCD,INE530L07616
64115,GWHPL-7.7%-30-6-39-PVT,INE0Q3B07027
64118,KIIFB-9.30%-21-01-32-PVT,INE658F08565
64130,SDL NL 7.1% 2035,IN2620240043
64131,KIIFB-9.30%-21-01-36-PVT,INE658F08557
64155,JMFCSL-8.5%-30-5-28-PVT,INE651J07AB8
64156,SDL NL 7.27% 2035,IN2620240035
64183,JMFCSL-8.5%-28-6-28-PVT,INE651J07AA0
64187,SDL NL 7.15% 2034,IN2620240027
64194,SDL NL 7.45% 2034,IN2620240019
64243,SCL-9.05%-28-9-27-NCD,INE148I07MD8
64244,SDL MH 6.54% 2027,IN2220210271
64279,SCL-9.55%-28-9-27-NCD,INE148I07ME6
64302,MCSL 8.40% 2031 SR BD,INE296G07317
64326,SDL MH 6.99% 2029,IN2220210289
64335,TULASEE BIO-ETHANOL LTD.,INE276N01011
64342,VAS INFRASTRUCTURE LTD.,INE192C01013
64345,MIRAEAMC - MAGOLDETF,INF769K01JP9
64349,LTF-9.50%-PERPETUAL-PVT,INE691I08420
64350,OMEGA INTERACTIVE TECHNOLOGIES,INE113B01029
64377,DESTINY LOGISTICS & I LTD,INE0IGO01011
64400,LTF-PERPETUAL-PVT,INE691I08438
64406,Urban Company Limited,INE0CAZ01013
64440,LTF-8.78%-21-07-26-PVT,INE691I08446
64494,PASUPATI FINCAP LTD.,INE527C01010
64496,LTF-8.65%-08-08-31-PVT,INE691I08453
64548,LTF--8.63%-12-08-31-PVT,INE691I08461
64552,ORACLE FINANCIAL SERVICES SOFT,INE881D01027
64556,MIRAEAMC - MANV30F,INF769K01JU9
64560,Transpact Enterprises Limited,INE06YD01010
64596,EAST COAST STEEL LTD.,INE315F01013
64603,SDL MH 6.24% 2026,IN2220210214
64628,FAIRCHEM ORGANICS LIMITED,INE0DNW01011
64634,SDL MH 7.1% 2036,IN2220210206
64644,Ghushine Fintrrade Ocean Limit,INE009U01011
64653,SDL MH 6.38% 2027,IN2220210230
64679,SDL MH 6.43% 2027,IN2220210222
64687,MOONGIPA CAPITAL FINANCE LTD.,INE153K01018
64690,BDR BUILDCON LIMITED,INE766Q01014
64713,VISHVPRABHA VENTURES LIMITED,INE762D01011
64716,SDL MH 6.91% 2034,IN2220210255
64726,JIWANRAM SHEODUTTRA IND L,INE0N5H01017
64765,KEDIA CONSTRUCTION CO.LTD.,INE511J01027
64775,SDL MH 6.91% 2033,IN2220210248
64790,SDL OR 7.0% 2030,IN2720240034
64791,SCL-8.75%-28-4-27-NCD,INE148I07LS8
64797,KIIFB-9.30%-21-01-31-PVT,INE658F08524
64816,NHFL-10.75%-1-3-34-NCD,INE530L07681
64819,KIIFB-9.30%-21-01-33-PVT,INE658F08516
64821,SCL-9.25%-28-4-27-NCD,INE148I07LT6
64825,SDL OR 7.03% 2031,IN2720240026
64845,SDL OR 7.15% 2038,IN2720240018
64848,NHFL-10.26%-1-3-34-NCD,INE530L07673
64853,SCL-8.43%-28-4-27-NCD,INE148I07LU4
64854,KIIFB-9.30%-21-01-35-PVT,INE658F08540
64855,SDL OR 6.89% 2028,IN2720240059
64856,MMTC LTD.,INE123F01029
64876,SCL-8.89%-28-4-27-NCD,INE148I07LV2
64883,SDL OR 7.11% 2037,IN2720240042
64886,KIIFB-9.30%-21-01-34-PVT,INE658F08532
64905,NHFL-1-3-27-NCD,INE530L07699
64918,NHFL-10.50%-1-3-29-NCD,INE530L07640
64920,KIIFB-9.30%-21-01-30-PVT,INE658F08508
64927,NHFL-10.03%-1-3-29-NCD,INE530L07665
64936,JAMMU & KASHMIR BANK LTD.,INE168A01041
64939,NHFL-1-3-26-NCD,INE530L07657
64942,BODAL CHEMICALS LTD,INE338D01028
64965,NHFL-6-1-27-NCD,INE530L07962
64988,NHFL-10.49%-6-1-35-NCD,INE530L07947
64992,NHFL-9.5%-6-1-27-NCD,INE530L07954
65029,BML-9.1%-12-8-27-PVT,INE443L07190
65030,NHFL-6-1-28-NCD,INE530L07988
65055,BML-9.10%-12-8-27-PVT,INE443L07182
65063,SANDUR MANGANESE & IRON ORES L,INE149K01016
65067,NHFL-9.58%-6-1-28-NCD,INE530L07970
65083,BML-9.20%-12-8-28-PVT,INE443L07174
65088,NHFL-10.49%-8-10-34-NCD,INE530L07921
65102,TASTY BITE EATABLES LTD.,INE488B01017
65110,NHFL-8-10-29-NCD,INE530L07905
65117,NHFL-11%-8-10-34-NCD,INE530L07913
65138,NHFL-10.50%-8-10-29-NCD,INE530L07939
65141,SANDHAR TECHNOLOGIES LTD,INE278H01035
65149,ITC Hotels Limited,INE379A01028
65152,VISHNUSURYA PROJ N INFR L,INE0PQ001012
65157,MAGNUM VENTURES LTD.,INE387I01016
65175,Ather Energy Limited,INE0LEZ01016
65214,2.50%GOLDBONDS2027SR-I,IN0020190073
65240,T D POWER SYSTEMS LTD.,INE419M01027
65241,Ranjeet Mechatronics Limited,INE01A501027
65242,SCL-8.75%-6-1-27-NCD,INE148I07LB4
65246,CFPL-11%-26-12-27-PVT,INE04SE07145
65251,2.50%GOLDBONDS2027SR-II,IN0020190081
65286,SCL-9.25%-6-1-27-NCD,INE148I07LC2
65320,GOI LOAN 7.63% 2059,IN0020190057
65325,SCL-8.43%-6-1-27-NCD,INE148I07LD0
65350,GOI LOAN 7.57% 2033,IN0020190065
65355,SCL-8.89%-6-1-27-NCD,INE148I07LE8
65364,CFPL-11%-11-8-27-PVT,INE04SE07137
65367,THDL-2-2-26-CP,INE582L14IZ9
65396,GOI LOAN 7.72% 2049,IN0020190032
65397,DHENU BUILDCON INFRA LTD.,INE758D01027
65406,Shree Krishna Infrastructure L,INE951Z01013
65442,GOI LOAN 7.69% 2043,IN0020190040
65450,PUNJAB CHEMICALS AND CROP PROT,INE277B01014
65482,LIFE INSURANCE CORPORATION OF ,INE0J1Y01017
65488,ATHER ENERGY LIMITED,INE0LEZ01016
65505,GOI LOAN 7.62% 2039,IN0020190024
65518,GOI LOAN 7.27% 2026,IN0020190016
65525,SIS LIMITED,INE285J01028
65534,ECL-8.50%-17-9-27-PVT,INE804IA7360
65550,ROSE MERC.LTD.,INE649C01012
65556,ECL-9.00%-05-03-27-PVT,INE804IA7378
65594,Pace Digitek Limited,INE0S3G01027
65624,Max Estates Limited,INE03EI01018
65635,PREMIUM PLAST LIMITED,INE0M1F01011
65644,MANRAJ HOUSING FINANCE LTD.,INE948I01015
65648,HONEYWELL AUTOMATION IND,INE671A01010
65657,UCAL LIMITED,INE139B01016
65660,MARINETRANS INDIA LIMITED,INE0P1P01017
65694,EFL-9.85%-31-8-28-PVT,INE804IA7386
65709,745TLSDL57,IN4520250486
65722,711TNSDL29,IN3120190068
65745,744TLSDL56,IN4520250494
65748,CREDO BRANDS MARKETING L,INE220Q01020
65759,ASTRA MICROWAVE PRODUCTS LTD.,INE386C01029
65771,RAVI KUMAR DISTILLERIES LTD.,INE722J01012
65774,INDIA LEASE DEVELOPMENT LTD.,INE333C01013
65780,VENKYS (INDIA) LTD.,INE398A01010
65790,Khazanchi Jewellers Limited,INE0OWC01011
65791,LINC LIMITED,INE802B01027
65792,DYNAMIC PORTFOLIO MANAGEMENT &,INE118C01018
65793,PRISM FINANCE LTD.,INE429Q01019
65794,MIRAEAMC - MAESGETF,INF769K01GS9
65795,SCL-8.75%-24-9-26-NCD,INE148I07KM3
65814,AKIKO GLOBAL SERVICES L,INE0PMR01017
65815,SCL-9.25%-24-9-26-NCD,INE148I07KN1
65816,NHFL-10.03%-6-1-30-NCD,INE530L07996
65844,SCL-8.89%-24-9-26-NCD,INE148I07KP6
65855,FAMILY CARE HOSPITALS LIMITED,INE146N01016
65893,DECIPHER LABS LIMITED,INE643N01012
65895,HLICL 8.05% 2034 SR 1,INE795G08035
65908,75TELSDL52,IN4520250510
65923,NHFL-ZC-3-7-29-NCD,INE530L07830
65944,Vardhan Capital & Finance Limi,INE128G01018
65946,WOL 3D INDIA LIMITED,INE0OO201011
65954,NHFL-10%-8-10-27-NCD,INE530L07863
65973,NHFL-9.5%-8-10-26-NCD,INE530L07848
65977,NHFL-9.58%-8-10-27-NCD,INE530L07855
66047,VAJRA 12-9.25%-20-10-28-PTC,INE10VT15014
66048,LUDLOW JUTE & SPECIALITIES LTD,INE983C01015
66052,HLICL 7.63% 2035 SR 1,INE795G08050
66053,NHFL-ZC-3-7-26-NCD,INE530L07822
66074,VAJRA-9.25%-20-1-31-PTC,INE10VT15022
66075,NHFL-9.58%-3-7-27-NCD,INE530L07806
66078,NHFL-ZC-3-7-27-NCD,INE530L07814
66081,HLICL 8.10% 2035 SR II,INE795G08043
66108,NHPC 6.86% 2040 SR  J,INE848E08276
66115,MIRAEAMC - MAFSETF,INF769K01HI8
66122,MPHASIS LIMITED,INE356A01018
66125,IPCA LABORATORIES LTD,INE571A01038
66161,NHPC 6.86% 2034 SR  D,INE848E08284
66167,GS06MAY49,IN000549C013
66182,NHPC 6.86% 2035 SR  E,INE848E08292
66189,Ashapuri Gold Ornament Limited,INE05FR01029
66198,NTPC LTD,INE733E01010
66202,SILKY OVERSEAS LIMITED,INE0SN801015
66251,National Peroxide Limited,INE0PO601011
66273,NARMADA MACPLAST DRIP IRRIGATI,INE060D01028
66278,MIRAEAMC - MAFANG,INF769K01HF4
66313,Rajasthan Cylinders & Containe,INE929D01016
66334,NHPC 7.20% 2035 SR AE,INE848E08268
66348,NHPC 6.86% 2037 SR  G,INE848E08318
66357,SCL-8.90%-4-8-28-PVT,INE148I07JF9
66369,NHPC 6.86% 2038 SR  H,INE848E08326
66379,ELLENBARRIE INDUS GASES L,INE236E01022
66391,MIRAEAMC - MAHKTECH,INF769K01HS7
66393,NHPC 6.86% 2039 SR  I,INE848E08334
66404,TCAP-9.1%-PERP,INE601U08242
66415,NHPC 6.86% 2033 SR  C,INE848E08342
66420,THEMIS MEDICARE LTD.,INE083B01024
66463,ESFBL-9.6%-5-12-30-PVT,INE063P08112
66473,RASHI PERIPHERALS LIMITED,INE0J1F01024
66476,ESFBL-9.60%-31-07-30-PVT,INE063P08120
66477,MIRAEAMC - MASPTOP50,INF769K01HP3
66478,NHPC 6.86% 2036 SR  F,INE848E08300
66481,MULTIPLUS HOLDINGS LTD.,INE886E01016
66488,GOODRICKE GROUP LTD.,INE300A01016
66504,ZIM LABORATORIES LIMITED,INE518E01015
66513,SCL-9.10%-15-1-29-PVT,INE148I07JQ6
66550,BIGBLOC CONSTRUCTION LTD,INE412U01025
66581,NHFL-8-10-27-NCD,INE530L07889
66586,SCL-9.30%-22-11-28-PVT,INE148I07JK9
66587,NHFL-8-10-26-NCD,INE530L07871
66589,TCAP-03-12-21-PER,INE601U08275
66596,VVIP Infratech Limited,INE0MNP01016
66597,GOI STRIPS C 100526,IN000526C011
66598,NHFL-10.03%-8-10-29-NCD,INE530L07897
66599,Darshan Orna Limited,INE671T01028
66600,Siyaram Recycling Industries L,INE0QSK01017
66601,ZYDUS WELLNESS LTD.,INE768C01028
66615,SAMTEL INDIA LTD.,INE538C01017
66631,SAMPAT ALUMINIUM LIMITED,INE10XS01012
66632,719TAMSDL42,IN3120210387
66639,TLOPL-9.5%-3-5-26-PVT,INE496Z07024
66670,SONAL ADHESIVES LTD.,INE344I01017
66677,Kwality Pharmaceuticals Limite,INE552U01010
66694,EIH LIMITED,INE230A01023
66740,HB STOCKHOLDINGS LTD.,INE550B01022
66756,INDIA GELATINE & CHEMICALS LTD,INE342D01012
66765,DESH RAKSHAK AUSHDHALAYA LTD.,INE971E01016
66856,E FACTOR EXPERIENCES LTD,INE0KFF01017
66868,INDIAN OVERSEAS BANK,INE565A01014
66869,INDIAN ENERGY EXC LTD,INE022Q01020
66877,Globtier Infotech limited,INE12P601017
66881,SDL JK 7.36% 2046,IN4920240087
66889,RAVINDRA ENERGY LIMITED,INE206N01018
66890,UGRO CAPITAL LIMITED,INE583D01011
66910,SDL JK 7.38% 2049,IN4920240095
66914,UNIMECH AEROSPACE N MFG L,INE0U3I01011
66916,SBIAMC - SBISILVER,INF200KB1217
66923,TARMAT LTD.,INE924H01018
66935,BAJAJ ELECTRICALS LTD.,INE193E01025
66945,SDL JK 7.33% 2051,IN4920240061
66958,KP GREEN ENGINEERING LIMITED,INE0QVH01025
66979,SDL JK 7.28% 2054,IN4920240079
67001,ARTEFACT PROJECTS LTD.,INE885B01014
67003,SDL JK 7.43% 2046,IN4920240046
67004,EUROTEX IND & EXPORTS LTD,INE022C01012
67005,SDL JK 7.34% 2054,IN4920240038
67016,GOKALDAS EXPORTS LTD.,INE887G01027
67017,SDL JK 7.35% 2049,IN4920240053
67046,SDL JK 7.23% 2051,IN4920240145
67048,SDL JK 7.27% 2049,IN4920240137
67056,SDL JK 7.23% 2054,IN4920240152
67067,EFL-9.95%-23-5-29-NCD,INE804IA7139
67068,SDL MH 7.5% 2044,IN2220230386
67069,SHIVAMSHREE BUSINESSES LIMITED,INE857P01021
67073,SDL JK 7.29% 2045,IN4920240129
67077,MKP Mobility Limited,INE676G01024
67081,360OAM-3-12-27-PVT,INE0TQI07016
67095,SDL JK 7.35% 2051,IN4920240103
67096,MIRAEAMC - MAN50ETF,INF769K01EG9
67110,SDL JK 7.35% 2046,IN4920240111
67114,California Software Co. Ltd.,IN9526B01012
67117,SBIAMC - SBINEQWETF,INF200KB1282
67135,KIRI INDUSTRIES LIMITED,INE415I01015
67141,EFL-10.4%-23-5-29-NCD,INE804IA7147
67149,Jonjua Overseas Limited,INE793Z01027
67162,V08T-9.75%-20-2-27-PTC,INE0UQO15015
67164,Pajson Agro India Limited,INE14LM01012
67171,UTJ-8.65%-25-1-29-PTC,INE2CUJ15011
67207,SDL MH 7.42% 2037,IN2220230329
67215,Bansal Wire Industries Limited,INE0B9K01025
67217,ELCID INVESTMENTS LTD.,INE927X01018
67230,RST-11.10%-31-8-26-PTC,INE25OL15014
67250,SDL MH 7.45% 2038,IN2220230337
67262,GLOBE ENTERPRISE (I) LTD,INE581X01021
67264,REFRACTORY SHAPES LIMITED,INE0TNX01015
67268,RST-12.75%-31-8-26-PTC,INE25OL15022
67277,PRISM JOHNSON LIMITED,INE010A01011
67282,SDL MH 7.45% 2038,IN2220230303
67322,SDL MH 7.42% 2034,IN2220230311
67339,SDL MH 7.46% 2041,IN2220230360
67351,SDL MH 7.48% 2042,IN2220230378
67353,SURANA TELECOM AND POW LT,INE130B01031
67360,SDL MH 7.45% 2039,IN2220230345
67376,SDL MH 7.45% 2039,IN2220230352
67407,PFL-9.10%-28-6-30-PVT,INE202B07JU8
67410,SHELTER PHARMA LIMITED,INE013V01011
67435,2.50%GOLDBONDS2027SR-III,IN0020190107
67438,KSL-10.45%-16-03-27-PVT,INE07HK07841
67470,PFL-9%-28-6-27-PVT,INE202B07JT0
67474,KSL-11.20%-10-3-27-PVT,INE07HK07833
67479,2.50%GOLDBONDS2027SR-IV,IN0020190115
67491,PFL-9.10%-16-4-27-PVT,INE202B07JS2
67508,SKFL-9.25%-8-11-26-PVT,INE124N07671
67513,KSL-10.50%-2-12-27-PVT,INE07HK07866
67517,UTIAMC-SENSEXBETA,INF789FB1X58
67528,PFL-9.15%-17-6-27-PVT,INE202B07JR4
67538,RESPONSIVE INDUSTRIES LTD,INE688D01026
67541,MEDICAMEN BIOTECH LTD.,INE646B01010
67548,KSL-11.50%-29-03-27-PVT,INE07HK07858
67558,SHARP INDIA LTD.,INE207B01011
67574,PFL-9.25%-17-6-30-PVT,INE202B07JQ6
67578,KSL-10-.65%-06-11-26-PVT,INE07HK07809
67610,JINDAL POLY FILMS LTD.,INE197D01010
67611,PFL-9.30%-07-05-27-PVT,INE202B07JP8
67663,Aananda Lakshmi Spinning Mills,INE197R01010
67697,KSL-10.65%-12-08-27-PVT,INE07HK07825
67703,SAMBHV STEEL TUBES LIMITED,INE12NJ01018
67727,KSL-10.40%-25-1-27-PVT,INE07HK07817
67755,SDL NL 7.88% 2032,IN2620220011
67761,SMT ENGINEERING LIMITED,INE673E01018
67778,719TAMSDL32,IN3120210445
67781,ORIENT PRESS LIMITED,INE609C01024
67797,West Coast Paper Mills Limited,INE976A01021
67798,SDL NL 7.82% 2032,IN2620220045
67803,713TNSDL30,IN3120210460
67804,SDL NL 7.65% 2032,IN2620220052
67819,739TAMSDL52,IN3120210452
67838,SDL NL 7.82% 2032,IN2620220029
67850,74TNSDL42,IN3120210486
67859,SDL NL 7.67% 2032,IN2620220037
67865,Sapphire Foods India Limited,INE806T01020
67866,Rashi Peripherals Limited,INE0J1F01024
67869,V.S.T.TILLERS TRACTORS LTD.,INE764D01017
67870,SCL-9.60%-14-08-35-PVT,INE148I07YD3
67871,SDL NL 7.75% 2033,IN2620220086
67872,SDL MH 7.4% 2036,IN2220230287
67873,SDL JK 7.38% 2051,IN4920240020
67884,ECL-9.95%-28-11-29-NCD,INE804IA7246
67887,SDL MH 7.45% 2037,IN2220230295
67888,AKI INDIA LIMITED,INE642Z01026
67890,MIRAEAMC - MANXT50,INF769K01FN2
67895,ECL-10.4%-28-11-29-NCD,INE804IA7253
67901,SCL-9.30-16-10-35-PVT,INE148I07YE1
67904,SDL MH 7.43% 2036,IN2220230261
67906,SCL-9.15%-16-10-30-PVT,INE148I07YF8
67910,IML-11%-27-7-27-NCD,INE0BUS07569
67911,SDL NL 7.67% 2033,IN2620220060
67928,IML-27-11-28-NCD,INE0BUS07577
67929,AVIVA INDUSTRIES LTD.,INE461H01011
67930,SDL MH 7.4% 2035,IN2220230279
67940,SDL NL 7.67% 2033,IN2620220078
67942,SDL JK 7.41% 2049,IN4920240012
67981,SCL-9.0%-01-08-27-NCD,INE148I07YA9
67988,JPL-9.99%-30-4-26-PVT,INE165K07027
67994,SUNDARAM BRAKE LININGS LTD.,INE073D01013
68000,SCL-9.25%-01-08-30-NCD,INE148I07YB7
68019,SCL-9.20%-04-08-28-PVT,INE148I07YC5
68057,SDL MH 7.63% 2036,IN2220230204
68085,SPECTRUM TALENT MGMT LTD,INE0OL001018
68109,SDL MH 7.48% 2035,IN2220230212
68137,KSL-10.95%-23-7-26-PVT,INE07HK07791
68158,PRAJ INDUSTRIES LTD.,INE074A01025
68220,LIC HOUSING FINANCE LTD,INE115A01026
68236,SDL MH 7.47% 2036,IN2220230246
68240,GS06NOV30C,IN001130C029
68264,ASFL-9.3%-13-8-32-TIER II-PVT,INE949L08434
68266,SCL-8.86%-09-12-30-PVT,INE148I07YH4
68268,JFC-ZC-27-6-28-PVT,INE00WJ08019
68271,SDL MH 7.43% 2035,IN2220230253
68276,V032025-10.10%-17-08-26-PTC,INE1TQQ15010
68288,KSL-11.82%-09-11-26-PVT,INE07HK07759
68311,SCL-8.79%-09-12-30-PVT,INE148I07YI2
68312,ASFBL-9.3%-23-8-32-TIER II-PVT,INE949L08426
68317,CAPLIN POINT LAB LTD.,INE475E01026
68318,SDL MH 7.49% 2036,IN2220230220
68326,PFL-8.75%-29-10-27-PVT,INE202B07JW4
68331,SCL-9.05%-16-01-36-PVT,INE148I07YJ0
68332,Akshar Spintex Limited,INE256Z01025
68333,HIND RECTIFIER LIMITED,INE835D01023
68334,KSL-10.30%-12-6-26-PVT,INE07HK07783
68335,AUSFBL-920%-28-03-35-PVT,INE949L08459
68337,PFL-8.80%-11-8-28-PVT,INE202B07JV6
68349,SDL MH 7.46% 2035,IN2220230238
68353,GUJARAT PEANUT AND AGRI PRODUC,INE0SIK01014
68355,KSL-12.10%-20-10-26-PVT,INE07HK07775
68361,ASFL-9.3%-03-8-32-PVT,INE949L08442
68362,Rolex Rings Limited,INE645S01024
68380,SKFL-9.10%-09-10-28-PVT,INE124N07770
68384,SCL-8.42%-01-08-27-NCD,INE148I07XR5
68413,VIKAS ECOTECH LIMITED,INE806A01020
68415,SKFL-9.25%-24-10-27-PVT,INE124N07762
68424,SCL-9.25%-01-08-30-NCD,INE148I07XS3
68460,ATAL REALTECH LIMITED,INE0ALR01029
68475,SKFL-9.21%-25-11-30-PVT,INE124N07788
68484,2.50%GOLDBONDS2027SR-VII,IN0020190461
68485,KRITI INDUSTRIES IND LTD,INE479D01038
68498,SCL-01-08-28-NCD,INE148I07XU9
68501,NET AVENUE TECHNOLOGIES L,INE518X01015
68545,NCC LIMITED,INE868B01028
68553,SCL-9.20%-01-08-32-NCD,INE148I07XN4
68570,SKFL-9.25%-14-8-26-PVT,INE124N07721
68582,DIANA TEA CO.LTD.,INE012E01035
68588,SCL-9.60%-01-08-32-NCD,INE148I07XO2
68598,SKFL-9.25%-15-7-27-PVT,INE124N07754
68618,SCL-9.25%-01-08-28-NCD,INE148I07XP9
68626,SKFL-9.25%-2-1-28-PVT,INE124N07747
68655,SHANTHALA FMCG PRODUCTS L,INE0Q9Q01017
68656,SCL-09%-01-08-28-NCD,INE148I07XQ7
68658,SFL-9.25%-10-10-27-PVT,INE124N07739
68663,SCL-9.02%-01-08-30-NCD,INE148I07XZ8
68665,ANAND RATHI WEALTH LTD,INE463V01026
68675,ADVAIT ENERGY TRANSITIONS LIMI,INE0ALI01010
68677,ACCELYA SOLN INDIA LTD,INE793A01012
68679,CFHL-23-02-26-CP,INE477A14DV5
68687,SKFLD-9.25%-19-9-27-PVT,INE124N07713
68688,ECE-NIFTY-H1I805A-12-9-28-PVT,INE572O07DJ3
68689,SKFL-9.25%-3-6-26-PVT,INE124N07705
68690,CUBEX TUBINGS LTD,INE144D01012
68694,Aptus Value Housing Finance In,INE852O01025
68697,SUNDROP BRANDS LIMITED,INE209A01019
68709,SCL-01-08-27-NCD,INE148I07XV7
68714,YAJUR FIBRES LIMITED,INE0CNJ01010
68715,SCL-01-08-27-NCD,INE148I07XX3
68716,BIRLASLAMC - NIFTYQLITY,INF209KB15K4
68717,SINDHU TRADE LINKS LIMITED,INE325D01025
68718,SCL-01-08-28-NCD,INE148I07XW5
68721,SCL-9.95%-01-08-35-NCD,INE148I07XY1
68725,APMD 9.30% 2035 STRPP I,INE0TLC07036
68729,APMDC 9.30% 2034 STRPP H,INE0TLC07044
68742,APMD 9.30% 2033 STRPP G,INE0TLC07028
68755,ASPIRE & INNOVATIVE ADV L,INE0S7801010
68761,IFL 12.25% 2027,INE01XO07017
68764,TAX FREE 7.29% SR. IB,INE906B07EN0
68771,SCL-9.45%-19-6-29-PVT,INE148I07XB9
68799,NATH BIO-GENES (INDIA) LTD,INE448G01010
68815,SCL-8.75%-01-08-27-NCD,INE148I07XC7
68858,TAX FREE 7.04% SR. IA,INE906B07EM2
68863,TRCL-7.80%-12-9-28-PVT,INE331A07315
68866,SCL-9.45%-01-08-32-NCD,INE148I07XD5
68874,KOTAK PSU BANK,INF373I01023
68879,RUBFILA INTERNATIONAL LTD.,INE642C01025
68922,PHOENIX OVERSEAS LIMITED,INE0FPO01018
68926,SCL-9.30%-01-08-35-NCD,INE148I07XE3
68936,TRCL-7.80%-12-12-28-PVT,INE331A07323
68950,IFL 12.25% 2028,INE01XO07025
68978,TRCL-7.80%-12-3-29-PVT,INE331A07331
68988,DISH TV INDIA LTD.,INE836F01026
69013,NEXOME CAPITAL MARKETS LIMITED,INE641A01013
69044,ALANKIT,INE914E01040
69055,739TNSDL42,IN3120210528
69075,TAX FREE 7.69% SR. IIB,INE906B07EP5
69085,SCL-9.45%-19-6-28-PVT,INE148I07XA1
69113,TAX FREE 7.39% SR. IIA,INE906B07EO8
69155,JMFCSL-9%-8-6-27-PVT,INE651J07937
69203,AVP INFRACON LIMITED,INE0R9401019
69210,SCL-8.88%-01-08-28-NCD,INE148I07XK0
69213,JMFCSL-8.91%-30-6-23-PVT,INE651J07929
69222,SHIVA CEMENT LTD.,INE555C01029
69229,BARFLEX POLYFILMS LIMITED,INE0QX401014
69234,PLD-9.90%-25-1-29-PTC,INE10IG15018
69241,JMFCSL-9.30%-25-9-26-PVT,INE651J07960
69259,VAARAD VENTURES LTD,INE418B01048
69275,SCL-9.65%-01-08-30-NCD,INE148I07XL8
69292,PACE DIGITEK LIMITED,INE0S3G01027
69294,JMFCSL-9%-8-6-26-PVT,INE651J07945
69302,SCL-9.02%-01-08-30-NCD,INE148I07XM6
69323,SKFL-9.25%-9-5-27-PVT,INE124N07697
69328,JMFCSL-9.30%-15-2-27-PVT,INE651J07986
69329,CFH-5-3-26-CP,INE477A14EB5
69336,JMFCSL-9.30%-14-8-26-PVT,INE651J07978
69349,TAX FREE7.60% SR.IIB,INE906B07EJ8
69356,SCL-9.55%-01-08-35-NCD,INE148I07XF0
69362,SCL-8.65%-01-08-27-NCD,INE148I07XG8
69366,SKFL-9.25%-2-4-26-PVT,INE124N07689
69382,TRCL-7.90%-29-3-27-PVT,INE331A07307
69395,CHENNAI MEENAKSHI MULTISPECIAL,INE889F01017
69397,MAX ESTATES LIMITED,INE03EI01018
69403,RAJVIR INDUSTRIES LTD.,INE011H01014
69408,TAX FREE7.35% SR.IIA,INE906B07EI0
69413,SCL-8.65%-01-08-28-NCD,INE148I07XH6
69471,MODERN THREADS (INDIA) LTD.,INE794W01014
69472,JMFCSL-8.5%-13-6-28-PVT,INE651J07994
69499,ELGI EQUIPMENTS LTD.,INE285A01027
69503,SCL-9.85%-01-08-32-NCD,INE148I07XI4
69512,INDO-NATIONAL LIMITED,INE567A01028
69515,GABRIEL INDIA LTD.,INE524A01029
69522,COMPUTER AGE MNGT SER LTD,INE596I01020
69524,SCL-9.71-19-03-30-NCD,INE148I07WP1
69548,GOI LOAN 6.45% 2029,IN0020190362
69552,Endurance Technologies Limited,INE913H01037
69557,GRETEX INDUSTRIES LTD.,INE985P01012
69572,ATMASTCO LIMITED,INE05DH01017
69596,DISHMAN CARBO AMCIS LTD,INE385W01011
69597,SCL-10.75%-19-03-35-NCD,INE148I07WR7
69618,SCL-10.25%-19-03-35-NCD,INE148I07WS5
69630,SERENCD 8.70% SR.VII OPII,INE027E07AN7
69635,SEC RE NCD 10% SR 4,INE413U07277
69639,SEC RE NCD 10.03% SR 5,INE413U07269
69644,SCL-19-03-28-NCD,INE148I07WL0
69684,RELIABLE DATA SERVICE LTD,INE375Y01018
69709,SCL-10.03%-19-03-32-NCD,INE148I07WM8
69716,SEC RE NCD 10.00% SR IV,INE413U07293
69719,SERENCD 9.05% SR.VI OPII,INE027E07AL1
69749,SERENCD 8.52% SR.VII OPI,INE027E07AM9
69751,SEC RE NCD 9.20% SR I,INE413U07285
69772,TRCL-7.90%-29-3-28-PVT,INE331A07299
69773,MAITHAN ALLOYS LTD,INE683C01011
69774,INDOSOLAR LIMITED,INE866K01023
69775,SCL-9.5%-19-6-30-PVT,INE148I07WY3
69776,MONO PHARMACARE LIMITED,INE0OIP01012
69782,PARK MEDI WORLD LIMITED,INE119201023
69783,SCL-9.75%-19-6-35-PVT,INE148I07WZ0
69784,FFL-10.95%-29-6-28-PVT,INE139R07456
69800,SEC RE NCD 10.50% SR 6,INE413U07251
69802,FFL-10.95%-16-12-28-PVT,INE139R07449
69812,TRCL-7.90%-29-9-27-PVT,INE331A07281
69813,APMD 9.30% 2032 STRPP F,INE0TLC07101
69814,BIRLASLAMC - MOMENTUM,INF209KB14K7
69815,SEC RE NCD 9.57% SR 3,INE413U07236
69817,GS22OCT35C,IN001035C038
69818,SCL-9.02%-19-03-28-NCD,INE148I07WU1
69819,QUADRANT FUTURE TEK LTD,INE0LRY01011
69825,SCL-10.15%-19-03-30-NCD,INE148I07WT3
69830,LLOYDS METALS AND ENERGY LTD.,INE281B01032
69831,DHARA RAIL PROJECTS LTD,INE2HJL01019
69842,PUNE MUNI BOND-7.59%-20-6-27-M,INE807X08017
69847,2.50%GOLDBONDS2027SR-V,IN0020190370
69854,SCL-9.48%-19-03-28-NCD,INE148I07WV9
69855,INTERNATIONAL DATA MANAGEMENT,INE649R01010
69858,2.50%GOLDBONDS2027SR-VI,IN0020190388
69859,GS15OCT35C,IN001035C046
69863,SCL-10.50%-19-03-32-NCD,INE148I07WX5
69884,GS19MAR2038,IN000338C037
69887,BCL INDUSTRIES LIMITED,INE412G01024
69889,MOFSL-12-06-26-CP,INE338I14KS3
69894,SCL-9.80%-19-3-35-NCD,INE148I07WA3
69920,EFL-10.15%-4-1-29-NCD,INE804IA7014
69927,APMD 9.30% 2031 STRPP E,INE0TLC07051
69930,DHANSAFAL FINSERVE LIMITED,INE195E01020
69940,MOFSL-06-03-26-CP,INE338I14KT1
69947,MOFSL-27-05-26-CP,INE338I14KP9
69948,SCL-9.40%-19-03-28-NCD,INE148I07WB1
69953,PARKER AGROCHEM EXPORTS LTD.,INE750B01010
69964,APMD 9.30% 2027 STRPP A,INE0TLC07085
69982,SCL-19-03-27-NCD,INE148I07WC9
69985,MOFSL-15-06-26-CP,INE338I14KQ7
69991,APMD 9.30% 2029 STRPP C,INE0TLC07069
69994,APMD 9.30% 2030 STRPP D,INE0TLC07077
70005,MOFSL-20-02-26-CP,INE338I14KR5
70011,AIEYPT-8.34%-01-12-27-INVIT,INE0MIZ07020
70012,SAINT-GOBAIN SEKURIT INDIA LTD,INE068B01017
70015,TRCL-6.90%-24-12-26-PVT,INE331A07265
70021,SUNTECK REALTY LTD.,INE805D01034
70026,Swadha Nature Limited,INE0P4R01017
70027,APMD 9.30% 2028 STRPP B,INE0TLC07093
70029,TRCL-6.90%-24-3-27-PVT,INE331A07273
70030,ESHA MEDIA RESEARCH LIMITED,INE328F01016
70037,KRONOX LAB SCIENCES LIMITED,INE0ATZ01017
70038,AIEYPT-7.77%-6-3-28-INVIT,INE0MIZ07038
70040,EFL-10.60%-4-1-29-NCD,INE804IA7022
70058,AIEYPT-7.39%-25-11-36-INVIT,INE0MIZ07046
70067,SCL-9.25%-19-03-27-NCD,INE148I07WH8
70119,SE RE NCD 8.85% SR.VI OPI,INE027E07AK3
70124,BHARAT WIRE ROPES LTD.,INE316L01019
70130,SCL-9.90%-19-03-28-NCD,INE148I07WI6
70156,SCL-9.71%-19-3-30-NCD,INE148I07WJ4
70182,CROWN LIFTERS LIMITED,INE491V01019
70183,Supra Trends Limited,INE533B01028
70188,SCL-19-03-28-NCD,INE148I07WD7
70217,Golkonda Aluminium Extrusions ,INE327C01031
70233,SCL-9.65%-19-03-27-NCD,INE148I07WE5
70319,8.75% TAX FREE TR I S IIB,INE906B07DF8
70395,8.50% TAX FREE TR I S IIA,INE906B07DE1
70398,SCL-19-03-27-NCD,INE148I07WG0
70421,TRIDENT LTD.,INE064C01022
70431,SCL-27-12-26-NCD,INE148I07VN8
70442,SCL-10.15%-27-12-29-NCD,INE148I07VO6
70452,KESORAM INDUSTRIES LTD,INE087A01019
70464,UGAR SUGAR WORKS LTD.,INE071E01023
70465,FIRSTSOURCE SOLU. LTD.,INE684F01012
70484,SCL-8.88%-27-12-26-NCD,INE148I07VQ1
70505,SCL-9.02%-27-12-27-NCD,INE148I07VJ6
70509,OSEL DEVICES LIMITED,INE0RMF01018
70520,SCL-9.8%-27-12-34-NCD,INE148I07VK4
70542,SCL-9.25%-27-12-26-NCD,INE148I07VL2
70550,QUALITY FOILS (INDIA) LTD,INE0O1M01015
70557,SCL-10.25%-27-12-34-NCD,INE148I07VM0
70589,GULSHAN POLYOLS LIMITED,INE255D01024
70596,SCL-9.95%-13-1-35-PVT,INE148I07VX7
70598,SCL-9.65%-27-12-26-NCD,INE148I07VW9
70619,SCL-9.25%-19-03-27-NCD,INE148I07VY5
70632,MOFS-26-3-26-CP,INE338I14JW7
70641,SUPRAJIT ENGINEERING LTD.,INE399C01030
70652,MGMRPL-19.45%-3-1-20-PVT,INE596T07040
70653,SCL-10.25%-19-3-35-NCD,INE148I07VZ2
70676,MOFS-24-3-26-CP,INE338I14JX5
70679,SYMPHONY LIMITED,INE225D01027
70692,706GS28M23,IN0020230010
70693,ESAF Small Finance Bank Ltd,INE818W01011
70695,THOMAS SCOTT (INDIA) LIMITED,INE480M01011
70697,SCL-9.9%-27-12-27-NCD,INE148I07VR9
70702,676MHSDL37,IN2220250012
70721,SCL-9.4%-27-12-27-NCD,INE148I07VS7
70732,SCL-9.71%-27-12-29-NCD,INE148I07VT5
70741,SUMEET IND LIMITED,INE235C01036
70743,SCL-9.65%-27-12-29-NCD,INE148I07VV1
70752,699GOI26,IN0020230028
70770,PAISALO DIGITAL LIMITED,INE420C01059
70781,POLY MEDICURE LTD.,INE205C01021
70814,GORANI INDUSTRIES LTD.,INE792J01015
70816,SERENCD 8.50% SR.VI OP11,INE027E07BB0
70828,SOUTHERN LATEX LTD.,INE410M01018
70843,SCL-10.03%-27-12-31-NCD,INE148I07VA5
70846,APL APOLLO TUBES LTD,INE702C01027
70859,FRESHARA AGRO EXPORTS LTD,INE0SFW01015
70865,SERENCD 8.65% SR.VI OP12,INE027E07BC8
70872,PRIVI SPECIALITY CHEMICALS LIM,INE959A01019
70873,SCL-9.25%-28-8-26-PVT,INE148I07UY7
70875,ORIENT BELL LIMITED,INE607D01018
70878,SCL-9.75%-20-10-29-PVT,INE148I07UX9
70896,SCL-9.25%-27-12-26-NCD,INE148I07UZ4
70911,MOFS-25-3-26-CP,INE338I14JV9
70915,APOLLO HOSPITALS ENTERPRISE LT,INE437A01024
70926,MASTER COMPONENTS LIMITED,INE0OJM01017
70997,MOFS-25-2-26-CP,INE338I14JI6
70998,SHREE DIGVIJAY CEM CO LTD,INE232A01011
70999,INDIAN CARD CLOTHING CO.LTD.,INE061A01014
71002,SCL-27-12-27-NCD,INE148I07VG2
71011,MOFSL-6-2-26-CP,INE338I14JF2
71015,JFCSL-9.75%-18-7-29-PVT,INE651J07721
71021,ADITYBIRLA SL GOLD ETF-GR,INF209KB18D3
71022,SCL-9.48%-27-12-27-NCD,INE148I07VH0
71052,SCL-10.25%-27-12-34-NCD,INE148I07VI8
71057,SCL-9.25%-27-12-29-NCD,INE148I07VB3
71100,MOFSL-27-2-26-CP,INE338I14JM8
71133,SCL-27-12-26-NCD,INE148I07VC1
71135,MOFSL-24-2-26-CP,INE338I14JJ4
71140,SCL-10.50%-27-12-31-NCD,INE148I07VD9
71150,MAX INDIA LIMITED,INE0CG601016
71182,SCL-10.75%-27-12-34-NCD,INE148I07VE7
71237,696TANSDL51,IN3120210023
71242,714MHSDL45,IN2220250160
71243,GTN INDUSTRIES LTD.,INE537A01013
71261,Spandana Sphoorty Financial Li,IN9572J01019
71263,SCL-9.71%-25-9-29-NCD,INE148I07UN0
71264,GS02JUL28C,IN000728C013
71265,699TNSDL41,IN3120210049
71278,SUNDARAM MULTI PAP LTD.,INE108E01023
71279,696TAMSDL56,IN3120210031
71281,2.50%GOLDBONDS2028SR-X,IN0020190552
71283,GOLDSTAR POWER LIMITED,INE405Y01021
71284,2.50%GOLDBONDS2028SR-IX,IN0020190545
71285,SCL-ZC-25-9-26-NCD,INE148I07UH2
71297,SBIAMC - SBIBPB,INF200KB1712
71300,SCL-9.25%-25-9-26-NCD,INE148I07UI0
71304,R.J.SHAH & CO.LTD.,INE712Z01019
71305,697TAMSDL46,IN3120210056
71319,RDB Real Estate Constructions ,INE0AK901016
71320,BIRLASLAMC - ABSLNN50ET,INF209KB16D7
71323,SCL-9.25%-25-9-29-NCD,INE148I07UJ8
71329,JMFCSL-8.81%-29-5-26-PVT,INE651J07911
71330,2.50%GOLDBONDS2028SR-VIII,IN0020190537
71334,JMFCSL-9%-27-4-26-PVT,INE651J07903
71337,712MHSDL47,IN2220250186
71338,SCL-10.15%-25-9-29-NCD,INE148I07UK6
71341,703TAMSDL51,IN3120210072
71346,JAGJANANI TEXTILES LTD.,INE702H01018
71353,SCL-9.80%-25-9-34-NCD,INE148I07UU5
71355,RELIGARE ENTER. LTD.,INE621H01010
71356,SCL-10.75-25-9-34-NCD,INE148I07UT7
71368,SCL-10.25%-25-9-34-NCD,INE148I07UV3
71374,SCL-10.75%-25-9-34-NCD,INE148I07UW1
71378,733GS26J24,IN0020230119
71398,THE GE SHPG.LTD,INE017A01032
71417,SCL-10.50%-25-9-31-NCD,INE148I07UP5
71423,704MAHSD40,IN2220250129
71430,MANGALAM DRUG & CHEM LTD,INE584F01014
71439,SCL-10.03%-25-9-31-NCD,INE148I07UR1
71442,HLV LIMITED,INE102A01024
71443,746GOI2073,IN0020230127
71447,PNB GILTS LTD.,INE859A01011
71464,OPTIEMUS INFRACOM LTD,INE350C01017
71466,708MAHSD39,IN2220250111
71467,GS19MAR2061,IN000361C013
71469,SHREE KRISHNA PAPER MILLS & IN,INE970C01012
71479,SCL-9.65%-25-9-26-NCD,INE148I07US9
71496,73GOI2053,IN0020230051
71507,JMFCSL-9.38%-9-6-26-PVT,INE651J07895
71511,725GOI2063,IN0020230044
71525,NIIT LTD.,INE161A01038
71533,MUTHOOT MICROFIN LIMITED,INE046W01019
71536,TMT (INDIA) LTD.,INE182E01010
71540,BAAZAR STYLE RETAIL LTD,INE01FR01028
71541,718GS2037,IN0020230077
71578,Sovereign Gold Bonds 2023-24 S,IN0020230069
71591,Mahip Industries Limited,INE00CX01017
71592,AKASH INFRA-PROJECTS LTD,INE737W01013
71596,SCL-10.03%-31-5-31-NCD,INE148I07TW3
71605,Sovereign Gold Bonds 2023-24 S,IN0020230093
71611,SCL-9.75%-23-7-29-PVT,INE148I07TX1
71626,718GS2033,IN0020230085
71631,Chemcon Speciality Chemicals L,INE03YM01018
71632,SCL-9.75%-12-4-28-PVT,INE148I07TY9
71645,SCL-9.25%-25-9-26-NCD,INE148I07TZ6
71662,Maitri Enterprises Limited,INE501L01024
71663,BIRLASLAMC - ABSLBANETF,INF209KB17D5
71670,SCL-9.02%-25-9-27-NCD,INE148I07UD1
71672,SCL-9.90%-25-9-27-NCD,INE148I07UE9
71673,FSN E COMMERCE VENTURES,INE388Y01029
71678,GCM SECURITIES LTD,INE168O01026
71679,JMFCSL-9.20%-1-11-30-PVT,INE651J07804
71689,IML-23-6-29-NCD,INE0BUS07965
71697,JMFCSL-8.5%-18-7-31-PVT,INE651J07838
71702,NABARD-7.07%-25-2-26-PVT,INE261F07016
71712,SCL-9.40%-25-9-27-NCD,INE148I07UF6
71717,SCL-ZC-25-9-26-NCD,INE148I07UG4
71718,IML-11.50%-23-7-28-NCD,INE0BUS07940
71720,JMFCSL-8.65%-28-5-32-PVT,INE651J07861
71744,NABARD-7.64%-23-3-31-NCDS,INE261F07032
71749,MAN INDUSTRIES (I) LTD.,INE993A01026
71758,BAID FINSERV LIMITED,INE020D01022
71760,SCL-ZC-25-9-27-NCD,INE148I07UA7
71765,IML-23-7-28-NCD,INE0BUS07957
71770,JMFCSL-8.99%-2-1-32-PVT,INE651J07853
71790,NABARD-7.29%-23-3-26-NCDS,INE261F07024
71801,SCL-ZC-25-9-27-NCD,INE148I07UB5
71806,CELLECOR GADGETS LIMITED,INE0OMO01025
71808,JFCSL-7.26 GS 2032-2-3-26-PVT,INE651J07887
71812,CENTURY PLYBOARDS (I) LTD,INE348B01021
71821,NABARD-7.35%-23-3-31-NCDS,INE261F07057
71839,CHAVDA INFRA LIMITED,INE0PT101017
71867,NABARD-7.04%-23-3-26-NCDS,INE261F07040
71872,SCL-9.48%-25-9-27-NCD,INE148I07UC3
71877,DHANALAXMI ROTO SPINNERS LTD.,INE220C01012
71893,718MAHSD33,IN2220250293
71894,697TAMSDL31,IN3120210148
71898,MASTEK LTD.,INE759A01021
71907,2.5%GOLDBONDS2029SR-VII,IN0020210178
71911,ABB INDIA LIMITED,INE117A01022
71920,SCL-10.50%-31-5-31-NCD,INE148I07TK8
71922,724TAMIL51,IN3120210130
71923,TAURIAN MPS LIMITED,INE0XWS01018
71930,GOI LOAN  5.74% 2026,IN0020210186
71934,KIIFB-8.49%-3-7-30-PVT,INE658F08029
71946,SCL-9.48%-31-5-27-NCD,INE148I07TL6
71947,7TAMSDL31,IN3120210163
71948,BLUE CHIP INDIA LTD.,INE657B01025
71950,KIIFB-8.49%-03-7-28-PVT,INE658F08011
71957,SCL-31-5-27-NCD,INE148I07TM4
71960,GOI LOAN  6.99% 2051,IN0020210194
71963,698TAMSDL31,IN3120210155
71964,SCL-9.9%-31-5-27-NCD,INE148I07TF8
71965,SHREEVATSAA FINANCE & LEASING,INE981C01019
71978,695TAMSDL31,IN3120210189
71979,DC INFOTECH AND COMUN LTD,INE0A1101019
71993,SCL-9.71%-31-5-29-NCD,INE148I07TG6
71994,697TAMSD31A,IN3120210171
71998,EXIDE INDUSTRIES LTD.,INE302A01020
72002,UNIROYAL MARINE EXPORTS LTD.,INE602H01010
72018,SCL-9.02%-31-5-27-NCD,INE148I07TH4
72029,INDIAN EMULSIFIERS LTD,INE0RRU01016
72041,SCL-9.4%-31-5-27-NCD,INE148I07TI2
72048,S.V.TRADING & AGENCIES LTD.,INE404N01019
72062,KIIFB-8.95%-22-12-31-PVT,INE658F08094
72064,SURYAVANSHI SPINNING MILLS LTD,INE431C01023
72068,SDL MP 7.4% 2034,IN2120230023
72074,716MHSDL50,IN2220250210
72077,GREENPLY INDUSTRIES LTD,INE461C01038
72079,KIIFB-8.49%-2-7-32-PVT,INE658F08078
72102,KIIFB-8.95%-22-12-27-PVT,INE658F08086
72111,SDL MP 7.46% 2038,IN2120230031
72117,ACUTAAS CHEMICALS LIMITED,INE00FF01025
72118,RACL GEARTECH LIMITED,INE704B01017
72127,SDL MP 7.46% 2039,IN2120230049
72130,Refex Renewables & Infrastruct,INE332F01018
72136,ON DOOR CONCEPTS LIMITED,INE00ER01015
72143,ULTRA WIRING CONN SYS LTD,INE00F301010
72161,SCL-9.8%-31-5-2034-NCD,INE148I07TU7
72168,SDL MP 7.44% 2035,IN2120230056
72182,KIIFB-8.49%-3-7-29-PVT,INE658F08045
72184,Jinkushal Industries Limited,INE1FF001016
72188,SCL-10%-31-5-31-NCD,INE148I07TO0
72191,SCL-10.25%-31-05-2034-NCD,INE148I07TN2
72192,KIIFB-8.49%-03-7-31-PVT,INE658F08052
72193,NESTLE INDIA LIMITED,INE239A01024
72194,SDL MP 7.48% 2029,IN2120230064
72195,OXFORD INDUSTRIES LTD.,INE114D01015
72196,SDL MP 7.46% 2038,IN2120230072
72197,KIIFB-8.49%-2-7-27-PVT,INE658F08037
72199,716MHSDL55,IN2220250236
72200,SDL MP 7.45% 2044,IN2120230080
72205,Abhishek Infraventures Limited,INE281P01016
72218,SCL-10.75%-31-5-34-NCD,INE148I07TP7
72219,697TAMIL31,IN3120210122
72229,SCL-10.15%-31-5-29-NCD,INE148I07TR3
72233,SCL-9.25%-31-5-29-NCD,INE148I07TQ5
72234,KIIFB-8.49%-4-7-33-PVT,INE658F08060
72235,SDL MP 7.55% 2035,IN2120230098
72237,NIDO-9.62%-29-04-26-PVT,INE530L07160
72238,SDL MH 7.7% 2034,IN2220230162
72239,SCL-9.75%-3-4-27-PVT,INE148I07SY1
72244,737GS54,IN0020230176
72245,ORCHID PHARMA LIMITED,INE191A01027
72260,AAA TECHNOLOGIES LIMITED,INE0D0U01013
72263,SC-9.25%-31-5-26-NCD,INE148I07SZ8
72269,Sovereign Gold Bonds 2023-24 S,IN0020230168
72277,SDL MH 7.72% 2035,IN2220230170
72278,BLS E-Services Limited,INE0NLT01010
72279,SDL MH 7.7% 2034,IN2220230147
72280,PSL-0.01%-12-10-35-PVTNCRPS,INE940N04016
72281,ARDI INVESTMENT & TRADING LTD.,INE0LKP01014
72283,NUCLEUS SOFTWARE EXPORTS,INE096B01018
72284,SDL MH 7.7% 2033,IN2220230154
72295,Sovereign Gold Bonds 2023-24 S,IN0020230184
72299,VJTF EDUSERVICES LTD.,INE117F01013
72314,GS06NOV53,IN001153C013
72321,SADBHAV INFRA PROJ LTD.,INE764L01010
72327,SC-10.25%-26-3-34-NCD,INE148I07SV7
72328,SCL-10%-26-3-31-NCD,INE148I07SU9
72335,Rajputana Investment and Finan,INE751R01014
72336,BIRLASLAMC-ABSLPSE,INF209KB19Z4
72337,SDL MH 7.73% 2036,IN2220230188
72339,SCL-9.80%-26-3-34-NCD,INE148I07SW5
72340,HARSHA ENGINEERS INT LTD,INE0JUS01029
72348,SDL MH 7.63% 2035,IN2220230196
72356,SCL-10.03%-26-3-31-NCD,INE148I07SX3
72372,SDL MP 7.36% 2033,IN2120230015
72385,SC-31-5-26-NCD,INE148I07TB7
72407,SCL-9.25%-31-5-26-NCD,INE148I07TC5
72438,IEDCL-9.53%-28-8-26-PVT,INE938L08098
72442,SCL-8.88%-31-5-26-NCD,INE148I07TD3
72455,2.50%GOLDBONDS2029SR-IV,IN0020210111
72459,TSC INDIA LIMITED,INE16VK01010
72461,SCL-9.65%-31-5-26-NCD,INE148I07TE1
72469,2.50%GOLDBONDS2029SR-V,IN0020210129
72474,SDL MH 7.47% 2034,IN2220230121
72475,RAYMOND LIFESTYLE LIMITED,INE02ID01020
72488,BHARAT COKING COAL LIMITED,INE05XR01022
72491,NMDC Steel Limited,INE0NNS01018
72511,SDL MH 7.71% 2033,IN2220230139
72514,Vivanza Biosciences Limited,INE984E01035
72518,JYOTI CNC AUTOMATION LTD,INE980O01024
72530,SDL MH 7.4% 2032,IN2220230105
72532,2.5%GOLDBONDS2029SR-VI,IN0020210145
72541,GOYAL ALUMINIUMS LIMITED,INE705X01026
72558,SCL-31-5-26-NCD,INE148I07TA9
72560,GOI LOAN  6.67% 2035,IN0020210152
72562,SDL MH 7.46% 2033,IN2220230113
72637,SCL-9.40%-26-3-27-NCD,INE148I07SH6
72640,683TAMSDL31,IN3120210262
72655,2.5%GOLDBONDS2029SR-I,IN0020210053
72683,NCC BLUE WATER PRODUCTS LTD.,INE630N01019
72684,SCL-9.48%-26-3-27-NCD,INE148I07SI4
72686,666TAMSDL29,IN3120210254
72710,TIRUPATI FOAM LIMITED,INE115G01015
72723,SCL-9.02%-26-3-27-NCD,INE148I07SJ2
72728,743MHSDL40,IN2220250392
72730,2.5%GOLDBONDS2029SR-II,IN0020210061
72752,SCL-ZC-26-3-27-NCD,INE148I07SK0
72759,72MHSDL34,IN2220250384
72760,EXCEL REALTY N INFRA LTD.,INE688J01023
72761,707TAMSDL38,IN3120210270
72766,B.L.KASHYAP AND SONS LTD.,INE350H01032
72773,FCL-11.07%-9-12-27-PVT,INE08XA07052
72774,2.5%GOLDBONDS2029SR-III,IN0020210087
72781,TIGER LOGISTICS (INDIA) L,INE906O01029
72810,SCL-9.65%-26-3-26-NCD,INE148I07SD5
72813,BHARAT GEARS LTD.,INE561C01019
72840,FCL-12.06%-30-8-29-PVT,INE08XA07045
72844,IFPL-12.06%-30-8-27-PVT,INE08XA07037
72848,GOI LOAN  6.10% 2031,IN0020210095
72854,STRING METAVERSE LIMITED,INE958L01026
72855,704TAMSDL30,IN3120210296
72887,FCL-12.06%-13-10-27-PVT,INE08XA07029
72888,SCL-ZC-26-3-26-NCD,INE148I07SF0
72903,HIPOLIN LTD.,INE963A01011
72912,SCL-9.90%-26-3-27-NCDDDDD,INE148I07SG8
72914,726MAHSD42,IN2220250335
72917,ALPA LABORATORIES LTD,INE385I01010
72931,SCL-9.65%-26-3-29-NCD,INE148I07SP9
72965,SCL-10.25%-26-3-34-NCD,INE148I07SQ7
72966,SDL MP 7.71% 2040,IN2120230155
72983,TOMORROW TECHNOLOGIES GLOBAL I,INE135H01029
72986,727MAHSD36,IN2220250319
72995,SCL-10.15%-26-3-29-NCD,INE148I07SS3
73000,BIRLASLAMC - ABSLLIQUID,INF209KB18T9
73002,SCL-10.75%-26-3-34-NCD,INE148I07SR5
73019,CL EDUCATE LIMITED,INE201M01029
73025,SDL MP 7.48% 2040,IN2120230163
73027,SDL MP 7.48% 2041,IN2120230171
73036,SCL-9.57%-26-3-31-NCD,INE148I07ST1
73058,FUTURE MARKET NETWORKS LTD.,INE360L01017
73062,IWAI-7.47%-13-10-27-PVT,INE896W08020
73063,Karnawati Innovation Limited,INE214D01021
73064,SDL JK 7.08% 2046,IN4920240186
73069,WESTERN CARRIERS (IND) L,INE0CJF01024
73071,SDL MP 7.44% 2040,IN2120230189
73077,IWAI-7.90%-3-3-27-PVT,INE896W08012
73081,SDL JK 7.10% 2049,IN4920240194
73085,SCL-10.50%-26-3-31-NCD,INE148I07SM6
73090,EVEREADY INDS. IND.  LTD.,INE128A01029
73093,SDL MP 7.45% 2044,IN2120230197
73099,SDL JK 7.16% 2049,IN4920240160
73114,RAPID INVESTMENTS LTD.,INE154M01012
73117,SCL-9.71%-26-3-29-NCD,INE148I07SN4
73135,ARISINFRA SOLUTIONS LTD,INE0H9P01028
73139,SDL JK 7.10% 2044,IN4920240178
73140,671TNSDL29,IN3120210239
73143,SCL-9.25%-26-3-29-NCD,INE148I07SO2
73158,EXIM ROUTES LIMITED,INE19I001020
73161,SDL MH 7.26% 2030,IN2220230048
73162,SCL-10.75%-27-12-33-NCD,INE148I07RW7
73163,VODAFONE IDEA  LIMITED,INE669E01016
73164,SDL MH 7.33% 2031,IN2220230055
73165,SCL-9.80%-27-12-33-NCD,INE148I07RX5
73168,TIME TECHNOPLAST LTD.,INE508G01029
73187,SDL MH 7.49% 2030,IN2220230022
73191,SC-ZC-27-12-26-NCD,INE148I07RY3
73193,SDL JK 7.18% 2045,IN4920240244
73194,JMFCSL-10.25%-13-12-28-NCD,INE651J07689
73195,SDL JK 7.08% 2055,IN4920240236
73198,TRANSWORLD SHIPPING LINES LIMI,INE757B01015
73200,SCL-10.25%-27-12-33-NCD,INE148I07RZ0
73201,SDL MH 7.2% 2028,IN2220230030
73207,SDL JK 7.22% 2032,IN4920240251
73208,Inox Wind Limited,INE066P01011
73209,CRIMSON METAL ENGINEERING COMP,INE318P01016
73211,SDL MH 7.35% 2032,IN2220230089
73218,SCL-10.15%-27-12-28-NCD,INE148I07RS5
73219,SCL-10.50%-27-12-30-NCD,INE148I07RR7
73223,SDL MP 7.51% 2038,IN2120230106
73225,ICE MAKE REFRIGERAT LTD,INE520Y01019
73239,SDL MH 7.4% 2031,IN2220230097
73247,JMFCSL-9.81%-13-12-28-NCD,INE651J07697
73251,Tracxn Technologies Limited,INE0HMF01019
73252,SDL JK 7.2% 2047,IN4920240228
73254,SDL MP 7.68% 2034,IN2120230114
73268,KEERTHI INDUSTRIES LTD.,INE145L01012
73271,SDL MH 7.32% 2032,IN2220230063
73281,SCL-10.03%-27-12-30-NCD,INE148I07RU1
73284,SDL JK 7.14% 2051,IN4920240202
73292,SDL MP 7.76% 2037,IN2120230122
73302,KUSAM ELECTRICAL INDUSTRIES LT,INE175Q01018
73303,USHA MARTIN LTD.,INE228A01035
73321,SDL JK 7.11% 2055,IN4920240210
73322,SC-10.25%-27-12-33-NCD,INE148I07RV9
73329,SANATHAN TEXTILES LIMITED,INE0JPD01013
73330,SDL MH 7.34% 2031,IN2220230071
73331,SDL MP 7.76% 2037,IN2120230130
73347,Eris Lifesciences Limited,INE406M01024
73355,ARROW GREENTECH LIMITED,INE570D01018
73356,Retina Paints Limited,INE0NTC01019
73361,SC-9.25%-26-3-26-NCD,INE148I07SA1
73368,SCL-8.88%-26-3-26-NCD,INE148I07SB9
73371,3P LAND HOLDINGS LTD.,INE105C01023
73375,BIRLASLAMC - SILVER,INF209KB19F6
73381,SURAJ LIMITED,INE713C01016
73385,SCL-9.25%-26-3-26-NCD,INE148I07SC7
73391,Sayaji Hotels (Pune) Limited,INE07G501017
73402,MULTIBASE INDIA LTD.,INE678F01014
73411,JMFCSL-9.75%-7-6-28-NCD,INE651J07622
73416,ADITYBIRLA SL NIF ETF-GR,INF209KB19D1
73433,SDL MH 7.36% 2028,IN2220230014
73436,GOI LOAN  5.63% 2026,IN0020210012
73450,GOI LOAN  6.64% 2035,IN0020210020
73456,Captain Technocast Limited,INE931X01010
73458,ONESOURCE SPECL PHARMA L,INE013P01021
73464,JMFCSL-9.34%-7-6-28-NCD,INE651J07630
73474,NABARD-7.30%-26-12-31-PVT,INE261F08717
73475,FFSL-11.75%-13-8-28-CP,INE734I07032
73476,NABARD-7.16%-12-1-32-PVT,INE261F08725
73477,Sophia Traexpo Limited,INE268X01017
73478,AEL-8.75%-12-1-29-NCD,INE423A07534
73480,NABARD-7.48%-22-12-31-PVT,INE261F08709
73481,FFSL-12%-18-12-27-PVT,INE734I07024
73482,CUMMINS INDIA LTD.,INE298A01020
73483,AEL-8.90%-12-1-31-NCD,INE423A07526
73484,SDL JK 8.15% 2030,IN4920200024
73487,EFSL-9.53%-8-1-31-NCD,INE532F07BP6
73488,FFSL-11.25%-25-11-28-PVT,INE734I07057
73500,AEL-8.62%-12-1-31-NCD,INE423A07518
73505,GLOBE INTL CARRIERS LTD,INE947T01022
73506,ELR-9.3%-Z-30-9-18-PVT,INE465N07264
73507,SYMPHONY LIMITED,INE225D01027
73508,FFSL-11.15%-25-11-27-PVT,INE734I07040
73515,CENTURY EXTRUSIONS LTD,INE281A01026
73516,SDL JK 6.79% 2030,IN4920200032
73518,AEL-12-1-28-NCD,INE423A07500
73519,NABARD-7.34%-13-01-32-PVT,INE261F08733
73521,ELR-9.3%-Y-31-3-28-PVT,INE465N07256
73528,INDIA GLYCOLS LTD,INE560A01023
73530,ANSAL HOUSING LIMITED,INE880B01015
73549,IVP LTD.,INE043C01018
73554,EFSL-9.95%-8-1-31-NCD,INE532F07BQ4
73560,ELR-9.3%-X-30-9-27-PVT,INE465N07249
73563,COSCO (INDIA) LTD.,INE949B01018
73574,ELR-9.3%-W-31-3-27-PVT,INE465N07231
73597,NABARD-7.71%-17-3-32-PVT,INE261F08782
73598,CBI-8.80%-30-8-33-PVT,INE483A08049
73599,AEL-12-1-29-NCD,INE423A07559
73603,ELR-9.3%-V-30-9-26-PVT,INE465N07223
73622,AEL-12-1-31-NCD,INE423A07542
73625,NABARD-8.04%-15-03-32-PVT,INE261F08774
73655,ORIENTAL HOTELS LTD.,INE750A01020
73729,KRISHNA DEF AND ALD IND L,INE0J5601015
73736,8.45%-SEIL-18-6-29-PVT,INE460M07010
73745,P922-10%-17-3-26-PVT,INE0NGR15022
73793,KARNATAKA BANK LTD.,INE614B01018
73794,MEFCOM CAPITAL MARKETS LTD.,INE186C01023
73802,853RJSDL28,IN2920180170
73814,LTF-7.95%-16-11-26-PVT,INE691I07DW6
73816,WCL-7.90%-9-7-36-PVT,INE191B08020
73817,FFSL-11.16-07-07-27-PVT,INE734I07065
73829,JAINAM FER ALLOYS (I) LTD,INE02KC01010
73849,PURAVANKARA LIMITED,INE323I01011
73862,SDL MN 7.0% 2031,IN2320210056
73876,DAM Capital Advisors Limited,INE284H01025
73902,SHAH ALLOYS LIMITED,INE640C01011
73908,SDL MN 6.87% 2031,IN2320210049
73912,TRIVENI TURBINE LTD.,INE152M01016
73973,SDL MN 7.01% 2031,IN2320210031
73994,EFSL-9.30%-29-4-31-NCD,INE532F07CA6
74012,LTF-8.1%-28-6-30-PVT,INE691I07EO1
74013,SDL MN 7.0% 2031,IN2320210023
74015,WELSPUN ENTERPRISES LIMTED,INE625G01013
74021,TATA MOTORS PASSENGER VEHICLES,INE155A01022
74062,SDL MN 7.34% 2032,IN2320210098
74071,ZENITH EXPORTS LTD,INE058B01018
74078,IIFLSFL-10.50%-21-6-29-NCD,INE413U07319
74105,IIFLSFL-10.03%-21-6-29-NCD,INE413U07301
74134,UNITED FOODBRANDS LIMITED,INE382M01027
74138,SDL MN 7.23% 2032,IN2320210080
74147,EFSL-9.70%-29-4-31-NCD,INE532F07CB4
74158,IIFLSFL-9.60%-21-6-26-NCD,INE413U07335
74161,EFSL-9.15%-10-9-26-NCD,INE532F07CF5
74189,Hercules Investments Limited,INE688E01024
74192,SDL MN 7.0% 2031,IN2320210072
74203,IIFLSFL-9.57%-21-6-27-NCD,INE413U07327
74212,Happy Forgings Limited,INE330T01021
74230,SDL MN 7.03% 2031,IN2320210064
74235,Tirupati Fin-Lease Ltd.,INE027S01017
74269,SDL JK 6.96% 2035,IN4920200081
74281,NABARD-7.38%-20-10-31-PVT,INE261F08683
74300,SDL JK 7.15% 2032,IN4920200099
74324,Sharda Cropchem Limited,INE221J01015
74352,EFSL-9.16%-29-4-26-NCD,INE532F07BX0
74387,NABARD-7.20%-21-10-31-PVT,INE261F08691
74390,SDL MN 6.78% 2031,IN2320210015
74399,ABREL-18-02-26-CP,INE055A14KK7
74402,SDL JK 6.62% 2030,IN4920200040
74409,G-TEC JAINX EDUCATION LTD,INE586X01012
74418,EFSL-ZC-29-4-26-NCD,INE532F07BZ5
74438,SDL JK 6.58% 2030,IN4920200057
74449,ABREL-10-02-26-CP,INE055A14KJ9
74452,EFSL-9.55%-29-4-26-NCD,INE532F07BY8
74467,ACC LTD.,INE012A01025
74475,SATTVA ENGINEERING CSTN L,INE14DW01018
74478,LTF-8.55%-28-01-2030-PVT,INE691I07EJ1
74479,SDL JK 6.46% 2030,IN4920200065
74480,APOLLO HOSPITALS ENTER. L,INE437A01024
74527,SDL JK 6.7% 2030,IN4920200073
74529,QUADRANT TELEVENTURES LIMITED,INE527B01020
74537,SUDEEP PHARMA LIMITED,INE0QPI01025
74540,GDL LEASING & FINANCE LTD.,INE545E01018
74565,AEL-17-07-28-NCD,INE423A07419
74566,PROZONE REALTY LIMITED,INE195N01013
74567,AEL-17-07-27-NCD,INE423A07401
74568,FFS-3MTB+SPREAD-5-1-29-PVT,INE007N07066
74572,FFSL-8.50%-RESET RATE-14-8-28-,INE007N07058
74573,DOLLAR INDUSTRIES LIMITED,INE325C01035
74576,IVEPL-ZC-19-7-28-PVT,INE321V11017
74577,FFSL-SBIMCLR8.25%-26-6-27-PVT,INE007N07041
74588,AEL-8.95%-17-07-27-NCD,INE423A07450
74607,AEL-9%-17-07-30-NCD,INE423A07443
74637,AEL-9.15%-17-07-28-NCD,INE423A07435
74638,KMS Medisurgi Limited,INE870V01014
74669,LAXMI GOLDORNA HOUSE LTD,INE258Y01016
74670,AEL-8.85%-17-07-28-NCD,INE423A07427
74674,SOMA PAPERS & INDUSTRIES LTD.,INE737E01011
74702,LTF-7.66%-9-9-30-PVT,INE691I07EU8
74711,IYKOT HITECH TOOLROOM LTD.,INE079L01013
74723,Orient Technologies Limited,INE0PPK01015
74726,SDL MZ 7.16% 2035,IN2520240101
74729,SRG FINGROW FINANCE LIMITED,INE326P01019
74751,LIME CHEMICALS LTD.,INE891G01011
74768,SDL MZ 7.18% 2040,IN2520240119
74777,LTF-7.62%-30-12-30-PVT,INE691I07EX2
74778,ISFL-10%-21-12-26-NCD,INE413U07277
74790,ISFL-10.03%-21-12-28-NCD,INE413U07269
74792,MAHESHWARI LOGISTICS LTD.,INE263W01010
74807,SHIVAGRICO IMPLEMENTS LTD.,INE092H01014
74811,NABARD-7.54%-29-3-32-PVT,INE261F08824
74818,IIFLSFL-10%-21-6-27-NCD,INE413U07293
74820,SADHANA NITROCHEM LIMITED,INE888C01040
74821,TATA POWER CO LTD,INE245A01021
74822,IIFLSFL-9.20%-21-6-26-NCD,INE413U07285
74824,ISFL-9.57%-21-12-26-NCD,INE413U07236
74895,TRANS INDIA HOUSE IMPEX LIMITE,INE502D01011
74937,UTKARSH SMALL FIN BANK L,INE735W01017
74950,Vaxfab Enterprises Limited,INE560T01015
74960,CL Educate Limited,INE201M01029
74966,ISFL-10.50%-21-12-28-NCD,INE413U07251
74974,VIJI FINANCE LTD,INE159N01027
74978,JULLUNDUR MOT AGENCY LTD,INE412C01023
74996,Storage Technologies and Autom,INE0RGM01016
75042,RAJPUTANA INDUSTRIES LTD,INE0PCU01012
75053,TARCL-6%-31-3-30-PVT,INE0EK907050
75065,FORTIS HEALTHCARE LTD.,INE061F01013
75095,Canara HSBC Life Insurance Com,INE01TY01017
75103,NFL-11.9%-31-12-30-PVT,INE342T08070
75141,RCFL 7.6% 2029 SR II,INE027A08044
75159,RCFL 7.49% 2028 SR I,INE027A08036
75200,RCFL 7.99% 2027 SR 1,INE027A08028
75201,ELR-9.3%-U-31-3-26-PVT,INE465N07215
75211,DEEPAK NITRITE LTD,INE288B01029
75230,AEL-8.48%-12-1-29-NCD,INE423A07492
75242,AEL-8.60%-12-1-28-NCD,INE423A07484
75259,AEL-8.70%-24-03-28-PVT,INE423A07476
75291,STANLEY LIFESTYLES LTD,INE01A001028
75308,ROBUST HOTELS LIMITED,INE508K01013
75321,AEL-17-07-30-NCD,INE423A07468
75325,NIBE LIMITED,INE149O01018
75364,FFSL-GSEC32-4-4-26-PVT,INE007N07033
75417,THOMAS COOK (INDIA) LTD,INE332A01027
75448,SDL MN 7.34% 2032,IN2320210106
75459,NAPS Global India Limited,INE0VNH01014
75469,THE INDIAN HOTELS CO. LTD,INE053A01029
75507,SEC RED NCD 8.65% SR. V,INE148I07GJ7
75511,EFSL-9.67%-27-4-28-NCD,INE532F07DT4
75521,SEC RED NCD 8.85% SR. VI,INE148I07GK5
75526,EFSL-9.60%-27-4-26-NCD,INE532F07DS6
75542,EFSL-10.10%-27-4-28-NCD,INE532F07DV0
75543,MADHYA BHARAT AGRO P. LTD,INE900L01010
75555,EFSL-27-4-26-NCD,INE532F07DU2
75556,DLF LTD.,INE271C01023
75564,CREATIVE EYE LIMITED,INE230B01021
75569,TRADEWELL HOLDINGS LIMITED,INE819G01012
75572,EFSL-10%-27-4-33-NCD,INE532F07DX6
75592,JBM AUTO LIMITED,INE927D01051
75594,EFSL-27-4-28-NCD,INE532F07DW8
75612,EFSL-10.10%-20-1-28-NCD,INE532F07DJ5
75632,EFSL-10.45%-20-1-33-NCD,INE532F07DI7
75642,AIRAN LIMITED,INE645W01026
75651,EFSL-10%-20-1-33-NCD,INE532F07DH9
75669,EFSL-9.67%-20-1-28-NCD,INE532F07DK3
75670,JK AGRI GENETICS LTD,INE690O01011
75673,GHCL LTD.,INE539A01019
75677,RAMSONS PROJECTS LTD.,INE609D01014
75689,SEC RED NCD 9.0% SR. VI,INE148I07GL3
75690,A G UNIVERSAL LIMITED,INE0O6N01012
75696,MT EDUCARE LTD,INE472M01018
75724,SEC RED NCD SR. VII,INE148I07GN9
75732,CREATIVE EYE LTD.,INE230B01021
75736,EFSL-9.20%-27-4-26-NCD,INE532F07DP2
75758,KARAN WOO-SIN LTD.,INE327D01013
75765,ANDHRA PAPER LIMITED,INE435A01051
75785,EFSL-9.20%-21-7-26-NCD,INE532F07EC8
75796,UNSERENCD8.75%SR.IVCI&II,INE306N08334
75820,EFSL-21-7-28-NCD,INE532F07EF1
75856,7.40% TAX FREETRI SRIII,INE787H07156
75861,EFSL-21-7-26-NCD,INE532F07EE4
75888,NIVA BUPA HEALTH INS CO L,INE995S01015
75891,ALPEX SOLAR LIMITED,INE0R4701017
75895,ABS MARINE SERVICES LTD,INE0QRV01016
75907,EFSL-9.60%-21-7-26-NCD,INE532F07ED6
75913,ATUL LTD,INE100A01010
75918,SPT-5-2-26-CP,INE941D14733
75937,EFSL-9.67%-21-7-28-NCD,INE532F07EG9
75959,LTF-8.75%-6-2-26-PVT,INE691I07CM9
75971,744TELSDL46,IN4520230439
75973,TRESCON LIMITED,INE088D01011
75974,NHAI-7.12%-14-3-27-PVT,INE906B07JB4
75975,UNSERENCD8.85%SRIVCIII&IV,INE306N08342
75982,ALGOQUANT FINTECH LIMITED,INE598D01035
75998,EFSL-10%-21-7-33-NCD,INE532F07EI5
76012,NHAI-6.87%-14-04-32-PVT,INE906B07JA6
76020,VISTA PHARMACEUTICALS LTD.,INE427C01021
76021,DIPNA PHARMACHEM LIMITED,INE0MC401013
76022,EFSL-10.10%-21-7-28-NCD,INE532F07EH7
76023,SER INDUSTRIES LTD.,INE358F01013
76052,EFSL-10.45%-21-7-33-NCD,INE532F07DZ1
76081,EFSL-10.45%-27-4-33-NCD,INE532F07DY4
76175,BOSS PACKAGING SOLU LTD,INE0QNI01012
76200,SDL MH 7.14% 2029,IN2220190093
76209,NHAI-7.26%-10-8-38-PVT,INE906B07IY8
76235,PARSVNATH DEVELOPERS LTD.,INE561H01026
76262,SHIVA SUITINGS LTD.,INE02Z901011
76295,AXIS SOLUTIONS LIMITED,INE520G01024
76296,601GOI2028,IN0020020247
76297,KSL-31-7-26-CP,INE07HK14383
76308,PRECOT LIMITED,INE283A01014
76313,EFSL-9.55%-28-12-26-NCD,INE532F07CR0
76314,MOTILAL OSWAL FINANCIAL SERVIC,INE338I01027
76319,EFSL-9.15%-28-12-26-NCD,INE532F07CQ2
76323,PDL-8.45%-06-11-27-PVT,INE420C08021
76324,SHARPLINE BROADCAST LIMITED,INE647W01014
76326,KSL-26-02-26-CP,INE07HK14342
76339,EFSL-9.30%-28-12-31-NCD,INE532F07CT6
76353,SAWALIYA FOOD PRODUCTS L,INE10VS01016
76354,THE INVESTMENT TRUST OF INDIA ,INE924D01017
76355,CEIGALL INDIA LIMITED,INE0AG901020
76360,EFSL-28-12-26-NCD,INE532F07CS8
76373,HLV LIMITED,INE102A01024
76380,PDL-8.50%-06-11-28-PVT,INE420C08039
76410,NORTH EAST CARRY CORP LTD,INE553C01016
76441,EFSL-9.7%-28-12-31-NCD,INE532F07CU4
76456,EFSL-10-9-26-NCD,INE532F07CH1
76467,TCAP-8.75%-26-8-29-NCD,INE306N08334
76473,SHAH ALLOYS LTD.,INE640C01011
76484,EFSL-9.55%-10-9-26-NCD,INE532F07CG3
76487,TCAP-8.85%-26-8-29-NCD,INE306N08342
76511,RAJOO ENGINEERS LIMITED,INE535F01024
76513,KSL-30-4-26-CP,INE07HK14318
76516,EFSL-9.70%-10-9-31-NCD,INE532F07CJ7
76548,EFSL-9.30%-10-9-31-NCD,INE532F07CI9
76576,VIKRAM AROMA LIMITED,INE0NR501012
76579,OEDL-9.23%-13-10-27-PVT,INE126D07073
76591,JANA SMALL FINANCE BANK LIMITE,INE953L01027
76593,TCAP-9.10%-27-9-28-NCD,INE306N08292
76632,EFSL-20-10-27-NCD,INE532F07DA4
76642,NILA INFRASTRUCTURES LTD,INE937C01029
76644,SWAN CORP LIMITED,INE665A01038
76652,DHANUKA AGRITECH LTD.,INE435G01025
76662,Vrundavan Plantation Limited,INE0Q6901013
76666,SCODA TUBES LIMITED,INE090501011
76667,MARICO LIMITED,INE196A01026
76692,EFSL-9.75%-20-10-27-NCD,INE532F07DC0
76696,TCAP-9.00%-27-9-28-NCD,INE306N08284
76702,FCS SOFTWARE SOLN. LTD.,INE512B01022
76723,EFSL-9.35%-20-10-27-NCD,INE532F07DB2
76753,IRONWOOD EDUCATION LIMITED,INE791H01011
76755,EFSL-10.10%-20-10-32-NCD,INE532F07DE6
76760,SOFTSOL INDIA LTD.,INE002B01016
76764,CONCORD BIOTECH LIMITED,INE338H01029
76773,EFSL-9.65%-20-10-32-NCD,INE532F07DD8
76792,DSP BlackRock Mutual Fund,INF740KA1EU7
76794,EFSL-Zero Coupon-20-1-28-NCD,INE532F07DG1
76859,KFC-8.58%-22-7-31-PVT,INE818F07344
76904,SACHETA METALS LTD.,INE433G01020
76975,KFC-8.58%-22-7-33-PVT,INE818F07310
77008,KFL-8.58%-22-7-32-PVT,INE818F07302
77012,Indogulf Cropsciences Limited,INE05J901018
77013,METAL COATINGS (INDIA) LTD.,INE161E01014
77049,KFC-8.58%-21-7-34-PVT,INE818F07336
77108,KFC-8.58%-20-7-35-PVT,INE818F07328
77112,PRUDENT CORP ADV SER LTD,INE00F201020
77113,EFSL-10.50%-26-7-29-NCD,INE532F07FV5
77117,SDL KA 7.22% 2032,IN1920240299
77119,EFSL-10.04%-26-7-29-NCD,INE532F07FU7
77120,SHARDA CROPCHEM LTD.,INE221J01015
77121,PRESSTONIC ENGINEERING L,INE0R1601012
77122,RAVINDRA ENERGY LIMITED,INE206N01018
77123,SDL KA 7.2% 2037,IN1920240281
77124,PRISM JOHNSON LIMITED.,INE010A01011
77125,795GOI2032,IN0020020106
77127,EFSL-11%-26-7-34-NCD,INE532F07FX1
77130,SDL KA 7.16% 2032,IN1920240273
77138,EFSL-26-7-29-NCD,INE532F07FW3
77143,SDL KA 7.16% 2036,IN1920240265
77152,EFSL-10.49%-26-7-34-NCD,INE532F07FZ6
77155,SDL KA 7.13% 2034,IN1920240257
77163,EFSL-11%-26-7-34-NCD,INE532F07FY9
77171,SDL KA 7.11% 2033,IN1920240240
77173,Puravankara Limited,INE323I01011
77178,EPW INDIA LIMITED,INE1KEC01023
77184,TRIVENI TURBINE LIMITED,INE152M01016
77189,SDL KA 7.08% 2031,IN1920240232
77194,RICO AUTO INDUSTRIES LTD.,INE209B01025
77199,SDL KA 7.11% 2035,IN1920240224
77203,BIPL-16.90%-31-8-29-PVT,INE247407013
77204,EFSL-9.67%-29-4-29-NCD,INE532F07FN2
77217,SIIL-RESET RATE-22-3-27-PVT,INE343H08024
77226,EFSL-29-4-27-NCD,INE532F07FM4
77245,PAVNA INDUSTRIES LIMITED,INE07S101038
77251,EFSL-9.50%-26-7-26-NCD,INE532F07FP7
77268,EFSL-10.10%-29-4-29-NCD,INE532F07FO0
77279,MAHANAGAR TELEPHONE NIGAM LTD.,INE153A01019
77282,SOLARA ACTIVE PHARMA SCIENCES ,IN9624Z01022
77287,EFSL-9.57%-26-7-27-NCD,INE532F07FR3
77294,ANUH PHARMA LIMITED,INE489G01022
77295,HB STOCKHOLDINGS LIMITED,INE550B01022
77300,EFSL-26-7-26-NCD,INE532F07FQ5
77301,Alphalogic Techsys Limited,INE08E401029
77310,EFSL-26-7-27-NCD,INE532F07FT9
77311,Getalong Enterprise Limited,INE0H1201020
77328,EFSL-10%-26-7-27-NCD,INE532F07FS1
77348,EFSL-10.50%-24-10-29-NCD,INE532F07GH2
77365,8.91% TAX FREE NCD,INE787H07370
77372,EFSL-24-10-27-NCD,INE532F07GG4
77373,BGHPL-21-1-27-CP,INE09OL14II7
77383,Apoorva Leasing Finance & Inve,INE217S01014
77419,BGHPL-22-1-27-CP,INE09OL14IJ5
77421,EFSL-10.50%-24-10-29-NCD,INE532F07GF6
77442,BIJOY HANS LTD.,INE491D01017
77465,SETCO AUTOMOTIVE LTD.,INE878E01021
77488,BGHPL-6-1-27-CP,INE09OL14IL1
77489,EFSL-10.49%-24-10-34-NCD,INE532F07GI0
77524,SUMMIT SECURITIES LTD,INE519C01017
77526,EFSL-11%-24-10-34-NCD,INE532F07GL4
77529,KINGS INFRA VENTURES LIMITED,INE050N01010
77533,BGH-24-2-26-CP,INE09OL14IE6
77538,EFSL-24-10-29-NCD,INE532F07GK6
77539,GS15OCT27C,IN001027C043
77544,EMAMI PAPER MILLS LIMITED,INE830C01026
77557,EFSL-10.04%-24-10-29-NCD,INE532F07GJ8
77563,BGHPL-11-03-26-CP,INE09OL14IF3
77564,BGHPL-23-06-26-CP,INE09OL14IG1
77567,EFSL-10.20%-28-4-27-PVT,INE532F07GN0
77587,EFSL-11%-24-10-34-NCD,INE532F07GM2
77600,Go Digit General Insurance Lim,INE03JT01014
77602,Clean Science and Technology L,INE227W01023
77606,BGHPL-08-01-27-CP,INE09OL14IH9
77608,Sudeep Pharma Limited,INE0QPI01025
77613,WHIRLPOOL OF INDIA LTD.,INE716A01013
77634,SUPREME HOLDINGS & HOSPITALITY,INE822E01011
77639,PROZONE REALTY LIMITED,INE195N01013
77645,SDL KA 7.03% 2033,IN1920240331
77650,KTL-9.5%-25-4-35-PVT,INE945S07207
77664,SDL KA 7.04% 2032,IN1920240323
77673,KTL-9.5%-25-4-36-PVT,INE945S07215
77684,SDL KA 6.96% 2030,IN1920240315
77690,EFSL-10.5%-26-7-29-NCD,INE532F07GA7
77696,BGH-11-2-26-CP,INE09OL14IC0
77697,GS19MAR2059,IN000359C025
77699,KTL-9.5%-25-4-37-PVT,INE945S07223
77705,BGHPL-18-02-26-CP,INE09OL14ID8
77707,WELSPUN ENTERPRISES LTD.,INE625G01013
77712,SDL KA 7.22% 2035,IN1920240307
77715,KTL-9.5%-25-4-38-PVT,INE945S07231
77724,INDIA GLYCOLS LTD.,INE560A01023
77738,SWASTI VINAYAKA ART AND HERITA,INE895A01023
77756,EFSL-24-10-26-NCD,INE532F07GC3
77760,RELIANCE MUTUAL FUND- RELIANCE,INF204KB1MY0
77765,VISA STEEL LTD.,INE286H01012
77800,EFSL-9.50%-24-10-26-NCD,INE532F07GB5
77804,CAPITAL TRUST LIMITED,INE707C01018
77805,8.66% TAX FREE NCD,INE787H07347
77837,HINDUSTAN OIL EXPLORATION CO.L,INE345A01011
77838,EFSL-10%-24-10-27-NCD,INE532F07GE9
77858,RELIANCE MUTUAL FUND- RELIANCE,INF204KB1MW4
77878,EFSL-9.57%-24-10-27-NCD,INE532F07GD1
77882,FEDDERS HOLDING LIMITED,INE417D01020
77902,CHORDIA FOOD PRODUCTS LTD.,INE975C01011
77907,EFSL-ZC-26-10-26-NCD,INE532F07ES4
77910,Ganon Products Limited,INE162L01017
77911,Amwill Health Care Limited,INE0U2L01017
77922,KARMA ENERGY LTD.,INE725L01011
77940,EFSL-9.20%-29-1-27-NCD,INE532F07EU0
77950,SDL TS 7.42% 2041,IN4520230496
77961,EFSL-29-1-27-NCD,INE532F07EX4
77972,INDOCO REMEDIES LTD.,INE873D01024
77980,SDL TS 7.44% 2030,IN4520230488
77984,ESFL-9.60%-29-1-27-NCD,INE532F07EW6
78012,EFSL-10.10%-29-1-29-NCD,INE532F07EZ9
78042,EFSL-9.67%-29-1-29-NCD,INE532F07EY2
78048,EFSL-10%-26-10-33-NCD,INE532F07EL9
78054,K.P.R.MILL LIMITED,INE930H01031
78076,EFSL-10.45%-26-10-33-NCD,INE532F07EK1
78079,Safa Systems & Technologies Li,INE0JNA01014
78080,ADVANCE METERING TECHNOLOGY LT,INE436N01029
78098,EFSL-ZC-26-10-28-NCD,INE532F07EN5
78103,RAMKRISHNA FORGINGS LTD.,INE399G01023
78114,EFSL-10.10%-26-10-28-NCD,INE532F07EM7
78117,INDUS TOWERS LIMITED,INE121J01017
78124,EFSL-9.60%-26-10-26-NCD,INE532F07EP0
78139,EFSL-9.67%-26-10-28-NCD,INE532F07EO3
78166,EFSL-9.20%-26-10-26-NCD,INE532F07EQ8
78173,BANARAS BEADS LTD,INE655B01011
78178,KFL-10.25%-9-12-26-NCD,INE403Q07AW5
78180,PDPL-7.85%-31-12-34-PVT,INE925U07049
78195,INDIA CEMENTS LTD.,INE383A01012
78201,BGHPL-22-5-26-CP,INE09OL14HG3
78202,BGHPL-20-5-25-CP,INE09OL14HH1
78204,KFL-10.41%-9-12-26-NCD,INE403Q07AX3
78206,EFSL-29-4-26-NCD,INE532F07FE1
78214,RAJOO ENGINEERS LTD.,INE535F01024
78215,PDPL-7.65%-31-12-29-PVT,INE925U07031
78228,EFSL-10%-29-4-34-NCD,INE532F07FD3
78233,EFSL-29-4-29-NCD,INE532F07FH4
78266,EFSL-10.45%-39-4-34-NCD,INE532F07FG6
78296,SDL TS 7.48% 2050,IN4520230504
78298,PDPL-7.75%-31-12-31-PVT,INE925U07056
78309,EFSL-9%-29-4-26-NCD,INE532F07FF8
78326,EFSL-10.45%-29-4-34-NCD,INE532F07FJ0
78341,BGHPL-13-3-26-CP,INE09OL14HC2
78343,PFL-12.25%-12-01-28-PVT,INE0CYK07012
78351,KEC INTL. LIMITED,INE389H01022
78353,EFSL-10.10%-29-4-29-NCD,INE532F07FI2
78359,ADANI TOTAL GAS LIMITED,INE399L01023
78370,EFSL9.6%-29-4-27-NCD,INE532F07FL6
78379,PDPL-7.30%-31-12-26-PVT,INE925U07023
78385,BGHPL-9-3-26-CP,INE09OL14HE8
78396,EFSL-9.20%-29-4-27-NCD,INE532F07FK8
78414,BGHPL-5-3-26-CP,INE09OL14HF5
78449,HIRA AUTOMOBILES LTD.,INE258Z01013
78451,KTL-9.5%-25-4-39-PVT,INE945S07322
78464,ARIHANT CAPITAL MARKETS LTD.,INE420B01036
78484,RAMCHANDRA LEASING & FINANCE L,INE516P01015
78485,KTL-9.5%-25-4-40-PVT,INE945S07330
78491,The Wealth Company Mutual Fund,INF2F0001370
78510,BGHPL-20-03-26-CP,INE09OL14HB4
78526,BGHPL-12-03-26-CP,INE09OL14GZ5
78533,EFSL-29-1-29-NCD,INE532F07FA9
78536,ADITYA BIRLA REAL EST LTD,INE055A01016
78562,NANDANI CREATION LIMITED,INE696V01013
78568,IVP LTD,INE043C01018
78579,671RAJ2030,IN2920200044
78594,ASSOCIATED CERAMICS LTD.,INE771E01010
78599,P.I.INDUSTRIES LTD.,INE603J01030
78607,EFSL-10.45%-29-1-34-NCD,INE532F07FC5
78619,678RAJSDL30,IN2920200051
78627,CORAL INDIA FIN & HOUS LT,INE558D01021
78656,EFSL-10%-29-1-34-NCD,INE532F07FB7
78676,SEC RE NCD 8.89% SR.VIII,INE148I07KP6
78681,SDL AP 6.91% 2039,IN1020200417
78686,EFSL-7-10-27-NCD,INE532F07HZ2
78687,KPL-9%-25-3-29-TFBOND,INE363O07095
78689,NABARD-7.75%-14-1-33-PVT,INE261F08964
78690,SFL 7.97% 2030 SR X7,INE660A07RR8
78691,Anand Rathi Wealth Limited,INE463V01026
78699,ARIHANT CAPITAL MKTS LTD,INE420B01036
78702,SFL 8.0650% 2026 SR Y1,INE660A07RS6
78717,EFSL-10%-7-10-30-NCD,INE532F07HY5
78718,SDL AP 6.87% 2035,IN1020200425
78723,NABARD-7.80%-26-11-32-PVT,INE261F08949
78750,KFL-10.25%-13-10-27-NCD,INE403Q07BK8
78766,SDL AP 7.03% 2040,IN1020200409
78774,KFL-ZC-13-10-27-NCD,INE403Q07BL6
78777,NABARD-7.94%-17-1-33-PVT,INE261F08972
78780,GRAVITY (INDIA) LTD.,INE995A01013
78787,SDL TS 7.58% 2041,IN4520230371
78792,SDL AP 6.43% 2030,IN1020200458
78795,DIAMINES & CHEMICALS LTD.,INE591D01014
78801,AEL-9.56%-12-9-29-NCD,INE423A07336
78802,SDL AP 6.79% 2034,IN1020200466
78803,SDL TS 7.7% 2038,IN4520230363
78806,SEC RE NCD 8.75% SR.VII,INE148I07KM3
78812,KPL-8.75%-25-3-29-TFBOND,INE363O07061
78817,AEL-9.65%-12-9-27-NCD,INE423A07328
78818,SDL AP 6.55% 2033,IN1020200433
78819,SDL TS 7.6% 2047,IN4520230397
78820,KPL-8.75%-25-3-34-TFBOND,INE363O07079
78822,SEC RE NCD 9.25% SR.VII,INE148I07KN1
78828,AEL-9.32%-12-9-27-NCD,INE423A07310
78833,EIMCO ELECON (INDIA) LTD.,INE158B01016
78836,EFSL-9.12%-7-10-28-NCD,INE532F07IA3
78838,SDL AP 6.77% 2038,IN1020200441
78841,SDL TS 7.6% 2043,IN4520230389
78860,EFSL-10.50%-24-7-35-NCD,INE532F07HR9
78867,GS06MAY61,IN000561C018
78869,CONTAINE TECHNOLOGIES LIMITED,INE0M8901010
78870,SFL 7.05% 2027 SR Z4,INE660A07RZ1
78874,SDL AP 6.68% 2035,IN1020200490
78880,GFL 7.5% 28 SR D2 STRPPI,INE02KN07105
78884,ECL 9.25% 2028 SR VI,INE528S07128
78895,SUNDARAM FINANCE LTD.,INE660A01013
78896,EFSL-10.03%-24-7-35-NCD,INE532F07HQ1
78910,SFL 7.18% 2028 SR Z2,INE660A07RX6
78915,SDL AP 6.4% 2028,IN1020200474
78917,EFSL-24-7-27-NCD,INE532F07HT5
78918,ECL 8.88% 2028 SR V,INE528S07110
78919,SDL MZ 7.37% 2039,IN2520240010
78927,EFSL-24-7-30-NCD,INE532F07HS7
78931,SFL 6.99% 2027 SR Z3,INE660A07RY4
78932,KUWER INDUSTRIES LTD.,INE430F01010
78935,SDL AP 6.68% 2033,IN1020200482
78937,TEXMACO RAIL & ENG. LTD.,INE621L01012
78948,DSM Fresh Foods Limited,INE0SUM01015
78949,SUNF 7.70% 2028 SR Y5,INE660A07RV0
78952,CM2025-9.80%-17-10-26-PTC,INE1M7715013
78953,YURANUS INFRASTRUCTURE LTD,INE156M01017
78955,NABARD-7.27%-14-9-32-PVT,INE261F08915
78957,SDL MZ 7.35% 2037,IN2520240036
78958,EFSL-9.80%-24-7-30-NCD,INE532F07HV1
78959,NABARD-7.48%-17-9-32-PVT,INE261F08923
78972,SFL 7.35% 2027 SR Z1,INE660A07RW8
78974,I G PETROCHEMICALS LTD.,INE204A01010
78977,EFSL-10.25%-24-7-30-NCD,INE532F07HU3
78979,SDL MZ 7.36% 2039,IN2520240028
78990,SFL 8.12% 2027 SR Y2,INE660A07RT4
78993,EFSL-9.35%-24-7-28-NCD,INE532F07HX7
78994,SDL MZ 7.23% 2038,IN2520240051
79011,SFL 7.75% 2026 SR Y4,INE660A07RU2
79015,EFSLD-10.25%-24-7-30-NCD,INE532F07HW9
79021,SDL MZ 7.2% 2031,IN2520240044
79022,NHAI-7.64%-22-11-32-PVT,INE906B08021
79030,EFSL-9.03%-12-12-28-NCD,INE532F07IL0
79048,SDL MZ 7.15% 2040,IN2520240077
79059,EFSL-10.10%-12-12-35-NCD,INE532F07IK2
79074,SDL MZ 7.15% 2039,IN2520240069
79088,EFSL-12-12-28-NCD,INE532F07IN6
79097,IKIO Technologies Limited,INE0LOJ01019
79113,EFSL-8.85%-12-12-27-NCD,INE532F07IM8
79116,SDL MZ 7.23% 2040,IN2520240093
79124,BOSTON BIO SYSTEMS LTD.,INE109B01019
79138,SDL MZ 7.13% 2039,IN2520240085
79150,EFSL-9.44%-12-12-30-NCD,INE532F07IP1
79177,EFSL-12-12-27-NCD,INE532F07IO4
79208,EFSL-9.85%-12-12-30-NCD,INE532F07IR7
79228,EFSL-9.40%-12-12-28-NCD,INE532F07IQ9
79249,LYNX MACHINERY & COMMERCIALS L,INE732D01014
79252,SHTPL-19%-30-9-28-PVT,INE23VL07011
79256,MODERN MALLEABLES LTD.,INE834C01028
79257,SDL TS 7.38% 2049,IN4520230454
79260,AEL-12-9-27-NCD,INE423A07377
79261,EFSL-9%-7-10-27-NCD,INE532F07IC9
79264,KFL-ZC-22-7-26-NCD,INE403Q07BR3
79266,SDL TS 7.38% 2043,IN4520230447
79267,SDL TS 7.44% 2046,IN4520230439
79268,EFSL-9.50%-7-10-28-NCD,INE532F07IB1
79269,AEL-12-9-26-NCD,INE423A07369
79270,SDL TS 7.36% 2050,IN4520230470
79272,TOUCHWOOD ENTERTAIN LTD.,INE486Y01013
79273,AEL-9.25%-12-9-26-NCD,INE423A07351
79274,EFSL-9.80%-7-10-35-NCD,INE532F07IE5
79275,GRAVITA INDIA LIMITED,INE024L01027
79276,INDRAYANI BIOTECH LTD.,INE007C01021
79277,SDL TS 7.37% 2041,IN4520230462
79278,AEL-9.90%-12-9-29-NCD,INE423A07344
79279,EFSL-9.58%-7-10-30-NCD,INE532F07ID7
79285,761TELSDL44,IN4520230017
79294,SUMITOMO CHEMICAL INDIA LIMITE,INE258G01013
79295,SDL TS 7.49% 2035,IN4520230413
79299,Parmax Pharma Limited,INE240T01014
79305,654RAJSDL30,IN2920200150
79309,EFSL-7-10-28-NCD,INE532F07IG0
79317,KPL-9%-25-3-34-TFBOND,INE363O07103
79320,SDL TS 7.59% 2046,IN4520230405
79332,EFSL-10.25%-7-10-35-NCD,INE532F07IF2
79333,KONARK SYNTHETIC LTD.,INE517D01019
79335,EFSL-9.67-12-12-35-NCD,INE532F07IJ4
79346,OIL INDIA LTD.,INE274J01014
79347,CFS-8.85%-6-7-29-PVT,INE539K07122
79350,659RJSDL30,IN2920200168
79354,EFSL-12-12-30-NCD,INE532F07II6
79355,SARLA PERF. FIBERS LTD,INE453D01025
79360,67RJSDL2050,IN2920200176
79365,SDL TS 7.46% 2045,IN4520230421
79366,AEL-9.30%-17-07-30-NCD,INE423A07393
79367,CFSL-8.70%-1-8-29-PVT,INE539K07130
79368,META INFOTECH LIMITED,INE162901016
79369,PACIFIC INDUSTRIES LTD.,INE883C01025
79370,AEL-12-9-29-NCD,INE423A07385
79371,EFSL-7-10-30-NCD,INE532F07IH8
79374,SDL AP 6.65% 2041,IN1020200532
79375,SDL JK 6.65% 2030,IN4920200123
79387,SDL TS 7.72% 2035,IN4520230298
79391,EFSL-10.04%-24-1-30-NCD,INE532F07GX9
79414,SDL TS 7.65% 2039,IN4520230280
79420,SDL AP 6.63% 2037,IN1020200540
79425,SEC RE NCD 8.75% SR.VII,INE148I07LS8
79432,SDL JK 6.64% 2036,IN4920200131
79434,EFSL-10.50%-24-1-30-NCD,INE532F07GW1
79443,SDL JK 6.99% 2031,IN4920200149
79445,SEC RE NCD 9.25% SR.VII,INE148I07LT6
79450,KFIL-9.5-17-4-26-NCD,INE403Q07CM2
79451,CITY PULSE MULTIVENTURES LIMIT,INE056001014
79452,SDL AP 6.65% 2040,IN1020200516
79456,EFSL-10%-24-1-28-NCD,INE532F07GZ4
79466,SDL JK 7.24% 2036,IN4920200156
79468,KFIL-ZC-17-10-26-NCD,INE403Q07CN0
79469,CCFSL-7.00%-12-11-27-PVT,INE539K07171
79474,EFSL-24-1-28-NCD,INE532F07GY7
79475,SEC RE NCD 8.43% SR.VIII,INE148I07LU4
79477,SDL AP 6.64% 2039,IN1020200524
79483,SEC RE NCD 8.89% SR.VIII,INE148I07LV2
79499,SDL AP 6.87% 2037,IN1020200573
79501,SDL TS 7.46% 2030,IN4520230256
79510,KFIL-10-17-4-27-NCD,INE403Q07CO8
79522,COSMO FIRST LIMITED,INE757A01017
79528,SDL TS 7.44% 2045,IN4520230249
79530,KFIL-ZC-17-8-29-NCD,INE403Q07CP5
79534,CCFSL-7.23%-1-8-31-PVT,INE539K07189
79541,SDL AP 7.22% 2037,IN1020200581
79544,SDL TS 7.49% 2044,IN4520230272
79549,SDL JK 6.8% 2035,IN4920200107
79554,SDL AP 6.9% 2032,IN1020200557
79564,SDL AP 6.89% 2035,IN1020200565
79569,SDL JK 6.7% 2032,IN4920200115
79571,SDL TS 7.55% 2032,IN4520230264
79577,SHREYAS INTERMEDIATES LTD.,INE115F01017
79578,CENTUM ELECTRONICS LTD,INE320B01020
79584,EFSL-24-1-27-NCD,INE532F07GP5
79588,GS19MAR2036,IN000336C031
79589,P S RAJ STEELS LIMITED,INE0XUS01012
79590,SDL HR 7.80% 2030,IN1620190208
79598,EFSL-9.50%-24-1-27-NCD,INE532F07GO8
79614,KSFL-ZC-29-9-28-NCD,INE403Q07CD1
79635,EFSL-11%-24-1-35-NCD,INE532F07GR1
79651,EFSL-9.57%-24-1-28-NCD,INE532F07GQ3
79673,MGICL-9.70%-20-3-34-PVT,INE312X08034
79675,BMW VENTURES LIMITED,INE965W01036
79680,EFSL-10.49%-24-1-35-NCD,INE532F07GT7
79681,INDOCO REMEDIES LTD.,INE873D01024
79683,GFL 8.75% 2027 SR A,INE02KN07022
79685,Bharti Hexacom Limited,INE343G01021
79694,SILVER OAK COMMERCIAL LTD.,INE798C01017
79704,EFSL-11%-24-1-35-STAGRD REDMPT,INE532F07GS9
79705,MGICL-9.70%-28-12-33-PVT,INE312X08026
79721,KSFL-9%-29-9-27-NCD,INE403Q07CH2
79722,SUMMIT SECURITIES LTD.,INE519C01017
79761,EFSL-24-1-30-NCD,INE532F07GV3
79782,GFL 8.60% 2027 SR C1,INE02KN07048
79809,MGICL-9.75%-20-3-24-PVT,INE312X08042
79810,EFSL-10.5%-24-1-30-STAGRD REDM,INE532F07GU5
79821,GFL 6M OIS LINK 2027 SRB,INE02KN07030
79833,ARCEE INDUSTRIES LTD.,INE276D01012
79837,SDL HR 6.96% 2040,IN1620190174
79846,DEEPAK NITRITE LTD.,INE288B01029
79855,Azad Engineering Limited,INE02IJ01035
79857,GFL 8.18% 2026 SR C3,INE02KN07063
79860,SEC RE NCD 8.75% SR.VII,INE148I07LB4
79864,SDL HR 7.03% 2040,IN1620190166
79868,EFSL-10%-30-04-28-NCD,INE532F07HI8
79886,TBILL LKD RESET 26 SR C2,INE02KN07055
79890,MENON BEARINGS LIMITED,INE071D01033
79895,RELIANCE MUTUAL FUND- RELIANCE,INF204KB1LK1
79901,SEC RE NCD 9.25% SR.VII,INE148I07LC2
79902,SDL HR 7.17% 2030,IN1620190158
79905,SDL HR 7.24% 2029,IN1620190190
79907,SEC RE NCD 8.43% SR.VIII,INE148I07LD0
79910,EFSL-10.04%-30-04-30-NCD,INE532F07HL2
79924,GFL 7.60% 2030 SR D1,INE02KN07089
79929,SFL 7.05% 2028 SR Z6,INE660A07SB0
79941,EFSL-30-04-27-NCD,INE532F07HK4
79944,SDL HR 7.12% 2040,IN1620190182
79949,GFL 8.35% 2028 SR C4,INE02KN07071
79950,RAJNISH RETAIL LIMITED,INE786J01033
79966,SEC RE NCD 8.89% SR.VIII,INE148I07LE8
79973,EFSL-9.57%-30-04-28-NCD,INE532F07HJ6
79974,RELIANCE MUTUAL FUND- RELIANCE,INF204KB1LI5
79979,KATI PATANG LIFESTYLE LIMITED,INE237C01016
79981,EFSL-9.75%-24-7-28-NCD,INE532F07HN8
79982,TITAGARH RAIL SYSTEMS LTD,INE615H01020
79996,EFSL-9%-24-7-27-NCD,INE532F07HM0
79997,SFL 7.05% 2028 SR Z5,INE660A07SA2
79998,GFL7.5% 2030 SRD3STRPPII,INE02KN07097
79999,REMI EDELSTAHL TUBULARS LIMITE,INE158G01015
80010,EFSL-10.5%-24-7-35-NCD,INE532F07HP3
80013,KFL-15-7-27-NCD,INE403Q07DC1
80025,SDL HR 7.17% 2029,IN1620190141
80026,EFSL-24-7-28-NCD,INE532F07HO6
80027,PULSAR INTERNATIONAL LTD.,INE183U01022
80041,KFL-15-5-30-NCD,INE403Q07DD9
80042,SDL TS 7.73% 2040,IN4520230330
80047,BHARATROHAN AIRBORNE INNOVATIO,INE0QMV01017
80049,EFSL-9.50%-30-04-27-NCD,INE532F07HA5
80053,SDL TS 7.72% 2036,IN4520230322
80054,BPCL-7.58%-17-3-26-PVT,INE029A08073
80064,KFL-9.5%-10-8-26-NCD,INE403Q07CU5
80067,SDL TS 7.74% 2035,IN4520230355
80071,EFSL-11%-30-04-35-NCD,INE532F07HC1
80080,KFL-10-2-27-NCD,INE403Q07CV3
80084,SDL TS 7.68% 2037,IN4520230348
80088,CFSL-7.50%-30-1-32-PVT,INE539K07205
80089,EFSL-11%-30-04-35-NCD,INE532F07HB3
80090,INLAND PRINTERS LTD.,INE055O01033
80091,KFL-9.25%-10-8-27-NCD,INE403Q07CW1
80106,CCFSL-8.15%-7-7-32-PVT,INE539K07221
80108,SDL JK 6.84% 2031,IN4920200164
80110,CFSL-7.30%-23-2-29-PVT,INE539K07213
80117,EFSL-30-04-30-NCD,INE532F07HE7
80125,A B INFRABUILD LIMITED,INE00YB01025
80128,KFL-10-12-29-NCD,INE403Q07CX9
80131,SDL AP 6.65% 2036,IN1020200508
80139,EFSL-10.50%-30-04-30-NCD,INE532F07HD9
80146,EFSL-30-04-28-NCD,INE532F07HH0
80158,SDL TS 7.67% 2045,IN4520230314
80165,CFSL-8.17%-14-10-32-PVT,INE539K07239
80170,BALRAMPUR CHINI MILLS LTD.,INE119A01028
80173,EFSL-10.49%-30-04-35-NCD,INE532F07HG2
80181,HATSUN AGRO PRODUCT LTD.,INE473B01035
80186,NIKITA GRENTEC RECYCL LTD,INE0FLF01015
80187,SDL TS 7.75% 2037,IN4520230306
80188,CCFSL-8.25%-29-3-28-PVT,INE539K07254
80192,CFSL-7.95%-24-11-32-PVT,INE539K07247
80195,SMC CREDITS LTD.,INE440E01012
80202,EFSL-10.50%-30-04-30-NCD,INE532F07HF4
80205,SDL TS 7.45% 2040,IN4520230173
80207,MFL-12.50%-24-03-29-PVT,INE296Q07126
80212,KFL-28-7-26-NCD,INE403Q07DM0
80215,CFSL-9.23%-22-7-27-PVT,INE539K07262
80227,SDL TS 7.45% 2030,IN4520230165
80228,CCFSL-9.03%-04-3-26-PVT,INE539K07270
80232,SEC RE NCD 9.55% SR.VII,INE148I07MV0
80235,COUNTRY CONDO S LIMITED,INE695B01025
80236,KFL-9%-28-4-26-NCD,INE403Q07DN8
80242,MFL-11.75%-25-06-27-PVT,INE296Q07134
80251,Mangalam Seeds Limited,INE829S01016
80253,848NHAI2028,INE906B07DB7
80255,SDL TS 7.43% 2041,IN4520230199
80260,SEC RE NCD 7.70% SR.III,INE219X07215
80265,SEC RE NCD 7.90% SR.III,INE219X07223
80272,EIPPL-ZC-3-10-27-PVT,INE368Y08018
80277,MBFL-10.25%-16-10-27-PVT,INE296Q07142
80278,STANPACKS (INDIA) LTD.,INE457D01018
80280,SDL TS 7.47% 2032,IN4520230181
80284,MFL-10.20%-28-11-27-PVT,INE296Q07159
80290,SEC RE NCD 7.60% SR.II,INE219X07207
80292,KFL-27-3-26-NCD,INE403Q07DP3
80294,CFSL-9%-10-2-35-PVT,INE539K07296
80297,CFSL-9.1%-13-12-29-PVT,INE539K07288
80315,CANF 7.24% 2028 SR 04,INE477A07431
80329,SDL TS 7.44% 2039,IN4520230132
80333,KFL-27-12-26-NCD,INE403Q07DQ1
80338,APL APOLLO TUBES LTD.,INE702C01027
80339,SDL AP 6.57% 2030,IN1020200219
80349,RAMGOPAL POLYTEX LTD.,INE410D01017
80377,SDL TS 7.43% 2050,IN4520230124
80381,GRM OVERSEAS LTD.,INE192H01020
80382,SDL AP 6.5% 2030,IN1020200227
80384,KFL-27-1-31-NCD,INE403Q07DR9
80398,NHAI-8.75%-5-2-29-NCD,INE906B07DF8
80406,SDL TS 7.34% 2046,IN4520230157
80408,HINDUSTAN OIL EXPLORATION,INE345A01011
80410,KFL-27-3-28-NCD,INE403Q07DS7
80420,GS19SEP2045,IN000945C039
80421,ALPHAGEO (INDIA) LIMITED,INE137C01018
80424,GEOJIT FINANCIAL SER L,INE007B01023
80426,SDL AP 6.54% 2030,IN1020200201
80428,SDL TS 7.34% 2044,IN4520230140
80432,690GOI65,IN0020250018
80444,NHAI-8.5%-5-2-29-NCD,INE906B07DE1
80455,OMAXE LTD.,INE800H01010
80484,KFL-15-4-26-NCD,INE403Q07DE7
80485,SDL AP 6.49% 2033,IN1020200250
80488,SDL AP 6.55% 2035,IN1020200268
80513,KFL-9.5%-15-1-27-NCD,INE403Q07DF4
80515,ADITYA SPINNERS LTD.,INE122D01026
80521,724GOI55,IN0020250075
80523,SDL AP 6.56% 2031,IN1020200235
80545,KFL-28-4-27-NCD,INE403Q07DG2
80553,KG DENIM LTD.,INE104A01012
80558,TRIVENI GLASS LTD.,INE094C01011
80560,SDL AP 6.48% 2032,IN1020200243
80571,SEC RE NCD 8.70% SR.VIII,INE148I07NA2
80578,MODI NATURALS LIMITED,INE537F01012
80580,GUJARAT CONTAINERS LTD.,INE276I01011
80582,KFL-28-10-27-NCD,INE403Q07DI8
80586,SDL AP 6.60% 2039,IN1020200292
80588,SHERA ENERGY LIMITED,INE0MM001019
80589,KFL-28-8-30-NCD,INE403Q07DJ6
80590,SEC RE NCD 9.15% SR.VIII,INE148I07MZ1
80591,NCL INDUSTRIES LIMITED,INE732C01016
80596,SDL AP 6.5% 2038,IN1020200276
80623,Valencia Nutrition Limited,INE08RT01016
80627,ASAHI INDIA GLASS LTD.,INE439A01020
80630,SEC RE NCD 9.05% SR.VII,INE148I07MD8
80637,GLOBUS CONSTRUCTORS & DEVELOPE,INE064L01015
80643,SEC RE NCD 9.55% SR.VII,INE148I07ME6
80658,SDL AP 6.48% 2027,IN1020200193
80660,KFL-ZC-17-5-31-NCD,INE403Q07EA3
80674,ISL 7.45% 2028 SR 1,INE763G08967
80682,KFL-ZC-17-4-27-NCD,INE403Q07EB1
80701,CAPROLACTAM CHEMICALS LTD.,INE470N01010
80715,KFL-ZC-17-7-28-NCD,INE403Q07EC9
80738,GUFIC BIOSCIENCES LTD.,INE742B01025
80739,KFL-10%-17-1-28-NCD,INE403Q07ED7
80741,VSF PROJECTS LTD.,INE923K01014
80751,ZODIAC ENERGY LIMITED,INE761Y01019
80761,INFIBEAM AVENUES LIMITED,INE483S01020
80782,KFL-8.75%-25-4-26-NCD,INE403Q07EF2
80789,709TLSDL63,IN4520250254
80799,SEC RE NCD 9.15% SR.VIII,INE148I07ML1
80803,KFL-9.25%-27-9-26-NCD,INE403Q07DU3
80808,SDL TS 7.44% 2039,IN4520230215
80812,SEC RE NCD 7.97% SR.VI,INE219X07280
80819,KFL-10%-27-9-27-NCD,INE403Q07DV1
80830,RELIANCE MUTUAL FUND- RELIANCE,INF204KB1IM3
80831,SDL GJ 7.24% 2029,IN1520190142
80834,SDL TS 7.45% 2047,IN4520230207
80841,CFSL-3Months T Bill+250 basis ,INE539K07304
80842,SEC RE NCD 7.72% SR.VI,INE219X07272
80862,SDL TS 7.46% 2042,IN4520230231
80872,CFSL-8.24%-15-6-27-PVT,INE539K07320
80875,CFSL-8.49%-19-09-30-PVT,INE539K07312
80888,SDL TS 7.4% 2043,IN4520230223
80897,RELIANCE MUTUAL FUND- RELIANCE,INF204KB1IK7
80903,KFL-9.25%-17-1-27-NCD,INE403Q07DY5
80904,SDL GJ 7.17% 2030,IN1520190191
80905,THAKKERS GROUP LIMITED,INE04VT01017
80906,CFSL-8.37%-15-3-28-PVT,INE539K07338
80909,AESTHETIK ENGINEERS LTD,INE0TSF01011
80915,KFL-ZC-17-7-26-NCD,INE403Q07DZ2
80920,SDL GJ 7.17% 2030,IN1520190183
80928,SANJIVANI PARANTERAL LTD.,INE860D01013
80929,SEC RE NCD 7.49% SR.IV,INE219X07231
80930,D K ENTERPRISES GLOBAL L,INE0GN101014
80944,SDL GJ 7.18% 2030,IN1520190175
80945,SEC RE NCD 8.20% SR.V,INE219X07264
80946,SDL GJ 7.28% 2029,IN1520190167
80947,MFL-12.55%-25-11-27,INE296Q07100
80948,GOI STRIPS P 220261,IN000261P017
80954,MFL-11.75%-13-3-27-PVT,INE296Q07118
80958,SEC RE NCD 8.70% SR.VIII,INE148I07MK3
80960,SEC RE NCD 7.69% SR.IV,INE219X07249
80961,SDL GJ 7.26% 2029,IN1520190159
80962,SEC RE NCD 7.95% SR.V,INE219X07256
80969,NHAI-7.28%-18-9-30-PVT,INE906B07EF6
80977,SDL TS 7.32% 2049,IN4520230058
80978,IIFL CAPITAL SERVICES LTD,INE489L01022
80979,SEC RE NCD 9.71% SR.VIII,INE148I07NV8
80980,KFL-6-8-31-NCD,INE403Q07EO4
80984,JUPITER INDUSTRIES & LEASING L,INE990E01016
80995,SDL AP 6.60% 2040,IN1020200300
80997,SDL TS 7.32% 2048,IN4520230041
80998,HEXAWARE TECHNOLOGIES LTD,INE093A01041
81003,743GOI2076,IN0020250117
81005,KFL-6-8-28-NCD,INE403Q07EP1
81006,SEC RE NCD 9.65% SR.VII,INE148I07NW6
81013,SDL TS 7.36% 2041,IN4520230074
81021,SEC RE NCD 9.25% SR.VIII,INE148I07NX4
81023,SEC RE NCD SR.VI,INE148I07NY2
81024,KFL-6-2-27-NCD,INE403Q07EQ9
81025,INDIAN SUCROSE LTD.,INE557C01017
81026,QUANT AMC - QSIFHRG,INF966L30084
81034,SDL TS 7.39% 2039,IN4520230066
81037,KFL-6-11-27-NCD,INE403Q07ER7
81038,QUANT AMC - QSIFHDG,INF966L30076
81040,SDL AP 6.68% 2035,IN1020200334
81057,KFL-9.25%-6-8-26-NCD,INE403Q07ES5
81061,SDL TS 7.61% 2044,IN4520230017
81067,CAN FIN 8.25% 2027,INE477A07381
81069,NHAI-7.6%-11-1-31-TAXFREENCD,INE906B07EJ8
81083,SDL AP 6.68% 2039,IN1020200342
81086,KFL-10%-6-8-27-NCD,INE403Q07ET3
81091,MFL-13.15%-21-2-26-PVT,INE296Q07050
81092,NHAI-7.35%-11-1-31-TAXFREENCD,INE906B07EI0
81100,KFL-10.25%-6-8-29-NCD,INE403Q07EU1
81104,SDL TS 7.46% 2048,IN4520230033
81114,SDL AP 6.77% 2040,IN1020200318
81120,WALPAR NUTRITIONS LIMITED,INE0G2G01015
81123,MFL-12%-11-11-26-PVT,INE296Q07068
81137,AIL 8.40% 2028,INE101I08081
81141,SDL TS 7.43% 2033,IN4520230025
81147,KFL-11%-1-6-26-PVT,INE403Q07EV9
81150,750GOI2034,IN0020040039
81160,MFL-12.50%-13-3-28-PVT,INE296Q07076
81163,774TELSD51,IN4520250346
81179,BEML Land Assets Limited,INE0N7W01012
81181,KFL-ZC-25-10-28-NCD,INE403Q07EG0
81187,MFL-12.50%-07-12-26-PVT,INE296Q07084
81189,MFL-12%-3-3-27-PVT,INE296Q07092
81195,SIDH AUTOMOBILES LIMITED,INE403L01015
81197,Asian Warehousing Limited,INE04Z101016
81199,KFL-ZC-25-8-31-NCD,INE403Q07EH8
81200,SDL AP 7.0% 2039,IN1020200383
81203,GS22FEB35C,IN000235C019
81207,SDL AP 6.85% 2036,IN1020200359
81208,SEC RE NCD 9.90% SR.IV,INE148I07OB8
81209,KFL-ZC-25-7-27-NCD,INE403Q07EI6
81210,GKB OPHTHALMICS LTD.,INE265D01015
81211,SDL AP 6.87% 2038,IN1020200367
81212,CAN FIN 8.18% 2029,INE477A07399
81213,754TGSDL55,IN4520250338
81214,BASILIC FLY STUDIO LTD,INE0OCC01013
81215,POLYLINK POLYMERS (INDIA) LTD.,INE323D01020
81216,KFL-ZC-25-10-26-NCD,INE403Q07EJ4
81223,SEC RE NCD 9.48% SR.V,INE148I07NZ9
81225,JSW ENERGY LIMITED,INE121E01018
81228,SDL TS 7.4% 2045,IN4520230090
81232,SDL TS 7.35% 2045,IN4520230082
81235,BARTRONICS INDIA LIMITED,INE855F01042
81236,KFL-9.50%-25-4-27-NCD,INE403Q07EL0
81243,Mercury Laboratories Limited,INE947G01011
81246,CAN FIN HOMES LTD.,INE477A01020
81247,KFL-10%-25-4-28-NCD,INE403Q07EM8
81248,PRITIKA AUTO INDUS LTD,INE583R01029
81251,SDL AP 7.1% 2037,IN1020200391
81263,JSW STEEL LIMITED,INE019A01038
81274,SDL PY 7.48% 2036,IN3820250030
81278,KFL-11-6-26-NCD,INE403Q07FA0
81297,Bharat Wire Ropes Limited,INE316L01019
81307,SEC RE NCD 9.80% SR.VII,INE148I07NG9
81313,KFL-11-12-28-NCD,INE403Q07FB8
81319,SDL PY 7.09% 2040,IN3820250014
81330,KFL-11-12-31-NCD,INE403Q07FC6
81336,773RJ2027,IN2920160420
81344,WIM PLAST LTD.,INE015B01018
81345,SDL PY 7.09% 2031,IN3820250022
81356,KFL-11-6-27-NCD,INE403Q07FD4
81364,SDL MN 6.9% 2030,IN2320190043
81366,SDL JH 7.28% 2037,IN3720210035
81377,KFL-10%-31-12-26-PVT,INE403Q07FE2
81382,SERENCD8.55%SR.IIICI&II,INE306N07LL7
81386,SDL JH 7.35% 2038,IN3720210043
81390,SEC RE NCD 7.45% SR.II,INE219X07199
81396,VARDHMAN HOLDINGS LIMITED,INE701A01023
81400,INDOGULF CROPSCIENCES LTD,INE05J901018
81401,KFL-14-7-28-NCD,INE403Q07FF9
81405,SADHAV SHIPPING LIMITED,INE0K5H01010
81408,SDL JH 6.87% 2031,IN3720210019
81409,SDL MN 7.05% 2030,IN2320190068
81411,SDL PY 7.56% 2035,IN3820250055
81414,SDL PY 7.14% 2030,IN3820250048
81428,JINDAL POLY INVESTMENT AND FIN,INE147P01019
81432,SEC RE NCD 9.39% SR.VIII,INE148I07ND6
81433,KFL-9.5%-14-4-27-NCD,INE403Q07FG7
81440,SDL JH 7.0% 2033,IN3720210027
81445,SDL MN 6.99% 2030,IN2320190050
81450,KFL-10%-14-4-28-NCD,INE403Q07FH5
81460,MENON BEARINGS LTD.,INE071D01033
81465,Magenta Lifecare Limited,INE0QZ901011
81466,SEC RE NCD 8.94% SR.VIII,INE148I07NN5
81470,KFL-11-3-28-NCD,INE403Q07EW7
81478,VAKRANGEE LIMITED,INE051B01021
81491,KFL-9.25%-11-12-26-NCD,INE403Q07EX5
81495,SDL MN 6.95% 2030,IN2320190076
81501,SAMKRG PISTONS & RINGS LTD.,INE706B01012
81502,EMAMI REALTY LIMITED,INE778K01012
81508,QUANT AMC - QSIFHRR,INF966L30126
81511,KFL-10%-11-12-27-NCD,INE403Q07EY3
81513,Amrapali Fincap Limited,INE990S01016
81514,RAMCO INDUSTRIES LIMITED,INE614A01028
81516,SERENCD8.65%SR.IIICIII&IV,INE306N07LM5
81524,SDL TS 7.47% 2041,IN4520230116
81526,KFL-10.25%-11-12-29-NCD,INE403Q07EZ0
81544,SDL TS 7.39% 2051,IN4520230108
81551,CANF 8.20% 2027 SR 03,INE477A07423
81562,CANF 8.09% 2027 SR 2,INE477A07415
81581,CANF 7.90% 2030 SR 1,INE477A07407
81633,MSTC Limited,INE255X01014
81636,SDL KA 7.08% 2034,IN1920240067
81639,KAKATIYA CEMENT SUGAR & INDUST,INE437B01014
81641,KFL-10%-31-12-27-PVT,INE403Q07FQ6
81645,SDL KA 7.12% 2033,IN1920240059
81676,KFL-23-9-29-NCD,INE403Q07FR4
81684,DATA PATTERNS INDIA LTD,INE0IX101010
81696,KFL-23-1-29-NCD,INE403Q07FS2
81697,SDL KA 7.1% 2032,IN1920240042
81698,IGARASHI MOTORS INDIA LTD,INE188B01013
81699,GUJARAT RAFFIA INDUST LTD,INE610B01024
81705,AIRAN LIMITED,INE645W01026
81713,KFL-23-1-27-NCD,INE403Q07FT0
81715,SDL KA 7.0% 2030,IN1920240034
81718,SDL KA 6.9% 2027,IN1920240026
81719,Ishan Dyes and Chemicals Limit,INE561M01018
81736,SEC RE NCD 9.71% SR VIII,INE148I07OT0
81737,KFL-10%-23-7-30-NCD,INE403Q07FU8
81742,SDL KA 6.95% 2028,IN1920240018
81757,SEC RE NCD 9.25% SR VIII,INE148I07OU8
81763,KFL-23-7-32-NCD,INE403Q07FV6
81777,KFL-10%-23-1-29-NCD,INE403Q07FW4
81780,SRGHFL-11.52%-24-4-31-PVT,INE559N07066
81797,KFL-10%-23-7-28-NCD,INE403Q07FX2
81798,CRYSTAL BUSINESS SYSTEM LIMITE,INE994R01028
81807,SRGHFL-11.52%-01-03-31-PVT,INE559N07058
81808,Galactico Corporate Services L,INE906Y01028
81811,SEC RE NCD 10.15% SR VII,INE148I07OW4
81815,LG BALAKRISHNAN & BROS,INE337A01034
81817,SDL MH 6.89% 2031,IN2220210156
81826,SDL AP 7.98% 2031,IN1020200011
81835,KFL-14-4-28-NCD,INE403Q07FI3
81854,PIRAMAL PHARMA LIMITED,INE0DK501011
81857,SDL MH 6.89% 2032,IN2220210149
81858,KFL-14-4-32-NCD,INE403Q07FJ1
81867,SUBEX LTD.,INE754A01055
81881,KFL-14-4-29-NCD,INE403Q07FK9
81884,SDL MH 6.94% 2031,IN2220210172
81886,VRL LOGISTICS LIMITED,INE366I01010
81896,SDL MH 6.95% 2032,IN2220210164
81902,BLUE CHIP INDIA LIMITED,INE657B01025
81903,KFL-10.25%-14-4-30-NCD,INE403Q07FL7
81921,SDL MH 6.95% 2031,IN2220210198
81928,KFL-14-10-26-NCD,INE403Q07FM5
81937,SDL KA 7.15% 2036,IN1920240091
81944,KFL-10%-12-3-27-PVT,INE403Q07FN3
81946,NELCO LTD,INE045B01015
81947,SDL MH 7.01% 2032,IN2220210180
81951,South West Pinnacle Exploratio,INE980Y01015
81960,SDL KA 7.10% 2035,IN1920240083
81965,AUTOMOBILE PRODUCTS OF INDIA L,INE0NY101012
81974,SDL KA 7.09% 2035,IN1920240075
81975,EVEREST KANTO CYLINDERLTD,INE184H01027
81982,ROUTE MOBILE LIMITED,INE450U01017
81990,KFLD-10.62%-7-2-28-PVT,INE403Q07GC4
81993,SEC RE NCD 10.15% SR.VII,INE148I07OH5
81995,OSWAL AGRO MILLS LTD.,INE142A01012
82005,ROCKINGDEALS CIRCU ECO L,INE0PTR01012
82011,TATA COMMUNICATIONS LTD,INE151A01013
82012,KFL-10%-31-05-28-PVT,INE403Q07GD2
82027,TAMILNADU STEEL TUBES LTD.,INE176E01012
82039,KFL-10%-30-11-27-PVT,INE403Q07GE0
82066,KFL-10%-29-8-27-PVT,INE403Q07GF7
82076,SBFCFL-9%-13-5-27-PVT,INE423Y07104
82078,GOI LOAN 6.79% 2027,IN0020170026
82088,SDL MH 6.8% 2031,IN2220210115
82102,KFL-09-01-30-NCD,INE403Q07GG5
82126,SDL MH 6.86% 2032,IN2220210107
82140,KFL-09-11-32-NCD,INE403Q07GH3
82149,GOI LOAN 6.68% 2031,IN0020170042
82153,SDL MH 6.83% 2031,IN2220210131
82160,KFL-09-11-28-NCD,INE403Q07GI1
82167,SDL MH 6.83% 2032,IN2220210123
82175,KFL-9.50%-09-11-08-NCD,INE403Q07GJ9
82176,SUNRAKSHAKK INDUSTRIES INDIA L,INE671K01027
82177,KFL-23-7-28-NCD,INE403Q07FY0
82178,SEC RE NCD 9.48% SR V,INE148I07OP8
82186,RMC SWITCHGEARS LIMITED,INE655V01019
82197,KFL-10.62%-09-07-27-PVT,INE403Q07FZ7
82199,SEC RE NCD 9.02% SR V,INE148I07OQ6
82207,ORGANIC RECYCLING SYSTEMS LIMI,INE0MIO01019
82208,SFL-20-8-27-PVT,INE423Y07138
82214,SFL-9%-4-2-30-PVT,INE423Y07120
82223,SEC RE NCD 9.90% SR IV,INE148I07OR4
82233,SEC RE NCD SR VI,INE148I07OS2
82234,GAJANAN SECURITIES SERVICES LT,INE868G01019
82235,CHOICE INTERNATIONAL LTD.,INE102B01014
82252,GS06NOV51,IN001151C017
82267,SEC RE NCD 9.40% SR IV,INE148I07ON3
82276,VERANDA LEARNING SOL LTD,INE0IQ001011
82290,KFL-10.62%-09-07-27-PVT,INE403Q07GA8
82293,ROYAL INDIA CORPORATION LIMITE,INE510H01015
82307,KFL-10.62%-7-8-28-PVT,INE403Q07GB6
82319,830NHAI27,INE906B07CB9
82332,SDL KA 7.10% 2033,IN1920240182
82334,SEC RE NCD 9.48% SR V,INE148I07PZ4
82340,EMKAY TAP & CUT. TOOL LTD,INE332S01011
82353,SDL KA 7.10% 2032,IN1920240174
82357,SBFCFL-RESET RATE-4-3-27-PVT,INE423Y07096
82358,SDL PN 6.8% 2026,IN2820200052
82372,SDL KA 7.15% 2043,IN1920240166
82382,Hitech Corporation Limited,INE120D01012
82383,SDL KA 7.15% 2042,IN1920240158
82405,695RJSDL31,IN2920200655
82414,SDL KA 7.16% 2040,IN1920240141
82415,SEC RE NCD 10.25% SR XII,INE148I07PV3
82416,UNS RED NCD SR. X,INE148I08272
82419,NIBE LIMITED,INE149O01018
82422,ADITYA BIRLA REAL ESTATE LIMIT,INE055A01016
82442,SDL KA 7.12% 2036,IN1920240133
82451,SDL KA 7.11% 2035,IN1920240125
82472,SEC RE NCD 9.40% SR IV,INE148I07PX9
82476,SDL KA 7.09% 2030,IN1920240117
82480,705RAJSDL31,IN2920200689
82493,SEC RE NCD 9.90% SR IV,INE148I07PY7
82496,703RJSDL36,IN2920200698
82497,SDL KA 7.07% 2029,IN1920240109
82500,SDL AP 6.39% 2026,IN1020200136
82501,SDL MH 6.84% 2032,IN2220210032
82502,SEC RE NCD 10.03% SR X,INE148I07QD9
82503,KFL-10%-09-11-30-NCD,INE403Q07GK7
82504,SDL MH 6.87% 2033,IN2220210024
82505,SDL AP 6.55% 2028,IN1020200144
82506,SEC RE NCD 9.02% SR V,INE148I07QE7
82507,KFL-9.75%-09-05-29-NCD,INE403Q07GL5
82508,ADANI TOTAL GAS LIMITED,INE399L01023
82509,SDL MH 6.83% 2032,IN2220210057
82512,Rithwik Facility Management Se,INE819Y01015
82515,SDL AP 6.35% 2027,IN1020200110
82521,SRU Steels Limited,INE425C01017
82522,COAL INDIA LTD,INE522F01014
82528,KFL-09-05-29-NCD,INE403Q07GM3
82541,SDL AP 6.72% 2028,IN1020200128
82544,KFL-09-05-27-NCD,INE403Q07GN1
82546,SDL MH 6.88% 2033,IN2220210040
82547,CONTROL PRINT LTD.,INE663B01015
82558,GARDEN REACH SHIP&ENG LTD,INE382Z01011
82563,BAJAJ FINANCE LIMITED,INE296A01032
82565,Bajaj Finserv Mutual Fund,INF0QA701714
82566,SDL PN 6.65% 2050,IN2820200086
82569,SDL MH 6.78% 2031,IN2220210073
82573,NBCC (INDIA) LIMITED,INE095N01031
82585,SDL MH 6.87% 2033,IN2220210065
82590,SDL PN 6.42% 2030,IN2820200094
82591,SEC RE NCD SR VI,INE148I07QA5
82595,DYNAMIC SRVCS & SEC LTD,INE0DZ701010
82604,SDL MH 6.81% 2031,IN2220210099
82607,GREENCREST FINANCIAL SERVICES,INE414C01045
82608,UNISON METALS LTD,INE099D01026
82609,ASHIANA AGRO INDUSTRIES LTD.,INE709D01012
82610,SDL PN 6.72% 2030,IN2820200060
82611,SEC RE NCD SR VI,INE148I07QB3
82615,SDL AP 6.58% 2030,IN1020200169
82618,SDL KA 7.22% 2036,IN1920240190
82628,SDL PN 6.7% 2030,IN2820200078
82629,SEC RE NCD 9.57% SR X,INE148I07QC1
82631,SDL MH 6.83% 2032,IN2220210081
82636,KTL-9.14%-25-4-30-PVT,INE945S07157
82647,KTL-9.14%-25-4-31-PVT,INE945S07165
82648,MODERN SHARES & STOCKBROKERS L,INE370A01019
82649,AIMTRON ELECTRONICS LTD,INE0RUV01018
82650,General Insurance Corporation ,INE481Y01014
82659,SEC RE NCD 9.65% SR VII,INE148I07PK6
82663,PALRED TECHNOLOGIES LIMITED,INE218G01033
82664,KTL-9.14%-25-4-32-PVT,INE945S07173
82665,SEC RE NCD 10.15% SR VII,INE148I07PL4
82666,SDL AR 7.24% 2045,IN1120240032
82667,SDL AP 6.70% 2026,IN1020200078
82668,ARISTO BIO T AND LIFESC L,INE082101010
82678,SEC RE NCD 9.25% SR VIII,INE148I07PM2
82679,PREMIUM CAPITAL MARKET & INVES,INE555D01019
82680,PLUM258-9.4%-20-8-28-PTC,INE1SYA15010
82687,Bajaj Finserv Mutual Fund,INF0QA701722
82690,SDL AP 6.90% 2027,IN1020200086
82691,KTL-9.50%-25-4-33-PVT,INE945S07181
82700,KTL-9.5%-25-4-34-PVT,INE945S07199
82702,SDL AR 7.16% 2044,IN1120240016
82712,SDL AR 7.11% 2044,IN1120240024
82715,HINDUSTAN AERONAUTICS LTD,INE066F01020
82720,SDL MH 6.82% 2032,IN2220210016
82721,UNISEM AGRITECH LIMITED,INE1FHV01026
82728,POLYTEX INDIA LTD.,INE012F01016
82732,UNS RED NCD 8.79% SR.VIII,INE148I08231
82734,SDL KA 7.13% 2041,IN1920240216
82743,SEC RE NCD 10.50% SR IX,INE148I07PS9
82744,UNS RED NCD 9.0% SR. IX,INE148I08249
82749,TRANSRAIL LIGHTING LTD,INE454P01035
82753,SDL KA 7.15% 2038,IN1920240208
82765,SEC RE NCD 10.75% SR XI,INE148I07PT7
82767,UNS RED NCD 9.15% SR.IX,INE148I08256
82795,SEC RE NCD 9.80% SR XII,INE148I07PU5
82796,ACE SOFTWARE EXPORTS LTD.,INE849B01010
82797,SDL KL 7.56% 2044,IN2020250220
82819,V2 RETAIL LTD.,INE945H01013
82822,SEC RE NCD 10.00% SR IX,INE148I07PN0
82823,GALAXY MEDICARE LIMITED,INE09A801015
82824,KTL-8.8%-25-4-26-PVT,INE945S07116
82825,RELIANCE INDUSTRIES LTD,INE002A01018
82827,SUPREME PETROCHEM LIMITED,INE663A01033
82830,VERITAS (INDIA) LTD.,INE379J01029
82836,SDL KL 7.6% 2042,IN2020250212
82840,SEC RE NCD 9.71% SR VIII,INE148I07PO8
82843,KTL-8.8%-25-4-27-PVT,INE945S07124
82853,SDL KL 7.45% 2050,IN2020250204
82857,KTL-9.14%-25-4-28-PVT,INE945S07132
82858,SEC RE NCD 10.25% SR XI,INE148I07PP5
82860,MENON PISTONS LTD.,INE650G01029
82861,DSRPL-ZC-15-12-2026-PVT,INE815R07022
82879,KTL-9.14%-25-4-29-PVT,INE945S07140
82895,SONAM LIMITED,INE00LM01029
82902,SAVANI FINANCIALS LTD.,INE304E01010
82904,NK INDUSTRIES LTD,INE542C01019
82906,SDL JK 7.55% 2038,IN4920220097
82907,ORIENT HOTELS LTD,INE750A01020
82909,NABARD-6.45%-11-4-31-PVT,INE261F08CJ1
82912,AJC Jewel Manufacturers Limite,INE0XRR01010
82913,724RAJSDL36,IN2920200747
82914,NHAI-7.27%-24-2-35-PVT,INE906B07HL7
82916,NHAI-7.54%-27-1-30-PVT,INE906B07HK9
82918,Senco Gold Limited,INE602W01027
82922,SDL JK 7.7% 2037,IN4920220089
82932,RELIANCE FIXED HORIZON FUND XX,INF204KB1DJ0
82938,GS06NOV49,IN001149C011
82939,NABARD-6.59%-12-11-35-PVT,INE261F08CL7
82941,RAJ OIL MILLS LTD.,INE294G01026
82946,SEC RE NCD 9.8% SR XII,INE148I07RA3
82947,7.87%-NHAL-09-12-2034-PVT,INE906B07HI3
82949,SEC RE NCD 10.03% SR X,INE148I07QX7
82951,SDL JK 7.77% 2037,IN4920220055
82952,RELIANCE FIXED HORIZON FUND- X,INF204KB1DP7
82961,NHAI-7.35%-28-4-30-PVT,INE906B07HP8
82962,Generic Engineering Constructi,INE854S01022
82963,HUDCL-6.98%-12-12-32-PVT,INE031A08AA2
82964,SDL JK 7.57% 2034,IN4920220048
82965,SEC RE NCD 10.25% SR XI,INE148I07QY5
82966,BHARAT SEATS LIMITED,INE415D01024
82967,SEC RE NCD 10.75% SR XI,INE148I07QZ2
82969,NHAI-7.82%-30-3-35-PVT,INE906B07HO1
82972,KRN HEAT EXCHANGER AND REFRIGE,INE0Q3J01015
82974,SDL JK 7.61% 2042,IN4920220071
82985,NHAI-7.52%-19-3-36-PVT,INE906B07HN3
82990,SDL JK 7.68% 2037,IN4920220063
82991,NABARD-6.42%-25-11-30-PVT,INE261F08CO1
82992,KSL-21-10-26-CP,INE07HK14458
82994,AARTI DRUGS LTD.,INE767A01016
83005,NELCAST LIMITED,INE189I01024
83006,NHAI-8.36%-20-5-29-PVT,INE906B07HD4
83007,ROSSELL INDIA LTD.,INE847C01020
83009,DHRUVA-9.5%-24-10-29-PTC,INE139015015
83011,Gujarat Gas Limited,INE844O01030
83012,RELIANCE FIXED HORIZON FUND- X,INF204KB1DT9
83013,NABARD-6.87%-8-3-30-PVT,INE261F08CB8
83016,KSL-16-07-26-CP,INE07HK14433
83026,SEC RE NCD 9.4% SR IV,INE148I07RG0
83027,RELIANCE FIXED HORIZON FUND XX,INF204KB1DR3
83028,SDL JK 8.06% 2037,IN4920220030
83029,Paul Merchants Ltd.,INE291E01019
83030,JASCH GAUGING TECHNOLOGIES LIM,INE0QXV01014
83031,SDL JK 7.72% 2032,IN4920220022
83032,KSL-11-6-26-CP,INE07HK14417
83034,NHAI-7.70%-13-9-29-PVT,INE906B07HH5
83036,BAYER CROPSCIENCE LTD,INE462A01022
83044,RAINBOW CHILDRENS MED LTD,INE961O01016
83052,SEC RE NCD 10.25% SR XII,INE148I07RB1
83055,AMBALAL SARABHAI ENTERPRISES L,INE432A01017
83062,SAVITA OIL TECHNOLO. LTD,INE035D01020
83075,KG PETROCHEM LTD.,INE902G01016
83079,NABARD-6.65%-25-5-35-PVT,INE261F08CE2
83081,697RJSDL51,IN2920200713
83089,RELIANCE FIXED HORIZON FUND XX,INF204KB1DV5
83091,NHAI-7.80%-26-6-29-PVT,INE906B07HF9
83103,NABARD-6.79%-25-6-35-PVT,INE261F08CH5
83106,Brisk Technovision Limited,INE0Q6L01014
83109,NHAI-7.92%-6-6-29-PVT,INE906B07HE2
83121,Indus Finance Limited,INE935D01013
83122,PEARL POLYMERS LTD.,INE844A01013
83126,NABARD-7.43%-31-01-30-PVT,INE261F08BX4
83129,HLFL-8%-25-08-28-PVT,INE146O07573
83140,SEC RE NCD 9.02% SR V,INE148I07QM0
83142,V MARC INDIA LIMITED,INE0GXK01018
83144,HLFL-7.89%-27-8-27-PVT,INE146O07581
83146,INDRAPRASTHA GAS LTD,INE203G01027
83163,NABARD-7.27%-14-2-30-PVT,INE261F08BZ9
83164,HLFL-8.12%-14-1-31-PVT,INE146O07599
83165,Bajaj Finserv Mutual Fund,INF0QA701854
83166,SRI KPR INDUSTRIES LTD.,INE009C01019
83167,SEC RE NCD SR VI,INE148I07QO6
83168,KAUSHALYA LOGISTICS LTD,INE0Q2V01012
83169,SEC RE NCD 9.4% SR IV,INE148I07QH0
83170,KFC-8.89%-13-3-32-PVT,INE818F07278
83173,KFC-8.89%-13-3-31-PVT,INE818F07260
83175,SEC RE NCD 9.9% SR IV,INE148I07QI8
83176,KFC-8.89%-13-3-33-PVT,INE818F07294
83177,PCBL-8.79%-23-1-29-PVT,INE602A07020
83179,KFC-8.89%-13-3-34-PVT,INE818F07286
83180,Zuari Industries Limited,INE217A01012
83181,SAKUMA EXPORTS LTD.,INE190H01024
83182,SEC RE NCD 9.48% SR V,INE148I07QK4
83183,KFL-8.63%-29-3-30-PVT,INE818F07237
83188,SEC RE NCD 9.71% SR VIII,INE148I07QT5
83196,NABARD-7.83%-17-10-34-PVT,INE261F08BP0
83220,Chemplast Sanmar Limited,INE488A01050
83238,SHAH FOODS LTD.,INE455D01012
83249,MEGA CORPORATION LTD.,INE804B01023
83257,NHAI-8.179%-29-3-49-PVT,INE906B07GQ8
83268,KFL-8.63%-30-3-29-PVT,INE818F07229
83272,HLFL-9%-14-11-27-PVT,INE146O07508
83282,NABARD-7.50%-17-11-34-PVT,INE261F08BR6
83283,KFC-8.89%-13-3-30-PVT,INE818F07252
83284,SEC RE NCD 10.5% SR IX,INE148I07QV1
83289,NHAI-8.27%-28-3-29-PVT,INE906B07GP0
83300,HLFL-8.80%-17-12-29-PVT,INE146O07516
83312,KFL-8.63%-31-3-32-PVT,INE818F07245
83313,Kalyani Cast-Tech Limited,INE0N6U01018
83321,NHAI-8.49%-5-2-29-PVT,INE906B07GO3
83340,SEC RE NCD SR VI,INE148I07QP3
83341,NABARD-7.78%-20-12-2034-PVT,INE261F08BT2
83344,INANI SECURITIES LTD.,INE224C01014
83353,HLFL-8.8%-11-4-30-PVT,INE146O07532
83373,UNSE RE NCD 9.75% SR.IX,INE148I08322
83378,SEC RE NCD 9.65% SR VII,INE148I07QQ1
83387,HLFL-8.50%-6-5-30-PVT,INE146O07540
83391,NEWGEN SOFTWARE TECH LTD,INE619B01017
83404,SHIPPING CORP OF INDIA LT,INE109A01011
83416,Corona Remedies Limited,INE02ZQ01018
83417,SEC RE NCD 10.15% SR VII,INE148I07QR9
83418,KFL-8.63%-31-3-31-PVT,INE818F07211
83421,NABARD-7.57%-3-1-35-PVT,INE261F08BV8
83425,UNSE RE NCD 8.89% SR.X,INE148I08330
83433,HLFL-8.40%-6-5-27-PVT,INE146O07557
83449,KFL-8.63%-24-3-33-PVT,INE818F07203
83450,UNSE RE NCD 9.35% SR.X,INE148I08348
83451,SURAKSHA DIAGNOSTIC LIMITED,INE877V01027
83456,SEC RE NCD 9.25% SR VIII,INE148I07QS7
83457,JAIPRAKASH POWER VENTURES LIMI,INE351F01018
83458,VARYAA CREATIONS LIMITED,INE0R6801013
83468,HLFL-8%-30-6-27-PVT,INE146O07565
83477,HAPPY FORGINGS LIMITED,INE330T01021
83482,IDBI-SRI-9.56%-13-06-29-PVT,INE008A08R30
83484,SIDBI28 6.66% 2028 SR I,INE556F08KZ3
83485,ANKIT MET & POW LTD,INE106I01010
83486,SIDBI 7.39% 2030 SR IX,INE556F08KY6
83487,UNITED BREWERIES LTD.,INE686F01025
83488,Dixon Technologies (India) Lim,INE935N01020
83497,AARTECH SOLONICS LIMITED,INE01C001026
83502,GS12JUN48D,IN000648C047
83503,MANGAL ELECTRICAL IND L,INE0PKD01011
83504,SEC RE NCD 9.25% SR I,INE148I07SA1
83505,SHARMA EAST INDIA HOSPITALS &,INE465H01012
83516,IOCL 7.36% 2029 SR 26,INE242A08551
83517,CHANDAN HEALTHCARE LTD,INE0B2N01016
83532,NHAI-7.28%-8-3-39-PVT,INE906B07IK7
83544,SEC RE NCD 8.88% SR II,INE148I07SB9
83545,SEC RE NCD 9.25% SR II,INE148I07SC7
83546,IOCL 7.25% 2030 SR 27,INE242A08569
83554,IDBI-9.67%-26-09-2029-PVT,INE008A08R71
83562,SDL MH 7.78% 2029,IN2220190143
83569,SIDBI 7.51% 2028 SR V,INE556F08KU4
83583,ITCONS E-Solutions Limited,INE0O6A01019
83584,SIDBI 7.42% 2029 SR VII,INE556F08KW0
83587,SDL MH 6.98% 2028,IN2220190135
83588,SHREYANS INDUSTRIES LTD,INE231C01019
83592,SDL MH 6.97% 2028,IN2220190127
83595,SIDBI 7.48% 2029 SR VI,INE556F08KV2
83599,807RJ2026,IN2920160032
83600,GOI STRIPS C 220836,IN000836C014
83613,ONE POINT ONE SOL LTD,INE840Y01029
83626,SDL MH 7.0% 2028,IN2220190119
83630,KPIT Technologies Ltd,INE04I401011
83646,SIDBI 7.49% 2029 SR VIII,INE556F08KX8
83659,NHAI-7.14%-10-9-40-PVT,INE906B07IF7
83663,HIMALAYA FOOD INTERNATIONAL LI,INE552B01010
83671,SDL MH 7.27% 2030,IN2220190101
83676,SEC RE NCD 9.4% SR IV,INE148I07SH6
83687,DAM CAPITAL ADVISORS LTD,INE284H01025
83697,SEC RE NCD 9.48% SR V,INE148I07SI4
83698,NHAI-6.50%-11-4-31-PVT,INE906B07IE0
83703,NHAI-6.98%-29-6-35-PVT,INE906B07ID2
83709,NDR INVIT TRUST,INE0Q7Q23015
83717,SURAJ INDUSTRIES LTD.,INE170U01011
83718,SEC RE NCD 9.02% SR V,INE148I07SJ2
83721,SEC RE NCD SR VI,INE148I07SK0
83730,MCSL-10.75%-28-3-31-PVT,INE296G08026
83733,NST-6-2-26-CP,INE0NDH14098
83737,GFL-23-2-26-CP,INE02KN14630
83742,SEC RE NCD 9.65% SR I,INE148I07SD5
83746,NABARD-6.79%-04-08-31-PVT,INE261F08DH3
83748,MARBLE CITY INDIA LIMITED,INE807H01023
83754,GFL-27-3-26-CP,INE02KN14622
83759,NABARD-6.97%-29-7-36-PVT,INE261F08DG5
83760,NHAI-6.94%-30-12-36-PVT,INE906B07II1
83761,Bhatia Communications & Retail,INE341Z01025
83768,GFL-26-2-26-CP,INE02KN14655
83771,SIDBI 6.74% 2029 SR II,INE556F08LA4
83772,NABARD-6.92%-29-9-36-PVT,INE261F08DJ9
83776,SEC RE NCD SR III,INE148I07SF0
83778,SIDBI 7.04% 2029 SR IV,INE556F08LB2
83781,GFL-18-2-26-CP,INE02KN14648
83783,NHAI-6.94%-27-11-2037-PVT,INE906B07IG5
83788,GS15APR35C,IN000435C049
83792,DCM FINANCIAL SERVICES LTD.,INE891B01012
83793,SEC RE NCD 9.9% SR IV,INE148I07SG8
83796,THDCIL-7.19%-24-7-30-PVT,INE812V07039
83801,KFC-8.90%-24-3-33-PVT,INE818F07195
83803,MRHFL-8-6-26-CP,INE950O14BX2
83805,LE LAVOIR LIMITED,INE204S01012
83807,SEC RE NCD 9.9% SR IV,INE148I07RN6
83809,SEC RE NCD 9.25% SR VIII,INE148I07RO4
83810,THDCIL-7.45%-20-1-31-PVT,INE812V07047
83812,GOI LOAN 7.17% 2028,IN0020170174
83816,GFL-20-03-26-CP,INE02KN14663
83818,KFC-8.90%-31-3-32-PVT,INE818F07187
83820,MRHFL-29-5-26-CP,INE950O14BW4
83822,GS22APR35C,IN000435C031
83828,SEC RE NCD 9.71% SR VIII,INE148I07RP1
83829,THDC-7.39%-25-8-31-PVT,INE812V07054
83833,MRHFL-10-03-26-CP,INE950O14BZ7
83838,FINOLEX INDUSTRIES LTD,INE183A01024
83843,SHRI KANHA STAINLESS LTD,INE1V4601019
83845,MRHF-11-12-26-CP,INE950O14BY0
83852,THDCIL-7.60%-14-9-32-PVT,INE812V07062
83858,KFC-8.90%-30-3-29-PVT,INE818F07153
83860,HLFL-8.80%-18-12-26-PVT,INE146O07490
83865,SEC RE NCD 9.48% SR V,INE148I07RJ4
83866,KFC-7.7%-STRPE-14-9-30-PVT,INE818F07146
83867,SEC RE NCD SR VI,INE148I07RL0
83868,MARAL OVERSEAS LTD.,INE882A01013
83869,THDC-7.59%-3-10-26-PVT,INE812V07013
83870,KFC-8.90%-31-3-31-PVT,INE818F07179
83871,ADITYA CONSUMER MARKETING LIMI,INE427V01013
83872,MRHFL-17-3-26-CP,INE950O14BU8
83873,SENORES PHARMACEUTICALS L,INE0RB801010
83874,THDCL-8.75%-6-9-29-PVT,INE812V07021
83876,ANS INDUSTRIES LTD,INE234J01018
83881,SALONA COTSPIN LTD.,INE498E01010
83883,KFC-8.90%-29-3-30-PVT,INE818F07161
83884,JLA Infraville Shoppers Limite,INE401Q01018
83885,SEC RE NCD 9.65% SR VII,INE148I07RM8
83886,KFC-7.7%-STRPB-14-9-27-PVT,INE818F07112
83887,NBARD-6.65%-28-12-35-PVT,INE261F08CR4
83888,SEC RE NCD 10.25% SR XI,INE148I07RV9
83889,UNSERENCD9.00%SRIIICI&II,INE306N08284
83894,UNSERENCD9.1%SRIIICIII&IV,INE306N08292
83911,NABARD-6.49%-30-12-30-PVT,INE261F08CQ6
83912,KFC-7.7%-STRPA-14-9-26-PVT,INE818F07104
83913,SEC RE NCD 10.75% SR XI,INE148I07RW7
83924,DSP Mutual Fund,INF740KA1CL0
83933,KFC-7.7%-STRPD-14-9-29-PVT,INE818F07138
83936,SEC RE NCD 9.8% SR XII,INE148I07RX5
83947,GUJARAT STATE FINANCIAL CORPOR,INE944A01011
83955,LAKSHMI ELECTRICAL CONTROL SYS,INE284C01018
83956,Aryaman Capital Markets Limite,INE229R01011
83957,KFC-7.7%-STRPC-14-9-28-PVT,INE818F07120
83959,SEC RE NCD SR VI,INE148I07RY3
83960,SAVY INFRA AND LOGI LTD,INE0UCN01017
83965,SEC RE NCD 10.25% SR XII,INE148I07RZ0
83981,SEC RE NCD 10.5% SR IX,INE148I07RR7
83985,GARWARE HI-TECH FILMS LIMITED,INE291A01017
83989,SUNDROP BRANDS LIMITED,INE209A01019
83991,RELIANCE FIXED HORIZON FUND- X,INF204KB1FL1
83999,GUJ NAR VAL FER & CHEM L,INE113A01013
84016,ARTSON LIMITED,INE133D01023
84017,SEC RE NCD 10.15% SR VII,INE148I07RS5
84020,RELIANCE FIXED HORIZON FUND- X,INF204KB1FK3
84051,BLACK ROSE INDUSTRIES LTD.,INE761G01016
84055,RELIANCE FIXED HORIZON FUND- X,INF204KB1FJ5
84064,SEC RE NCD 10.03% SR X,INE148I07RU1
84067,RELIANCE FIXED HORIZON FUND- X,INF204KB1FI7
84101,AML-11.25%-7-7-30-PVT,INE516Q08430
84102,SEC RE NCD SR III,INE148I07TA9
84105,SEC RE NCD SR III,INE148I07TB7
84118,AML-8.70%-12-08-28-PVT,INE516Q08448
84119,SEC RE NCD 9.25% SR II,INE148I07TC5
84120,NST-5-2-26-CP,INE0NDH14106
84121,NABARD-8.20%-16-3-28-PVT,INE261F08AE6
84122,TATA CONSULTANCY SERV LT,INE467B01029
84123,AML-11.25%-31-3-29-PVT,INE516Q08414
84131,SEC RE NCD 8.88% SR II,INE148I07TD3
84136,AML-11.25%-25-11-28-PVT,INE516Q08406
84137,FORTIS MALAR HOSPITALS LIMITED,INE842B01015
84141,NHAI-7.22%-24-1-47-PVT,INE906B07FF3
84165,SEC RE NCD 9.65% SR I,INE148I07TE1
84174,RELIANCE FIXED HORIZON FUND- X,INF204KB1BL0
84175,GS06MAY36C,IN000536C010
84213,MODISON LIMITED,INE737D01021
84216,CHAMAN LAL SETIA EXPORTS LTD.,INE419D01026
84232,Orchid Pharma Limited,INE191A01027
84240,RR FINANCIAL CONSULTANTS LTD.,INE229D01011
84255,NST-3-3-26-CP,INE0NDH14122
84259,Tilak Ventures Limited,INE026L01022
84261,SYTL-8.75%-3-10-29-PVT,INE441Q07029
84262,NATIONAL PLASTIC INDUSTRIES LT,INE233D01013
84276,SYTL-8.65%-20-9-27-PVT,INE441Q07011
84277,WEPL-10.22%-RR-24-1-27-PVT,INE0Z1N07017
84278,SEC RE NCD 10.5% SR IX,INE148I07TK8
84279,TAAL TECH LIMITED,INE524T01011
84283,GLOBUS SPIRITS LTD.,INE615I01010
84289,RELIANCE FIXED HORIZON FUND XX,INF204KB1BN6
84295,SEC RE NCD 9.48% SR V,INE148I07TL6
84311,NATCO PHARMA LTD.,INE987B01026
84315,SEC RE NCD SR VI,INE148I07TM4
84322,NHAI-7.68%-30-08-41-PVT,INE906B07FD8
84323,Adishakti Loha and Ispat Limit,INE0CWK01019
84324,SEC RE NCD 9.9% SR IV,INE148I07TF8
84326,NABARD-8.28%-1-3-33-PVT,INE261F08AB2
84338,SEC RE NCD 9.71% SR VIII,INE148I07TG6
84339,NABARD-8.22%-25-2-28-PVT,INE261F08AA4
84348,NHAI-8.03%-3-8-41-PVT,INE906B07FB2
84355,Pyramid Technoplast Limited,INE0MIS01010
84359,SEC RE NCD 9.02% SR V,INE148I07TH4
84365,CVL-12%-23-6-27-PVT,INE559D08032
84369,Ujjivan Small Finance Bank Lim,INE551W01018
84370,JK TYRE & INDUSTRIES LTD,INE573A01042
84377,SEC RE NCD 9.4% SR IV,INE148I07TI2
84406,MANGLAM INFRA & ENG LTD,INE0R3101011
84410,Rikhav Securities Limited,INE0CFH01028
84424,SEC RE NCD 9.65% SR VII,INE148I07SP9
84431,SEC RE NCD 10.25% SR XII,INE148I07SQ7
84479,SEC RE NCD 10.75% SR XI,INE148I07SR5
84516,SEC RE NCD 10.15% SR VII,INE148I07SS3
84518,GAMCO LIMITED,INE890S01026
84525,KFC-8.99%-9-7-26-PVT,INE818F07088
84528,JAY USHIN LTD.,INE289D01015
84557,JMFARCL-10.20%-27-4-26-PVT,INE265J07548
84567,MM FORGINGS LTD,INE227C01017
84577,GS12DEC27C,IN001227C049
84584,GS15DEC27C,IN001227C056
84588,SEC RE NCD 10.5% SR IX,INE148I07SM6
84592,SEC RE NCD 9.71% SR VIII,INE148I07SN4
84605,LAKSHMI FIN IND CORP LTD,INE850E01012
84636,SEC RE NCD 9.25% SR VIII,INE148I07SO2
84672,GS17DEC27C,IN001227C031
84678,AML-11.25%-3-10-28-PVT,INE516Q08398
84682,IDBI-SRXVII-11.25%-14-03-29-PV,INE008A08Q98
84685,SEC RE NCD 10.03% SR X,INE148I07SX3
84690,SIDBI 7.68% 2027 SR I,INE556F08KQ2
84694,NHAI-7.29%-9-3-26-TAXFREENCD,INE906B07EN0
84701,ACCENT MICROCELL LIMITED,INE0Q5D01013
84710,SAMMAANCAP 9.75% 2027,INE148I07SY1
84718,NHAI-7.04%-9-3-26-TAXFREENCD,INE906B07EM2
84719,RAJRATAN GLOBAL WIRE LTD,INE451D01029
84721,SIDBI 7.47% 2029 SR II,INE556F08KR0
84733,SEC RE NCD 9.25% SR I,INE148I07SZ8
84736,URJA GLOBAL LTD.,INE550C01020
84743,NHAI-7.39%-18-2-31-PVT,INE906B07EL4
84746,SIDBI 7.34% 2029 SR III,INE556F08KS8
84762,JMFARCL-9%-10-4-26-PVT,INE265J07530
84766,DIGICONTENT LIMITED,INE03JI01017
84769,SIDBI 7.44% 2028 SR IV,INE556F08KT6
84773,NHAI-7.02%-18-2-26-PVT,INE906B07EK6
84775,GS16DEC2027C,IN001227C072
84795,SEC RE NCD 9.57% SR X,INE148I07ST1
84805,SIDBI 7.79% 2027 SR VI,INE556F08KM1
84811,SEC RE NCD 10% SR IX,INE148I07SU9
84815,Heranba Industries Limited,INE694N01015
84842,SIDBI 7.75% 2027 SR VII,INE556F08KN9
84870,SEC RE NCD 10.25% SR XI,INE148I07SV7
84876,SINCLAIRS HOTELS LIMITED,INE985A01022
84879,AML-11.9%-26-6-26-PVT,INE516Q08331
84882,NHAI-7.69%-9-3-31-TAXFREENCD,INE906B07EP5
84886,SIDBI 7.68% 2027 SR VIII,INE556F08KO7
84905,STALLION IND FLUOROCHEM L,INE0RYC01010
84906,SEC RE NCD 9.80% SR XII,INE148I07SW5
84915,NHAI-7.39%-9-3-31-TAXFREENCD,INE906B07EO8
84916,GARNET INTERNATIONAL LTD.,INE590B01010
84919,VIJAY TEXTILES LTD.,INE256G01033
84920,SIDBI 7.68% 2027 SR IX,INE556F08KP4
84935,SEC RE NCD 9.02% SR V,INE148I07UD1
84959,SEC RE NCD 9.90% SR IV,INE148I07UE9
84973,GS06MAY59,IN000559C012
84980,SEC RE NCD 9.40% SR IV,INE148I07UF6
84995,SEC RE NCD SR III,INE148I07UG4
85013,RELIANCE FIXED HORIZON FUND- X,INF204KB1CN4
85027,NHAI-8.37%-20-1-29-PVT,INE906B07GN5
85028,MAN INDUSTRIES (INDIA) LTD.,INE993A01026
85050,Sammaan Capital Limited,INE148I01020
85073,SEC RE NCD SR VI,INE148I07UA7
85084,SEC RE NCD SR VI,INE148I07UB5
85116,SAPPHIRE FOODS INDIA LTD,INE806T01020
85117,SEC RE NCD 9.48% SR V,INE148I07UC3
85120,NHAI-8.55%-28-6-48-PVT,INE906B07GK1
85127,SUMEET INDUSTRIES LTD.,INE235C01036
85131,RELIANCE FIXED HORIZON FUND- X,INF204KB1CQ7
85132,SEC RE NCD 9.71% SR VIII,INE148I07UN0
85133,BDH INDUSTRIES LTD.,INE278D01018
85134,RELIANCE FIXED HORIZON FUND XX,INF204KB1CP9
85135,LINDE INDIA LIMITED,INE473A01011
85138,RELIANCE FIXED HORIZON FUND- X,INF204KB1CO2
85140,SEC RE NCD SR III,INE148I07UH2
85141,CHOKSI LABORATORIES LTD.,INE493D01013
85145,HDB FINANCIAL SERVICES L,INE756I01012
85146,PLASTIBLENDS INDIA LTD.,INE083C01022
85147,NABARD-8.5%-27-2-29-PVT,INE261F08BC8
85148,SEC RE NCD 9.25% SR II,INE148I07UI0
85155,SEC RE NCD 9.25% SR VIII,INE148I07UJ8
85162,NABARD-8.62%-14-3-34-PVT,INE261F08BE4
85164,SEC RE NCD 10.15% SR VII,INE148I07UK6
85169,SEC RE NCD 10.15% SR VII,INE148I07TR3
85175,DILIGENT MEDIA CORP LTD.,INE016M01021
85178,Classic Filaments Limited,INE181U01018
85190,CRESTCHEM LTD.,INE293N01016
85216,NHAI-7.38%-24-8-32-PVT,INE906B07FW8
85255,NABARD-8.18-26-12-28-PVT,INE261F08AX6
85256,SMARTEN POWER SYSTEMS LTD,INE14GK01016
85283,SEC RE NCD 9.80% SR XII,INE148I07TU7
85290,NHAI-7.14%-12-7-47-PVT,INE906B07FV0
85292,NABARD-8.51%-19-12-33-PVT,INE261F08AW8
85296,BLS INTL SERVS LTD,INE153T01027
85322,SEC RE NCD 10.25% SR XII,INE148I07TN2
85327,SHRINGAR HOUSE OF MANGALSUTRA ,INE1B3L01017
85342,SEC RE NCD 10% SR IX,INE148I07TO0
85350,JINKUSHAL INDUSTRIES LTD,INE1FF001016
85352,NABARD-8.29%-24-1-29-PVT,INE261F08AY4
85355,NABARD-8.54%-30-1-34-PVT,INE261F08AZ1
85369,THOMAS COOK (INDIA) LTD.,INE332A01027
85378,SEC RE NCD 10.75% SR XI,INE148I07TP7
85379,INTELLECT DESIGN ARENA LIMITED,INE306R01017
85382,SEC RE NCD 9.25% SR VIII,INE148I07TQ5
85383,TATA CAP 7.99% 2034 SR A,INE306N07NN9
85384,SHRI RAJIVLOCHAN OIL EXTRACTIO,INE418K01015
85385,Rossell Techsys Limited,INE0OJW01016
85386,Valplast Technologies Limited,INE0QP701017
85402,SEC RE NCD 9.25% SR I,INE148I07TZ6
85411,GOI STRIPS C 090326,IN000326C016
85441,GOI STRIPS C 150326,IN000326C024
85443,ABB INDIA LIMITED,INE117A01022
85445,MASTEK LTD,INE759A01021
85451,BEML LIMITED,INE258A01024
85465,Vibrant Global Capital Limited,INE761Q01015
85470,NABARD-8.47%-31-8-33-PVT,INE261F08AO5
85491,Max Financial Services Limited,INE180A01020
85493,NABARD-8.92%-21-10-33-PVT,INE261F08AR8
85500,AML-8.7%-19-9-28-PVT,INE516Q08471
85503,NHAI-7.24%16-6-47-PVT,INE906B07FU2
85509,SAMSRITA LABS LIMITED,INE579N01018
85510,RELIANCE FIXED HORIZON FUND- X,INF204KB1DH4
85522,AML-8.55%-14-10-27-PVT,INE516Q08489
85534,SEC RE NCD 10.03% SR X,INE148I07TW3
85540,EFC (I) LIMITED,INE886D01026
85565,AML-8.7%-29-8-28-PVT,INE516Q08455
85573,SCL 9.75% 2029,INE148I07TX1
85574,Synergy Green Industries Limit,INE00QT01015
85575,GOI STRIPS C 200326,IN000326C032
85593,STANDARD ENGINEERING TECHNOLOG,INE0M4D01010
85596,SCL 9.75% 2028,INE148I07TY9
85606,AML-8.6%-19-9-27-PVT,INE516Q08463
85623,UPSURGE SEEDS OF AGRI LTD,INE0CBM01019
85624,SDL HR 7.39% 2031,IN1620230038
85625,SDL PY 5.96% 2026,IN3820210018
85649,SEC RE NCD 7.90% STRPP B,INE0H7R07025
85652,SDL HR 7.16% 2027,IN1620230046
85655,SDIL 7.31% 2040,INE507T07161
85661,SEC RE NCD 7.90% STRPP C,INE0H7R07033
85665,Meghmani Organics Limited,INE0CT101020
85666,SDIL 7.58% 2031,INE507T07153
85670,SCL 0% 2027 SR VI,INE148I07VG2
85683,SDL PY 6.62% 2028,IN3820210034
85684,GENUS PAPER & BOARDS LIMITED,INE949P01018
85686,SDL HR 7.35% 2033,IN1620230053
85693,OSEASPRE CONSULTANTS LTD.,INE880P01015
85695,GS19MAR2057,IN000357C029
85717,SCL 9.48% 2027 SR V,INE148I07VH0
85722,SDIL 7.87% 2030,INE507T07146
85724,FOODS & INNS LTD.,INE976E01023
85725,699TELSDL43,IN4520210183
85736,USHA FINANCIAL SERVICES L,INE0LS001014
85738,SDL HR 7.29% 2029,IN1620230061
85743,SDL PY 6.3% 2027,IN3820210042
85748,SUMMIT DIG 7.89% 2029,INE507T07138
85759,SCL 10.25% 2034 SR XII,INE148I07VI8
85761,SEC RE NCD 7.90% STRPP A,INE0H7R07017
85777,SDL HR 7.36% 2033,IN1620230079
85778,SDL PY 6.96% 2030,IN3820210059
85782,SCL 10.03% 2031 SR X,INE148I07VA5
85785,SCL 9.25% 2029 SR VIII,INE148I07VB3
85790,NHIT 0% 34 SR I STRPP A,INE0H7R07066
85791,BAYER CROPSCIENCE LTD.,INE462A01022
85798,KCP LTD,INE805C01028
85801,SUMMIT DIG 8.06% 2029,INE507T07120
85808,SDL PY 7.31% 2035,IN3820210067
85809,SDL HR 7.32% 2033,IN1620230087
85810,CHEMBOND CHEMICALS  LIMITED,INE0TGX01019
85816,LGS8DEC24-10%-20-07-27-PTC,INE1U3R15011
85824,705TELSDL35,IN4520210134
85832,SCL 0% 2026 SR III,INE148I07VC1
85845,RUPAREL FOOD PRODUCTS LIMITED,INE239B01014
85847,SSFL-10.75%-3-4-26-PVT,INE572J07679
85848,INDOSTAR CAPITAL FIN LTD,INE896L01010
85850,SWASTIK PIPE LIMITED,INE0DGC01025
85853,SDL PY 6.9% 2028,IN3820210075
85854,SDL HR 7.34% 2031,IN1620230095
85875,SDL PY 6.99% 2029,IN3820210083
85878,SCL 10.50% 2031 SR IX,INE148I07VD9
85888,SCL 10.75% 2034 SR XI,INE148I07VE7
85902,NHIT 0% 35 SR I STRPP B,INE0H7R07058
85911,Highway Infrastructure Limited,INE00RL01028
85920,SSFL-10.75%-4-9-26-PVT,INE572J07612
85922,CWCPL-11.25%-29-09-27-PVT,INE0LN107030
85926,SCL 0% 2026 SR III,INE148I07VN8
85943,SCL 10.15% 2029 SR VII,INE148I07VO6
85957,IOCL-7.41%-22-10-29-PVT,INE242A08437
85963,SCL 8.88% 2026 SR II,INE148I07VQ1
85970,NTPC GREEN ENERGY LIMITED,INE0ONG01011
85994,CAPITALNUMBERS INFOTECH  LIMIT,INE0WXM01011
85995,SCL 9.02% 2027 SR V,INE148I07VJ6
86015,SCL 9.80% 2034 SR XII,INE148I07VK4
86027,SCL 9.25% 2026 SR II,INE148I07VL2
86028,SCL 10.25% 2034 SR XI,INE148I07VM0
86029,TITAN INTECH LIMITED,INE807M01031
86030,Mish Designs Limited,INE0QI101019
86033,SEC RE NCD 10.25% SR XI,INE148I07UT7
86036,RAJDARSHAN INDUSTRIES LTD.,INE610C01014
86038,JAYATMA INDUSTRIES LIMITED,INE250D01017
86045,SEC RE NCD 9.80% SR XII,INE148I07UU5
86046,SDL GJ 7.29% 2032,IN1520210239
86047,SDL AP 7.42% 2046,IN1020240207
86056,SEC RE NCD 10.25% SR XII,INE148I07UV3
86059,SDL AP 7.41% 2047,IN1020240215
86060,PIDB-STRPPJ-27-12-2027-PVT,INE091D11105
86071,SEC RE NCD 10.75% SR XI,INE148I07UW1
86074,SDL AP 7.4% 2041,IN1020240223
86075,BONLON INDUSTRIES LIMITED,INE0B9A01018
86088,SDL GJ 7.09% 2032,IN1520210205
86089,DSP Mutual Fund,INF740KA1WW5
86092,GS19SEP2049,IN000949C031
86100,SEC RE NCD 10.50% SR IX,INE148I07UP5
86112,Bikaji Foods International Lim,INE00E101023
86117,SATIN CREDIT NET LTD,INE836B01017
86118,DSP Mutual Fund,INF740KA1WX3
86128,SDL GJ 7.25% 2032,IN1520210221
86129,SANGAM (INDIA) LTD,INE495C01010
86135,SEC RE NCD 10.03% SR X,INE148I07UR1
86146,SDL GJ 7.12% 2032,IN1520210213
86155,GILLANDERS ARBUTHNOT & CO.LTD.,INE047B01011
86160,SEC RE NCD 9.65% SR I,INE148I07US9
86166,SDL PY 7.35% 2033,IN3820210091
86188,SDL AP 7.43% 2044,IN1020240272
86190,SDL AP 7.43% 2046,IN1020240280
86191,B.A.G.CONVERGENCE LIMITED,INE17CQ01015
86224,DSP Mutual Fund,INF740KA1WU9
86245,SDL AP 7.38% 2049,IN1020240298
86246,PEOPLES INVESTMENTS LTD.,INE644U01015
86250,Afcons Infrastructure Limited,INE101I01011
86251,SDL HR 7.36% 2033,IN1620230103
86258,DSP Mutual Fund,INF740KA1WV7
86286,SCL 9.75% 2029 SR I,INE148I07UX9
86287,SDL HR 7.4% 2033,IN1620230111
86291,SDL AP 7.38% 2044,IN1020240231
86292,SCL 9.25% 2026 II,INE148I07UY7
86294,SDL AP 7.34% 2048,IN1020240249
86295,HARIOM PIPE INDUSTRIES L,INE00EV01017
86296,SDL HR 7.47% 2035,IN1620230137
86297,SCL 9.25% 2026 SR I,INE148I07UZ4
86304,SDL AP 7.34% 2049,IN1020240256
86310,SDL HR 7.44% 2032,IN1620230129
86311,SDIL 7.11% 2030,INE507T07187
86314,SDL HR 7.49% 2033,IN1620230145
86316,APT PACKAGING LTD.,INE046E01025
86318,686PUNSDL33,IN2820200235
86319,SDL AP 7.43% 2042,IN1020240264
86320,CIPL-ZC-17-3-28-PVT,INE0Z4807015
86321,SDIL 7.1450% 2032,INE507T07179
86332,SAKUMA EXPORTS LIMITED,INE190H01024
86342,SCL 9.25% SR II,INE148I07WH8
86387,Times Green Energy (India) Lim,INE0B6101012
86406,SCL 9.90% SR IV,INE148I07WI6
86450,SCL 9.71% SR XIII,INE148I07WJ4
86451,Capital Infra Trust,INE0Z8Z23013
86486,Gem Aromatics Limited,INE06XZ01023
86491,CHOLAMANDALAM FIN HOL LTD,INE149A01033
86502,SSFL-11.25%-17-12-27-PVT,INE572J07778
86508,SCL SR III,INE148I07WC9
86515,RADICO KHAITAN LTD.,INE944F01028
86529,DIVYADHAN RECYCLING IND L,INE0QYI01019
86540,SSFL-11.50%-30-6-28-PVT,INE572J07786
86542,SCL SR VI,INE148I07WD7
86549,SCL 9.65% SR I,INE148I07WE5
86552,INDOKEM LTD.,INE716F01012
86564,672PUNSDL30,IN2820200060
86565,SSFL-11%-31-3-28-PVT,INE572J07794
86591,ALKALI METALS LTD,INE773I01017
86599,Atishay Limited,INE011R01013
86611,HDFC LIFE INSURANCE COMPANY LI,INE795G01014
86622,SCL SR III,INE148I07WG0
86628,PIDB-STRPPI-27-12-2026-PVT,INE091D11097
86637,SCL 9.71% SR VIII,INE148I07WP1
86641,7NR Retail Limited,INE413X01035
86648,SDL JH 7.33% 2034,IN3720250015
86650,SSFL-10.75%-10-7-26-PVT,INE572J07729
86655,ORTIN GLOBAL LIMITED,INE749B01020
86664,SSFL-11.10%-24-4-26-PVT,INE572J07745
86667,955MML2063,INE101A08070
86668,SDL GJ 7.06% 2032,IN1520210197
86669,SDL JH 7.44% 2041,IN3720250023
86671,Megastar Foods Limited,INE00EM01016
86674,UNION BANK OF INDIA,INE692A01016
86686,MML-7.57%-25-9-26-PVT,INE101A08088
86690,SSFL-10.75%-15-4-27-PVT,INE572J07752
86694,SCL 10.75% SR XI,INE148I07WR7
86695,SSFL-11%-30-04-28-PVT,INE572J07760
86698,SCL 10.25% SR XI,INE148I07WS5
86710,MALLCOM (INDIA) LIMITED,INE389C01015
86742,SCL SR VI,INE148I07WL0
86757,SSFL-9.81%-2-4-26-PVT,INE572J07703
86767,SCL 10.03% SR X,INE148I07WM8
86774,HUDCO-8.52%-28-11-28-PVT,INE031A08624
86792,SSFL-9.84%-28-6-26-PVT,INE572J07711
86803,HUDCL-8.60%-12-11-28-PVT,INE031A08616
86832,SDL GJ 6.75% 2029,IN1520210122
86833,SCL 9.65% 2029 SR VII,INE148I07VV1
86834,SEC RE NCD 8.42% SR.V,INE530B07161
86836,SDL GJ 6.89% 2031,IN1520210114
86837,SCL 9.65% 2026 SR I,INE148I07VW9
86839,SEC RE NCD 8.75% SR.VI,INE530B07179
86840,MAS Financial Services Limited,INE348L01012
86842,RELIANCE MUTUAL FUND- RELIANCE,INF204KB1AV1
86846,SDL GJ 6.93% 2031,IN1520210148
86849,SCL 9.95% 2035 SR III,INE148I07VX7
86852,SEC RE NCD 0% SR.VII,INE530B07187
86853,TECPL-13.53%-31-3-29-PVT,INE257Y07049
86854,SDL AP 7.34% 2035,IN1020240330
86861,Niyogin Fintech Limited,INE480D01010
86869,SCL 9.25% SR I,INE148I07VY5
86872,SDL GJ 6.04% 2026,IN1520210130
86873,SDL AP 7.31% 2044,IN1020240348
86874,MARUTI INFRASTRUCTURE LTD.,INE392G01028
86882,VAIBHAV GLOBAL LTD,INE884A01027
86905,PAKKA LIMITED,INE551D01018
86906,SCL 9.90% 2027 SR IV,INE148I07VR9
86924,SCL 9.40% 2027 SR IV,INE148I07VS7
86929,SCL 9.71% 2029 SR VIII,INE148I07VT5
86934,RELIANCE MUTUAL FUND- RELIANCE,INF204KB1AX7
86939,SDL GJ 6.84% 2031,IN1520210106
86945,RELIANCE MUTUAL FUND- RELIANCE,INF204KB1AY5
86956,RELIANCE MUTUAL FUND- RELIANCE,INF204KB1AW9
86968,KALLAM TEXTILES LTD,INE629F01025
86969,DSP Mutual Fund,INF740KA1XU7
86970,SDL AP 7.36% 2048,IN1020240397
86971,RANA SUGARS LTD.,INE625B01014
86972,MIRC ELECTRONICS LTD,INE831A01028
86973,SCL 9.80% SR XII,INE148I07WA3
86977,SCL 9.40% SR IV,INE148I07WB1
86989,JTL INDUSTRIES LIMITED,INE391J01032
86994,CSAIPL-17.46%-2-7-28-PVT,INE0LWH08011
87000,WELSPUN LIVING LIMITED,INE192B01031
87001,SCL 10.25% SR XII,INE148I07VZ2
87002,SOLEX ENERGY LIMITED,INE880Y01017
87003,SDL AP 7.37% 2033,IN1020240355
87004,SDL AP 7.37% 2036,IN1020240363
87005,GS22APR39,IN000439C033
87006,SDL HR 7.5% 2030,IN1620230012
87007,MANGALAM INDUSTRIAL FINANCE LT,INE717C01025
87008,DB (INTERNATIONAL) STOCK BROKE,INE921B01025
87009,SDL AP 7.36% 2041,IN1020240371
87010,GS15APR39C,IN000439C041
87011,SDL HR 7.39% 2029,IN1620230020
87012,SDL AP 7.36% 2045,IN1020240389
87013,NALWA SONS INVESTMENTS LTD.,INE023A01030
87021,SDL HR 7.72% 2035,IN1620230277
87025,Atam Valves Limited,INE09KD01013
87041,AFSL-13.65%-30-06-27-PVT,INE808K08079
87047,AMBUJA CEMENTS LTD,INE079A01024
87051,IB INFOTECH ENTERPRISES LTD.,INE678B01021
87055,SDL HR 7.65% 2033,IN1620230285
87060,PONDY OXIDES & CHEMICALS LTD.,INE063E01053
87062,RUBICON RESEARCH LIMITED,INE506V01022
87065,CORDS CABLE INDUS LTD.,INE792I01017
87073,GS15OCT31C,IN001031C045
87097,SCL 8.88% 2028 SR V,INE148I07XK0
87103,GS22OCT31C,IN001031C037
87113,AFSL-12.85%-25-10-26-PVT,INE808K08061
87124,SDL HR 7.71% 2033,IN1620230293
87131,SCL 9.65% 2030 SR VII,INE148I07XL8
87166,Camlin Fine Sciences Ltd,INE052I01032
87179,SCL 9.02% 2030 SR VIII,INE148I07XM6
87215,SCL 9.55% 2035 SR XIII,INE148I07XF0
87227,SDL AP 7.49% 2040,IN1020240074
87228,PG ELECTROPLAST LTD,INE457L01029
87233,SDL AP 7.48% 2044,IN1020240082
87246,INCREDIBLE INDUSTRIES LIMITED,INE452L01012
87251,SCL 8.65% 2027 SR II,INE148I07XG8
87266,SDL AP 7.53% 2036,IN1020240090
87289,SCL 8.65% 2028 SR V,INE148I07XH6
87307,DSP Mutual Fund,INF740KA1UF4
87324,SCL 9.85% 2032 SR X,INE148I07XI4
87338,PAOS INDUSTRIES LIMITED,INE791C01012
87341,SPIC LTD,INE147A01011
87342,SDL GJ 6.98% 2031,IN1520210080
87343,SCL 8.42% 2027 SR II,INE148I07XR5
87346,IBL FINANCE LIMITED,INE0O7401018
87347,SCL 9.25% 2030 SR IX,INE148I07XS3
87348,Sastasundar Ventures Limited,INE019J01013
87353,HUDCO-8.37%-25-3-29-PVT,INE031A08707
87359,ABBOTT INDIA LTD.,INE358A01014
87366,SDL GJ 6.28% 2027,IN1520210098
87376,SCL 0% 2028 SR VI,INE148I07XU9
87379,SDL GJ 6.91% 2030,IN1520210049
87402,SCL 9.20% 2032 SR XI,INE148I07XN4
87411,YATRA ONLINE LIMITED,INE0JR601024
87419,SDL GJ 6.88% 2031,IN1520210031
87438,SCL 9.60% 2032 SR X,INE148I07XO2
87453,IND Renewable Energy Ltd,INE138O01029
87465,MAGNUM VENTURES LTD.,INE387I01016
87469,SCL 9.25% 2028 SR IV,INE148I07XP9
87472,NILKANTH ENGINEERING LTD.,INE582V01015
87475,SDL GJ 6.95% 2031,IN1520210056
87486,SCL 9.00% 2028 SR IV,INE148I07XQ7
87493,HUDCO-8.58%-14-2-29-PVT,INE031A08681
87494,SCL 10.50% SR IX,INE148I07WX5
87495,DAI-ICHI KARKARIA LTD.,INE928C01010
87496,TRAVEL FOOD SERVICES LIMITED,INE103V01028
87497,HUDCO-8.38%-30-1-29-PVT,INE031A08673
87498,LIFE INSURA CORP OF INDIA,INE0J1Y01017
87499,SCL 9.50% 2030 SR I,INE148I07WY3
87500,KFL-10.25%-5-5-26-NCD,INE403Q08159
87501,D P ABHUSHAN LIMITED,INE266Y01019
87502,SDL GJ 6.75% 2031,IN1520210023
87503,SCL 9.75% 2035 SR II,INE148I07WZ0
87504,KFL-ZC-5-5-26-NCD,INE403Q08167
87506,COAL INDIA LTD.,INE522F01014
87507,LAXMI INDIA FINANCE LIMITED,INE06WU07064
87509,SDL GJ 6.72% 2030,IN1520210015
87512,HEMO ORGANIC LIMITED,INE422G01015
87513,DIGJAM LIMITED,INE731U01028
87514,KFL-10.25%-20-8-26-NCD,INE403Q08175
87515,ULTRAMARINE & PIGMENTS LTD.,INE405A01021
87517,SCL 10.15% SR VII,INE148I07WT3
87523,LAKHOTIA POLYESTERS (INDIA) LT,INE191O01010
87530,KFL-ZC-20-8-26-NCD,INE403Q08183
87534,EMUDHRA LIMITED,INE01QM01018
87537,INT-7.85%(Reset Rate)-31-3-40-,INE790Z07053
87541,SCL 9.02% SR V,INE148I07WU1
87543,NIKHIL ADHESIVES LTD.,INE926C01022
87544,KFL-10.25%-28-5-27-NCD,INE403Q08191
87545,IT-6.96-RESET RATE-31-03-45-PV,INE790Z07061
87554,HUDCO-8.41%-15-3-29-PVT,INE031A08699
87556,GODFREY PHILLIPS INDIA LT,INE260B01028
87557,SCL 9.48% SR V,INE148I07WV9
87562,SDL HR 7.75% 2035,IN1620230301
87565,ASHIANA ISPAT LTD.,INE587D01012
87577,SDL AP 7.46% 2042,IN1020240033
87581,SCL 9.45% 2029 SR IV,INE148I07XB9
87583,TATA CONSULTANCY SERVICES LTD.,INE467B01029
87592,SDL HR 7.72% 2033,IN1620230319
87593,SDL AP 7.46% 2043,IN1020240041
87594,Svarnim Trade Udyog Limited,INE730R01042
87595,SDL HR 7.67% 2035,IN1620230335
87598,SCL 8.75% 2027 SR I,INE148I07XC7
87599,SCL 9.45% 2032 SR XI,INE148I07XD5
87602,SDL AP 7.46% 2044,IN1020240058
87603,SDL HR 7.71% 2033,IN1620230327
87604,DSP Mutual Fund,INF740KA1UR9
87607,Anand Rayons Limited,INE02GA01012
87608,Avenue Supermarts Limited,INE192R01011
87609,SDL HR 7.77% 2036,IN1620230343
87617,SCL 9.30% 2035 SR XIII,INE148I07XE3
87621,SDL AP 7.5% 2032,IN1020240066
87622,CROP LIFE SCIENCE LIMITED,INE00NH01017
87625,SOLID STONE COMPANY LTD.,INE584G01012
87626,SDL HR 7.66% 2036,IN1620230350
87634,HONEYWELL AUTOMATION INDIA LTD,INE671A01010
87638,NILACHAL CARBO METALICKS LIMIT,INE346R01013
87639,SDL HR 7.49% 2036,IN1620230368
87650,SDL HR 7.47% 2036,IN1620230376
87652,DSP BSE Liquid Rate ETF,INF740KA1UM0
87657,SDL AP 7.39% 2030,IN1020240017
87658,SDL HR 7.44% 2036,IN1620230384
87659,B2B SOFTWARE TECHNOLOGIES LTD.,INE151B01011
87660,SCL 9.45% 2028 SR III,INE148I07XA1
87661,SDL AP 7.46% 2041,IN1020240025
87664,SDL HR 7.44% 2033,IN1620230152
87672,SDL TS 7.04% 2032,IN4520210209
87680,SDL AR 6.54% 2030,IN1120200036
87711,705TELSDL41,IN4520210043
87720,SDL TS 7.14% 2033,IN4520210217
87724,S D RETAIL LIMITED,INE0X6F01017
87725,SDL AR 6.85% 2031,IN1120200044
87729,SDL HR 7.45% 2035,IN1620230160
87762,SDL HR 7.44% 2035,IN1620230178
87768,SDL TS 7.18% 2033,IN4520210225
87792,SDL HR 7.47% 2033,IN1620230186
87802,SDL TS 7.28% 2035,IN4520210233
87828,ANTARCTICA LTD,INE414B01021
87843,SDL HR 7.45% 2033,IN1620230194
87846,SCL 8.8570% 2030 SR II,INE148I07YH4
87852,SDL AP 7.42% 2045,IN1020240199
87866,SCL 8.7923% 2030 SR I,INE148I07YI2
87870,DSP Mutual Fund,INF740KA1VE5
87880,Amkay Products Limited,INE0QSB01016
87881,SDL AR 8% 2030,IN1120200010
87885,KIRLOSKAR ELECTRIC COMPANY LTD,INE134B01017
87904,SCL 9.05% 2036,INE148I07YJ0
87905,SDL AR 7.64% 2030,IN1120200028
87927,SDL TS 7.34% 2035,IN4520210282
87950,SDL TS 7.36% 2036,IN4520210290
87975,DIVGI TORQTRANSFER SYST L,INE753U01022
87985,IOCL-7.25%-6-1-30-PVT,INE242A08569
87987,Millennium Online Solutions (I,INE570N01025
87991,HUDCO-6.75%-29-5-30-PVT,INE031A08806
87997,GS06MAY57,IN000557C016
88000,SCCL-30-04-26--CP,INE403G14TW2
88006,SDL TS 7.34% 2034,IN4520210241
88024,IOCL-6-9-27-PVT,INE242A08536
88042,SCCL-23-9-26-CP,INE403G14TV4
88053,HUDCO-7.68%-16-5-26,INE031A08871
88054,IOCL-7.44%-25-11-27-PVT,INE242A08544
88064,SDL TS 7.37% 2036,IN4520210258
88073,IOCL-7.36%-16-7-29-PVT,INE242A08551
88079,STANDARD SHOE SOLE AND MOULD (,INE888N01013
88081,SCCL-4-9-26-CP,INE403G14TU6
88086,GUJARAT TERCE LABORATORIES LTD,INE499G01013
88089,SDL TS 7.13% 2037,IN4520210266
88092,HUDCL-7.52%-15-4-33-PVT,INE031A08863
88110,SCC-10-9-26-CP,INE403G14TT8
88120,SDL TS 7.13% 2034,IN4520210274
88123,NHC FOODS LTD.,INE141C01036
88137,IOCL-7.79%-12-4-32-PVT,INE242A08528
88143,GS15MAR34C,IN000334C028
88151,VALSON INDUSTRIES LTD.,INE808A01018
88153,GILLANDERS ARBUTHNOT LTD,INE047B01011
88156,SCCL-12-06-26-CP,INE403G14TS0
88159,SCL 9.02% 2030 SR IX,INE148I07XZ8
88160,QMS MEDICAL ALLIED S LTD,INE0FMW01018
88161,JSW CEMENT LIMITED,INE718I01012
88162,SCCL-29-5-26-CP,INE403G14TR2
88163,AERON COMPOSITE LIMITED,INE0WL801011
88164,IOCL-6.14%-18-2-27-PVT,INE242A08502
88165,SCCL-5-6-26-CP,INE403G14TQ4
88166,NL-7.40-08-3-27-PVT,INE310A07020
88167,JYOTI GLOBAL PLAST LTD,INE1M3T01017
88168,GFL-5-3-26-CP,INE02KN14457
88176,SCCL-11-6-26-CP,INE403G14TP6
88181,UNITED CREDIT LTD.,INE858C01027
88190,SDL AP 7.51% 2041,IN1020240108
88191,GFL-17-2-26-CP,INE02KN14440
88192,SCL 0% 2027 SR III,INE148I07XV7
88201,SCCL-26-5-26-CP,INE403G14TN1
88202,BPL LTD.,INE110A01019
88203,SCL 0% 2028 SR VI,INE148I07XW5
88205,GFL-27-2-26-CP,INE02KN14465
88215,SCCL-19-5-26-CP,INE403G14TM3
88220,GS12JUN27C,IN000627C041
88221,GFL-18-03-26-CP,INE02KN14499
88222,SCL 0% 2027 SR III,INE148I07XX3
88224,DIAMANT INFRASTRUCTURE LIMITED,INE206I01026
88230,Shree Marutinandan Tubes Limit,INE0QIS01011
88234,CROMPT GREA CON ELEC LTD,INE299U01018
88237,GS17JUN27C,IN000627C033
88239,KERALA AYURVEDA LTD.,INE817B01025
88244,SCL 9.95% 2035 SR XII,INE148I07XY1
88246,SCCL-24-04-26-CP,INE403G14TK7
88258,SCL 9.20% 2028,INE148I07YC5
88263,SCL 9.60% 2035,INE148I07YD3
88264,SDL AP 7.42% 2043,IN1020240157
88266,GS15JUN27C,IN000627C058
88268,SHANGAR DECOR LIMITED,INE118R01032
88274,GS16JUN2027C,IN000627C074
88275,SDL HR 7.45% 2035,IN1620230202
88285,SCCL-19-03-26-CP,INE403G14TI1
88288,SCL 9.30% 2035 SR I,INE148I07YE1
88292,SDL AP 7.42% 2044,IN1020240165
88300,SDL HR 7.47% 2033,IN1620230210
88304,SCCL-12-03-26-CP,INE403G14TH3
88311,KFL-28-5-27-NCD,INE403Q08209
88312,SDL AP 7.45% 2033,IN1020240173
88313,SDL AP 7.45% 2040,IN1020240181
88314,SCCL-29-1-26-CP,INE403G14TG5
88315,SCL 9.15% 2030 SR II,INE148I07YF8
88322,KFL-10.25%-22-1-28-NCD,INE403Q08217
88328,SDL HR 7.53% 2033,IN1620230236
88330,SCCL-27-2-26-CP,INE403G14TF7
88335,SDL AP 7.49% 2044,IN1020240116
88336,KFL-ZC-22-1-28-NCD,INE403Q08225
88337,SDL HR 7.48% 2035,IN1620230228
88338,HEALTHY LIFE AGRITEC LIMITED,INE0L3501015
88339,SDL HR 7.59% 2035,IN1620230244
88344,SCCL-18-2-26-CP,INE403G14TE0
88348,LAKSHMI PRE SCRE LTD,INE651C01018
88351,KFL-10.25%-28-10-26-NCD,INE403Q08233
88353,SDL AP 7.47% 2037,IN1020240124
88355,GS15DEC31C,IN001231C058
88356,SDL HR 7.66% 2035,IN1620230251
88357,SCCL-10-2-26-CP,INE403G14TD2
88358,SCL 9.00% 2027 SR I,INE148I07YA9
88360,KFL-ZC-28-4-28-NCD,INE403Q08241
88362,SDL AP 7.46% 2038,IN1020240132
88372,SDL HR 7.75% 2035,IN1620230269
88373,SCL 9.25% 2030 SR VIII,INE148I07YB7
88375,GS17DEC31C,IN001231C033
88380,SDL AP 7.43% 2042,IN1020240140
88382,HDFC BANK LTD,INE040A01034
88386,MARATHON NXTGEN REALT LTD,INE182D01020
88397,HIGHWAY INFRASTRUCTURE L,INE00RL01028
88432,SDL TS 7.17% 2041,IN4520210100
88461,SDL TS 7.14% 2041,IN4520210118
88481,BALAJI AMINES LIMITED,INE050E01027
88496,HUDCO-7.15%-25-9-34-PVT,INE031A08913
88510,HUDCL-18-7-29-PVT,INE031A08905
88527,GFL-10.50%-23-12-27-PVT,INE1QWF07048
88532,Maple Infrastructure Trust,INE0M5S23019
88534,ATL RE.0.50 PPD UP,IN90NN701011
88538,SDL TS 7.09% 2040,IN4520210167
88542,HUDCO-6.90%-23-4-32-PVT,INE031A08962
88544,GFL-10.50%-20-10-27-PVT,INE1QWF07030
88558,CHOLA 8.85% 2034 SR SD69,INE121A08PM4
88559,AARTI SURFACTANTS LIMITED,INE09EO01013
88563,RESGEN LIMITED,INE0NYN01016
88564,HUDCO-7.19%-27-3-35-PVT,INE031A08954
88581,SDL TS 7.08% 2042,IN4520210175
88601,CHOLA 9% 2034 SR SD70,INE121A08PN2
88610,HUDCO-7.37%-12-3-35-PVT,INE031A08947
88616,SDL TS 6.99% 2043,IN4520210183
88623,HUDCO-7.29%-12-2-35-PVT,INE031A08939
88639,GFL-11.50%-30-04-27-UL-PVT,INE1QWF07022
88648,GFL-10.50%-29-9-27-PVT,INE1QWF07014
88650,SDL TS 6.96% 2045,IN4520210191
88651,HUDCO-7.12%-26-12-34-PVT,INE031A08921
88672,SDL TS 7.09% 2034,IN4520210126
88674,WORTH PERIPHERALS LIMITED,INE196Y01018
88691,HUDCO-6.64%-17-7-28-PVT,INE031A08996
88702,GAME CHANGERS TEXFAB LIMITED,INE1GUJ01014
88705,SDL TS 7.05% 2035,IN4520210134
88707,GE VERNOVA T&D INDIA LTD,INE200A01026
88737,CHOLAMANDALAM IN & FIN CO,INE121A08PJ0
88742,HUDCL-6.52%-6-6-28-PVT,INE031A08988
88762,ALPHAGEO (INDIA) LTD.,INE137C01018
88766,SDL TS 7.0% 2036,IN4520210142
88795,QN-10%-17-8-26-PTC,INE0PEP15026
88811,HUDCO-6.90%-6-5-30-PVT,INE031A08970
88823,SDL TS 6.93% 2037,IN4520210159
88838,GALAXY BEARINGS LTD.,INE020S01012
88845,QN03-9.60%-17-8-26-PTC,INE0PEP15034
88853,8.58% TAX FREETRII SR2A,INE031A07972
88862,HUDCL-7.48%-17-5-29-PVT,INE031A08897
88863,LCC INFOTECH LTD,INE938A01021
88866,CMI LIMITED,INE981B01011
88867,HUDCO-7.48%-20-8-26-PVT,INE031A08889
88884,STUDDS ACCESSORIES LTD,INE00Q601028
88899,SHRE PUSH CHEM & FERT LTD,INE712K01011
88952,NHIT-7.9%-25-10-47-INVIT,INE0H7R07033
88953,INDIGO-9%-17-5-25-PTC,INE0OCN15010
89024,IUTA1-8.20%-20-9-30-PTC,INE16J715035
89028,SOFTTECH ENGINEERS LTD,INE728Z01015
89029,NHIT-25-10-40-INVIT,INE0H7R07025
89042,KFL-11%-25-5-31-PVT,INE403Q08332
89046,NHIT-25-10-35-INVIT,INE0H7R07017
89056,KFL-11%-13-7-31-PVT,INE403Q08340
89063,IUTA1-8.02%-20-9-26-PTC,INE16J715019
89075,IUTA1-8.12%-20-7-27-PTC,INE16J715027
89079,NHIT-0%-30-1-35-STRPP-INVIT,INE0H7R07058
89086,NHIT-0%-30-1-34-STRPP-INVIT,INE0H7R07066
89097,WAKEFIT INNOVATIONS LTD,INE0E7301029
89107,BANNARI AMMAN SPINNING MILLS L,INE186H01022
89112,GOI LOAN 9.20% 2030,IN0020130053
89130,BML-9.15%-17-6-27-PVT,INE443L08172
89143,GOI LOAN 9.23% 2043,IN0020130079
89148,Krupalu Metals Limited,INE0XZB01017
89158,ALOK INDUSTRIES LIMITED,INE270A01029
89159,HINDUSTAN MOTORS LTD.,INE253A01025
89176,ANLON HEALTHCARE LIMITED,INE0Y8W01017
89177,BML-14.5%-30-9-27-PVT,INE443L08131
89179,COMMERCIAL SYN BAGS LTD,INE073V01015
89180,SDL TS 7.05% 2041,IN4520210043
89193,RAJSHREE POLYPACK LTD,INE760W01023
89194,OCCL LIMITED,INE0PK601023
89196,GALLANTT ISPAT LIMITED,INE297H01019
89208,SDL TS 7.04% 2051,IN4520210050
89209,AMBER ENTERPRISES (I) LTD,INE371P01015
89212,SDL TS 7.03% 2051,IN4520210068
89236,SDL TS 7.06% 2041,IN4520210076
89260,TML 7.65% 2028 TR II,INE155A08456
89266,8.76% TAX FREETRI SR2B,INE031A07949
89268,SBEC SYSTEMS (INDIA) LTD.,INE689V01018
89307,UFLEX LIMITED,INE516A01017
89317,HINDALCO INDUSTRIES LTD.,INE038A01020
89320,SDL TS 6.89% 2051,IN4520210019
89329,Jain Resource Recycling Limite,INE0YD401026
89337,TML 7.08% 2028 TR I,INE155A08472
89338,SATIN CREDITCARE NETWORK LIMIT,INE836B01017
89361,SDL TS 6.96% 2051,IN4520210027
89364,TML 7.08% 2028 E31B TR I,INE155A08480
89375,8.51% TAX FREETRI SR2A,INE031A07915
89379,REXNORD ELECTRONICS & CONTROLS,INE687C01012
89381,SDL TS 6.98% 2041,IN4520210035
89406,CEETA INDUSTRIES LTD.,INE760J01012
89408,CIFL 8.75% 2032 SD76,INE121A08PU7
89414,7.51 NCD 16FEB28 TR1 SR2,INE031A07865
89415,RISHABH INSTRUMENTS LTD,INE0N2P01017
89419,GOI STRIPS C 220840,IN000840C016
89420,HRS ALUGLAZE LIMITED,INE1E1V01017
89437,CIFL 8.57% 2032 SR 77,INE121A08PV5
89445,APEX CAPITAL AND FINANCE LIMIT,INE758W01019
89462,8.20 NCD05MAR27 FV 1000,INE031A07840
89464,CIFL 9.00% 2035 SR SD 74,INE121A08PS1
89467,PODDAR PIGMENTS LTD.,INE371C01013
89472,CIFL 9.05% 2032 SD75,INE121A08PT9
89496,SDL TS 7.18% 2051,IN4520210084
89520,PIONEER EMBROIDERIES LTD.,INE156C01018
89522,CIFL 8.92% 2034 SR SD73,INE121A08PR3
89533,SDL TS 7.24% 2051,IN4520210092
89545,MAHALAXMI RUBTECH LIMITED,INE112D01035
89548,MORGANITE CRUCIBLE (INDIA) LTD,INE599F01020
89562,BOND 7.19% PA TAX FREE S2,INE031A07881
89566,TAKE SOLUTIONS LTD,INE142I01023
89572,PHYSICSWALLAH LIMITED,INE0LP301011
89581,CIFL 9.10% 2031,INE121A08PP7
89590,SFL 8.23% 2034 SR Y3,INE660A08CI7
89593,RNFI SERVICES LIMITED,INE0SA001017
89603,ASL-24-2-26-CP,INE110O14EV1
89628,Saumya Consultants Ltd.,INE563C01015
89631,ASL-20-2-26-CP,INE110O14EW9
89657,NIRAJ ISPAT IND LTD,INE326T01011
89671,SMC GLOBAL SECURITIES LTD,INE103C01036
89694,GS19SEP2026,IN000926C047
89696,ANIK INDUSTRIES LTD.,INE087B01017
89699,CIFL 8.40% 2032 SR SD78,INE121A08PX1
89702,ABIRAMI FINANCIAL SERVICES (IN,INE195I01013
89756,INDIA HOME LOAN LTD.,INE274E01015
89757,SMIL-6.09%-25-11-26-PVT,INE775A08063
89758,SOMA TEXTILEI NDUSTRIES L,INE314C01013
89767,ELECON ENG. CO. LTD,INE205B01031
89768,Nippon India Mutual Fund,INF204KB19T8
89770,Indegene Limited,INE065X01017
89786,AMBITIOUS PLASTOMAC COMPANY LT,INE267C01013
89792,WE WIN LIMITED,INE082W01014
89803,684GJSDL31,IN1520250177
89825,TTK PRESTIGE LTD.,INE690A01028
89834,SMIL-8.10%-4-10-28-PVT,INE775A08097
89838,706GUJSD33,IN1520250151
89846,SDL KA 7.63% 2037,IN1920220051
89852,707GJSDL32,IN1520250144
89880,ANGEL ONE LIMITED,INE732I01013
89887,SDL KA 7.63% 2042,IN1920220069
89894,ICRA LTD.,INE725G01011
89919,SDL KA 7.74% 2037,IN1920220036
89937,SDL KA 7.67% 2032,IN1920220028
89940,RAJESH EXPORTS LTD.,INE343B01030
89942,SDL KA 7.66% 2042,IN1920220044
89965,SDL KA 7.68% 2031,IN1920220010
90047,TTK PRESTIGE LTD,INE690A01028
90098,Fone4 Communications (India) L,INE0L3H01014
90156,IndiaMART InterMESH Limited,INE933S01016
90171,SSFL-11.50%-30-6-28-PVT,INE572J07802
90195,SDL KA 7.63% 2039,IN1920220093
90240,SDL KA 7.59% 2038,IN1920220077
90264,STNIV-8.80%-20-11-29-PTC,INE0SAI15015
90266,SDL KA 7.54% 2041,IN1920220085
90295,JSW STEEL LTD.,INE019A01038
90329,CESC LTD,INE486A01021
90334,LOKESH MACHINES LTD.,INE397H01017
90369,eMudhra Limited,INE01QM01018
90388,NOVARTIS INDIA LTD.,INE234A01025
90431,SDL KA 7.63% 2040,IN1920220101
90434,RANA SUGARS LTD.,INE625B01014
90458,RAMKRISHNA FORGINGS LTD,INE399G01023
90479,DCM SHRIRAM INDUSTRIES LTD.,INE843D01027
90498,STERLING TOOLS LTD.,INE334A01023
90510,PARAGON FINE S.C. LTD.,INE0N4G01012
90538,Scarnose International Limited,INE0IXR01019
90543,VEER ENERGY & INFRASTRUCTURE L,INE255E01030
90605,SMIL-6.80%-27-06-30-PVT,INE775A08113
90608,Hexaware Technologies Limited,INE093A01041
90651,Samvardhana Motherson Internat,INE775A08105
90696,Fairchem Organics Limited,INE0DNW01011
90701,CHOLAMANDALAM FINANCIAL HOLDIN,INE149A01033
90706,SDL KA 7.6% 2033,IN1920220168
90711,JOINTECA EDUCATION SOLUTIONS L,INE131N01018
90736,SDL KA 7.6% 2032,IN1920220135
90743,SAHAJ FASHIONS LIMITED,INE013901017
90756,SDL KA 7.68% 2034,IN1920220127
90771,SDL KA 7.65% 2034,IN1920220143
90794,RELIANCE POWER LTD.,INE614G01033
90798,VARDHMAN HOLDINGS LTD.,INE701A01023
90813,ABL-7.45%-5-9-34-PVT,INE238A08500
90817,717GJSDL34,IN1520250201
90820,S. P. APPARELS LIMITED,INE212I01016
90832,ABL-7.27%-26-11-35-PVT,INE238A08518
90838,JAGSONPAL SERVICES LIMITED,INE582C01015
90856,Blue Jet Healthcare Limited,INE0KBH01020
90857,SDL KA 7.6% 2032,IN1920220119
90904,DAIKAFFIL CHEMICALS INDIA LTD.,INE789B01018
90909,MIRC ELECTRONICS LTD.,INE831A01028
90912,GALLANTT ISPAT LIMITED,INE297H01019
90913,WELSPUN SPECIALTY SOLUTIONS LI,INE731F01037
90973,SDL GJ 7.45% 2030,IN1520190225
90977,JAY JALARAM TECHNO LTD,INE0J6801010
90985,TAKYON NETWORKS LIMITED,INE14OX01013
91006,SDL GJ 7.04% 2030,IN1520190217
91017,SIS LIMITED,INE285J01028
91040,7466NOV73,IN001173P013
91041,PI INDUSTRIES LTD,INE603J01030
91042,SDL GJ 7.10% 2030,IN1520190209
91065,BHARAT BIJLEE LTD.,INE464A01036
91082,FDC LTD.,INE258B01022
91090,KPDL-ZC-17-4-33-PVT,INE094I07049
91124,LMPL-14.5%-28-5-29-PVT,INE366T08020
91127,KPDL-21-12-33-PVT,INE094I07064
91128,INDO GULF INDUSTRIES LTD.,INE684U01011
91129,ESSAR SHIPPING LTD.,INE122M01019
91130,KVS Castings Limited,INE163701019
91131,HLE GLASCOAT LIMITED,INE461D01028
91139,KPDL-ZC-20-9-34-PVT,INE094I07072
91147,GS06NOV72,IN001172C013
91150,SDL GJ 6.99% 2026,IN1520190233
91155,MCL-IRR-24-8-26-PVT,INE435D07144
91160,GANGA FORGING LIMITED,INE691Z01023
91167,KPDL-15-10-35-PVT,INE094I07080
91183,INDIAN RENEWABLE ENERGY,INE202E01016
91189,831KSDL29,IN2020180146
91196,SIMPLEX REALTY LTD.,INE167H01014
91199,KPDL-ZC-30-10-35-PVT,INE094I07098
91224,STM-9.45%-15-9-28-PTC,INE0X4L15010
91227,Padmanabh Industries Ltd,INE743D01011
91232,Billwin Industries Limited,INE0CRS01012
91267,INFO EDGE (I) LTD,INE663F01032
91268,Transrail Lighting Limited,INE454P01035
91269,RELIANCE FIXED HORIZON FUND- X,INF204KB1841
91270,EICHER MOTORS LTD,INE066A01021
91271,Nippon India Mutual Fund,INF204KB17S4
91272,GUJARAT GAS LIMITED,INE844O01030
91275,ABL-8.60%-28-12-28-PVT,INE238A08450
91281,Nibe Ordnance and Maritime Lim,INE425H01016
91282,Nippon India Mutual Fund,INF204KB17R6
91283,RELIANCE INFRASTRUCTURE LTD.,INE036A01016
91284,PPAP AUTOMOTIVE LIMITED,INE095I01015
91300,SDL KA 7.35% 2040,IN1920200616
91301,Nippon India Mutual Fund,INF204KB17Q8
91302,RELIANCE MUTUAL FUND- RELIANCE,INF204KB1825
91303,IIFL-9.60%-21-4-30-NCD,INE530B07484
91304,RELIANCE MUTUAL FUND- RELIANCE,INF204KB1809
91305,ABL-7.66%-15-06-27-PVT,INE238A08435
91306,BROOKS LABORATORIES LTD.,INE650L01011
91314,Nippon India Mutual Fund,INF204KB17P0
91316,SDL KA 7.35% 2039,IN1920200608
91320,RELIANCE MUTUAL FUND- RELIANCE,INF204KB1817
91321,IIFL-9.75%-21-4-28-NCD,INE530B07476
91343,ABL-7.88%-13-12-32-PVT,INE238A08484
91344,Nippon India Mutual Fund - Per,INF204KB1882
91352,SEC RE NCD 10% SR. V,INE741K07496
91359,AATL-18-3-26-CP,INE702C14CU6
91360,ABL-7.64%-7-3-34-PVT,INE238A08492
91361,RELIANCE FIXED HORIZON FUND- X,INF204KB1874
91378,ABL-7.65%-30-01-27-PVT,INE238A08468
91400,KOPRAN LTD.,INE082A01010
91401,RELIANCE FIXED HORIZON FUND- X,INF204KB1866
91402,AMAL LTD.,INE841D01013
91417,ABL-6.99%-22-12-31-PVT,INE238A08476
91423,Nippon India Mutual Fund,INF204KB17T2
91433,RELIANCE FIXED HORIZON FUND- X,INF204KB1858
91437,SDL KA 6.99% 2028,IN1920200681
91455,PEARL POLYMERS LTD,INE844A01013
91459,SDL KA 7.29% 2039,IN1920200673
91479,HOME FIRST FIN CO IND LTD,INE481N01025
91491,KROSS LIMITED,INE0O6601022
91494,SAMHI HOTELS LIMITED,INE08U801020
91499,SDL KA 7.19% 2039,IN1920200699
91522,SDL KA 7.22% 2038,IN1920200640
91524,IIFL-10.25%-21-4-30-NCD,INE530B07492
91534,Luxury Time Limited,INE1CJB01013
91536,AGARWAL FLOAT GLASS I LTD,INE0MLA01012
91537,ABL-7.84%-23-11-26-PVT,INE238A08419
91538,SDL KA 7.29% 2037,IN1920200632
91549,TwamevConstruction and Infrast,INE388G01026
91550,SDL KA 7.29% 2036,IN1920200624
91553,SDL KA 7.24% 2038,IN1920200665
91554,TV TODAY NETWORK LTD.,INE038F01029
91573,SDL KA 7.24% 2037,IN1920200657
91608,CHEMPLAST SANMAR LIMITED,INE488A01050
91610,Aarti Surfactants Limited,INE09EO01013
91614,BAJEL PROJECTS LIMITED,INE0KQN01018
91621,ANAND RATHI SHARE AND STOCK BR,INE549H01021
91629,Reliance Mutual Fund,INF204KB18B8
91638,PRAKASH INDUSTRIES LTD.,INE603A01013
91639,JKCL-17-2-26-CP,INE823G14BE7
91667,SDL AP 7.59% 2033,IN1020220621
91677,SURAKSHA DIAGNOSTIC LTD,INE877V01027
91679,MAHANAGAR TELEPHONE NIGAM,INE153A01019
91691,SDL AP 7.54% 2029,IN1020220613
91695,SAVITA OIL TECHNOLOGIES LTD.,INE035D01020
91703,JKCL-13-2-26-CP,INE823G14BD9
91723,SDL AP 7.64% 2033,IN1020220605
91734,JKCL-23-2-26-CP,INE823G14BA5
91744,GS19MAR2032,IN000332C048
91752,PADMALAYA TELEFILMS LTD.,INE243B01016
91768,JKCL-2-3-26-CP,INE823G14BB3
91781,SDL AP 7.7% 2030,IN1020220662
91787,JAMNA AUTO INDUSTRIES LTD.,INE039C01032
91795,SDL AP 7.71% 2036,IN1020220654
91807,ACCEDERE LIMITED,INE578B01015
91814,SDL AP 7.66% 2032,IN1020220647
91820,LCC INFOTECH LTD.,INE938A01021
91822,IIFL-21-4-28-NCD,INE530B07500
91823,SKF IND (INDUSTRIAL) LTD,INE2J8701016
91830,Gujarat Winding Systems Limite,INE173V01013
91833,SDL AP 7.69% 2035,IN1020220639
91835,IIFL-9.35%-21-4-28-NCD,INE530B07518
91837,SHREE-11.30%-31-3-24-PVT,INE087H07110
91839,Nippon India Mutual Fund,INF204KB18P8
91850,Nippon India Mutual Fund,INF204KB18Q6
91856,RELIANCE FIXED HORIZON FUND- X,INF204KB1924
91858,RELIANCE FIXED HORIZON FUND XX,INF204KB1908
91859,SDL AP 7.7% 2028,IN1020220696
91863,SHREERENUKA-11.70%-31-3-24-PVT,INE087H07102
91870,SDL AP 7.74% 2032,IN1020220688
91883,Nippon India Mutual Fund,INF204KB18O1
91885,SDL AP 7.71% 2033,IN1020220670
91894,GlobalSpace Technologies Limit,INE632W01016
91896,UNI ABEX ALLOY PRODUCTS LTD.,INE361D01012
91899,AEROFLEX ENTERPRISES LTD,INE065D01027
91913,S J LOGISTICS (INDIA) LTD,INE0F3301020
91926,Nippon India Mutual Fund,INF204KB18T0
91927,Garbi Finvest Limited,INE721C01019
91928,SDL KA 7.19% 2040,IN1920200707
91930,IIFL-ZC-28-6-26-NCD,INE530B07351
91931,RODIUM REALTY LIMITED,INE513E01024
91932,Nippon India Mutual Fund,INF204KB18S2
91934,IFL-8.5%-28-6-26-NCD,INE530B07344
91935,CCL PRODUCTS (I) LTD,INE421D01022
91937,AIFL 7.6825% 2027 SR G1,INE0AD507192
91938,Nippon India Mutual Fund,INF204KB18R4
91962,JAYSHREE TEA & INDUSTRIES,INE364A01020
91972,FEDERAL-MOGUL GOETZE (IND,INE529A01010
91977,BEW ENGINEERING LIMITED,INE0HQI01014
91979,The Anup Engineering Ltd,INE294Z01018
91983,IST LTD.,INE684B01029
91986,HDB FINANCIAL SERVICES LIMITED,INE756I01012
91997,SICAGEN INDIA LTD.,INE176J01011
91999,ORIENT PAPER AND INDS LTD,INE592A01026
92029,IIFL-8.65%-25-1-28-NCD,INE530B07310
92031,BLS International Services Ltd,INE153T01027
92048,AIF 7.70 2029 PP D5STRPII,INE0AD507143
92066,AIF 7.73 2028 PP D3STRPII,INE0AD507135
92079,SETCO AUTOMOTIVE LTD,INE878E01021
92101,SANBLUE CORPORATION LTD.,INE602D01027
92102,AIFL 7.78% 2030 SR A1,INE0AD507127
92107,SERVOTECH REN POW SYS LTD,INE782X01033
92109,ADMACH SYSTEMS LIMITED,INE0XLO01010
92136,AIFL 7.73% 2030 SR E2,INE0AD507184
92138,IFL-ZC-28-6-28-NCD,INE530B07369
92144,IFL-8.65%-18-6-28-NCD,INE530B07385
92146,895FCI29,INE861G08043
92151,AIFL 7.6377% 2029 SR E1,INE0AD507176
92155,IIFL-9%-28-6-28-NCD,INE530B07377
92172,AIF 7.70% 2026 D4 STRPP I,INE0AD507168
92189,AIF 7.73% 2026 D2 STRPP I,INE0AD507150
92196,SAKTHI FINANCE LTD.,INE302E01014
92209,SDL AP 7.77% 2040,IN1020220704
92214,SJVN-6.10%-29-9-26-PVT,INE002L08010
92245,KRN HEAT EXCHANGE N REF L,INE0Q3J01015
92259,73GS2053P,IN000653P015
92263,JAY AMBE SUPERMARKETS LIMITED,INE1DRH01011
92288,One 97 Communications Limited,INE982J01020
92316,UNICHEM LABORATORIES LTD.,INE351A01035
92322,SDL AP 7.73% 2032,IN1020220746
92329,NIPPON INDIA ETF HANG SENG BEE,INF204KB19I1
92338,SDL AP 7.7% 2030,IN1020220738
92343,GS06NOV47,IN001147C015
92348,JINDAL HOTELS LTD.,INE726D01016
92350,SDL AP 7.7% 2029,IN1020220720
92362,SDL AP 7.69% 2043,IN1020220712
92366,Gallard Steel Limited,INE0BUQ01012
92372,JK TYRE & INDUSTRIES LTD.,INE573A01042
92411,TOKYO PLAST INTERNATIONAL LTD.,INE932C01012
92449,INDEF MANUFACTURING LTD,INE0O9T01021
92476,717KPL2028,INE363O07046
92481,ABL-8.50%-27-5-26-PVT,INE238A08393
92483,SWARAJ ENGINES LTD,INE277A01016
92496,BCL Enterprises Limited,INE368E01023
92506,Nippon India Mutual Fund,INF204KB19S0
92519,INFOMEDIA PRESS LTD.,INE669A01022
92529,IDBI BANK LTD.,INE008A01015
92530,BALAJI AMINES LTD.,INE050E01027
92531,Nippon India Mutual Fund,INF204KB19R2
92533,POWER GRID CORP. LTD.,INE752E01010
92551,Nippon India Mutual Fund,INF204KB19Q4
92557,Nippon India Mutual Fund,INF204KB19O9
92577,GREENPANEL INDUSTRIES LTD,INE08ZM01014
92580,Nippon India Mutual Fund,INF204KB19P6
92594,Nippon India Mutual Fund,INF204KB15O7
92606,SDL AP 7.45% 2040,IN1020220498
92636,SDL AP 7.58% 2042,IN1020220480
92639,SDL AP 7.58% 2040,IN1020220472
92652,ANSAL BUILDWELL LTD.,INE030C01015
92662,AJANTA SOYA LTD.,INE601B01023
92663,RELIANCE MUTUAL FUND- RELIANCE,INF204KB1643
92671,MID EAST PORTFOLIO MANAGEMENT,INE033E01015
92680,Nippon India Mutual Fund,INF204KB15S8
92692,Nippon India Mutual Fund,INF204KB15R0
92694,Nippon India Mutual Fund,INF204KB15Q2
92701,RAPICUT CARBIDES LTD.,INE350D01015
92704,PYRAMID TECHNOPLAST LTD,INE0MIS01010
92705,GS22APR37,IN000437C037
92708,Brainbees Solutions Limited,INE02RE01045
92711,Nippon India Mutual Fund,INF204KB15P4
92713,GS15APR37C,IN000437C045
92715,BBTCL-5-5-26-CP,INE050A14879
92716,GOI TBILL 364D-10/04/26,IN002025Z021
92731,THFPL-9.75%-16-8-27-PVT,INE0Q6I07017
92732,GS17DEC29C,IN001229C037
92735,GOI TBILL 364D-02/04/26,IN002025Z013
92740,RELIANCE MUTUAL FUND- RELIANCE,INF204KB1676
92744,Nippon India Mutual Fund - Per,INF204KB15V2
92750,THFPL-9.70%-26-11-27-PVT,INE0Q6I07025
92755,Geetanjali Credit And Capital ,INE263R01010
92757,BBTCL-10-9-26-CP,INE050A14853
92769,Nippon India Mutual Fund,INF204KB15U4
92778,THFPL-9.68%-30-12-27-PVT,INE0Q6I07033
92781,RELIANCE MUTUAL FUND- RELIANCE,INF204KB1668
92782,GS15DEC29C,IN001229C052
92784,BBTCL-19-08-26-CP,INE050A14861
92789,NATURAL CAPSULES LTD.,INE936B01015
92790,BBTCL-10-8-26-CP,INE050A14846
92805,Nippon India Mutual Fund,INF204KB15T6
92808,RELIANCE MUTUAL FUND- RELIANCE,INF204KB1650
92810,THFPL-9.68%-14-1-28-PVT,INE0Q6I07041
92829,GOI TBILL 364D-07/05/26,IN002025Z062
92844,GS06MAY34C,IN000534C015
92851,GOI TBILL 364D-01/05/26,IN002025Z054
92867,TBBTCL-16-2-26-CP,INE050A14895
92873,EIMCO ELECON (INDIA) LTD,INE158B01016
92877,GOI TBILL 364D-24/04/26,IN002025Z047
92881,UNION QUALITY PLASTICS LTD.,INE338N01019
92885,TBBT-12-11-26-CP,INE050A14887
92890,GOI TBILL 364D-16/04/26,IN002025Z039
92898,FILATEX FASHIONS LIMITED,INE185E01021
92930,VISAKA INDUSTRIES LIMITED,INE392A01021
92953,SDL TS 7.99% 2035,IN4520190187
92956,SDL TS 7.99% 2030,IN4520190179
92993,VARDHMAN TEXTILES LTD.,INE825A01020
93015,Reliance Mutual Fund,INF204KB16B2
93048,Integrated Capital Services Lt,INE682B01023
93055,Shreeji Shipping Global Limite,INE1B6101010
93075,SDL AP 7.72% 2035,IN1020220423
93091,TRAVEL FOOD SERVICES LTD,INE103V01028
93099,HIMATSINGKA SEIDE LTD,INE049A01027
93117,SDL AP 7.96% 2040,IN1020220415
93146,SDL AP 7.97% 2036,IN1020220407
93186,DLF LIMITED,INE271C01023
93187,SDL AP 7.71% 2042,IN1020220464
93196,SDL TS 7.31% 2060,IN4520190153
93201,SDL TS 7.39% 2059,IN4520190146
93223,SDL TS 6.94% 2060,IN4520190161
93226,SDL AP 7.71% 2039,IN1020220456
93256,K K SILK MILLS LIMITED,INE0EOJ01014
93266,SDL AP 7.71% 2037,IN1020220449
93283,NIPPON INDIA ETF PSU BANK BEES,INF204KB16I7
93284,SDL AP 7.74% 2038,IN1020220431
93308,SDL TS 7.43% 2054,IN4520190138
93331,TRF LIMITED,INE391D01019
93332,Nippon India Mutual Fund,INF204KB16Q0
93357,Nippon India Mutual Fund,INF204KB16P2
93361,CONCORD ENVIRO SYSTEMS L,INE037Z01029
93366,Nippon India Mutual Fund,INF204KB16O5
93376,SDL AP 7.55% 2029,IN1020220597
93380,PIDILITE INDUSTRIES LTD,INE318A01026
93421,Nippon India Mutual Fund,INF204KB16U2
93429,IIFL-21-4-27-NCD,INE530B07526
93460,Nippon India Mutual Fund,INF204KB16T4
93468,IIFL-9.30%-21-4-27-NCD,INE530B07534
93499,SUDLIC-7.75%-24-11-31-PVT,INE503V08016
93507,Nippon India Mutual Fund,INF204KB16S6
93508,IIFL-21-7-26-NCD,INE530B07542
93525,COUNTRY CLUB HOSP HOL LTD,INE652F01027
93533,Nippon India Mutual Fund,INF204KB16R8
93537,IIFL-9%-21-7-26-NCD,INE530B07559
93559,HUHTAMAKI INDIA LIMITED,INE275B01026
93562,NHPC LTD.,INE848E01016
93563,BANNARI AM SPIN MILL LTD.,INE186H01022
93606,PRECISION ELECTRONICS LTD.,INE143C01024
93607,GS22OCT29,IN001029C031
93608,Pervasive Commodities Limited,INE443P01038
93609,Navigant Corporate Advisors Li,INE364T01012
93614,Satiate Agri Limited,INE06DM01015
93621,WALLFORT FINANCIAL SERVICES LT,INE121B01014
93625,ALGOQUANT FINTECH LIMITED,INE598D01035
93633,GS15OCT29C,IN001029C049
93640,Reliance Mutual Fund,INF204KB17B0
93645,BALAXI PHARMA LTD,INE618N01022
93648,Associated Coaters Limited,INE0RIQ01013
93667,GUJARAT CREDIT CORPORATION LTD,INE034B01019
93691,Bondada Engineering Limited,INE0Q8P01029
93737,SDL AP 7.45% 2042,IN1020220506
93747,Harish Textile Engineers Limit,INE01K301012
93770,Cemindia Projects Limited,INE686A01026
93791,KANPUR PLASTIPACK LTD.,INE694E01014
93794,GEEKAY WIRES LIMITED,INE669X01032
93817,SDL AP 7.74% 2042,IN1020220548
93828,RKEC PROJECTS LIMITED,INE786W01010
93839,COUNTRY CONDOS LTD.,INE695B01025
93840,PRUDENTIAL SUGAR CORPORATION L,INE024D01016
93841,SDL AP 7.82% 2035,IN1020220530
93843,NIPPON INDIA ETF GOLD BEES,INF204KB17I5
93853,MAS FINANCIAL SERV LTD,INE348L01012
93859,SDL AP 7.71% 2034,IN1020220522
93860,SDL TS 7.35% 2030,IN4520190211
93863,SDL TS 7.25% 2028,IN4520190203
93880,SDL AP 7.6% 2028,IN1020220514
93903,SDL AP 7.5% 2028,IN1020220589
93922,SHAILY ENGINEERING PLASTICS LT,INE151G01028
93927,Nippon India Mutual Fund,INF204KB17O3
93934,SDL AP 7.86% 2033,IN1020220571
93972,SDL AP 7.75% 2029,IN1020220563
93983,VAMA INDUSTRIES LTD.,INE685D01022
94000,SDL AP 7.85% 2040,IN1020220555
94010,BALMER LAWRIE & CO LTD,INE164A01016
94016,SDL AP 7.95% 2039,IN1020220266
94038,RCFL-7.99%-7-8-27-PVT,INE027A08028
94046,STAR DELTA TRANSFORMERS LIMITE,INE541K01014
94050,AIRTEL RS. 1.25 PPD UP,IN9397D01014
94055,SDL AP 7.95% 2038,IN1020220258
94078,SDL AP 7.94% 2034,IN1020220241
94121,SDL AP 7.93% 2033,IN1020220233
94141,Beezaasan Explotech Limited,INE13VU01016
94173,GOI TBILL 364D-28/08/26,IN002025Z229
94192,GOI TBILL 364D-20/08/26,IN002025Z211
94208,SDL AP 7.95% 2040,IN1020220290
94234,GOI TBILL 364D-13/08/26,IN002025Z203
94246,SDL AP 7.92% 2042,IN1020220282
94252,JAY BHARAT MARUTI LTD.,INE571B01036
94255,SDL AP 7.95% 2040,IN1020220274
94290,SDL KA 6.61% 2035,IN1920200202
94291,PHFL 7.28% 2028 SR LXXII,INE572E07258
94295,SDL PY 7.35% 2027,IN3820230024
94296,GOI TBILL 364D-24/09/26,IN002025Z260
94297,Nippon India Mutual Fund,INF204KB13S3
94302,GOI TBILL 364D-17/09/26,IN002025Z252
94303,SDL PY 7.78% 2036,IN3820230016
94304,PHFL 7.5343% 2031,INE572E07266
94305,Nippon India Mutual Fund,INF204KB13R5
94312,GTPL Hathway Limited,INE869I01013
94314,MEGHMANI ORGANICS LIMITED,INE0CT101020
94316,SDL PY 7.29% 2026,IN3820230040
94320,GOI TBILL 364D-10/09/26,IN002025Z245
94326,Nippon India Mutual Fund,INF204KB13Q7
94329,DOLAT ALGOTECH LIMITED,INE966A01022
94331,SDL KA 6.56% 2030,IN1920200210
94335,SDL PY 7.47% 2037,IN3820230032
94336,GOI TBILL 364D-03/09/26,IN002025Z237
94339,Nippon India Mutual Fund,INF204KB13P9
94357,RELIANCE MUTUAL FUND- RELIANCE,INF204KB1486
94368,Vineet Laboratories Limited,INE505Y20010
94370,SDL PY 7.38% 2038,IN3820230057
94377,GOI TBILL 364D-15/10/26,IN002025Z294
94390,GOI TBILL 364D-08/10/26,IN002025Z286
94398,Nippon India Mutual Fund,INF204KB13U9
94400,GS19MAR2055,IN000355C023
94414,NIPPON LIFE INDIA ASSET MANAGE,INE298J01013
94415,DSP Mutual Fund,INF740KA1RX3
94417,Nippon India Mutual Fund,INF204KB13T1
94418,GOI TBILL 364D-02/10/26,IN002025Z278
94432,SHRI AHIMSA NATURALS LTD,INE0DM401012
94433,SDL KA 6.97% 2031,IN1920200285
94436,G M Polyplast Limited,INE0E2801015
94445,AEGIS LOGISTICS LIMITED,INE208C01025
94447,SDL KA 6.85% 2030,IN1920200277
94477,DOCMODE HEALTH TECH LTD,INE0OGG01015
94483,RELIANCE MUTUAL FUND- RELIANCE,INF204KB1494
94485,SDL KA 6.86% 2030,IN1920200293
94487,GOI TBILL 364D-06/08/26,IN002025Z195
94494,PHFL 8.104% 28 SR LXVII,INE572E07209
94495,SDL KA 6.75% 2033,IN1920200244
94498,PHFL 8.05% 30 SR LXVIII,INE572E07217
94499,SUPERHOUSE LTD.,INE712B01010
94503,DSP Mutual Fund,INF740KA1SO0
94508,SDL KA 6.65% 2030,IN1920200236
94509,PHFL 7.53% 2030 SR LXIX,INE572E07225
94512,744HRSDL32,IN1620230129
94513,SDL KA 6.77% 2034,IN1920200228
94514,SDL KA 6.78% 2032,IN1920200269
94515,PHFL 7.4342% 2030 SR LXX,INE572E07233
94516,SDL KA 6.7% 2030,IN1920200251
94518,PHFL 7.43% 2028 SR LXXI,INE572E07241
94519,DSP Mutual Fund,INF740KA1SK8
94545,DSP Mutual Fund,INF740KA1SL6
94561,7.64% TAX FREETRI SR2B,INE031A07AO5
94562,DSP Mutual Fund,INF740KA1SM4
94575,Shree Bhavya Fabrics Limited,INE363D01018
94594,DSP Mutual Fund,INF740KA1SN2
94597,JSWPL-3.65%-10-11-35-PVT,INE754Y08027
94600,SYSTEMATIX CORPORATE SERVICES,INE356B01024
94617,SDL AP 7.85% 2037,IN1020220225
94624,DENIS CHEM LAB LTD,INE051G01012
94641,NIPPON INDIA ETF NIFTY BEES,INF204KB14I2
94650,AHL-RESET RATE-22-2-44-PVT,INE365D08067
94659,SDL AP 7.8% 2031,IN1020220217
94661,7.69% TAX FREETRII SR2B,INE031A07AT4
94677,AHLUWALIA CONT IND LTD,INE758C01029
94686,GUFIC BIOSCIENCES LTD.,INE742B01025
94692,SDL AP 8.04% 2042,IN1020220209
94695,INFIBEAM AVENUES LIMITED,INE483S01020
94700,PANCHSHEEL ORGANICS LTD.,INE316G01019
94707,AHL-7%-11-7-45-PVT,INE365D08075
94713,GS19SEP2047,IN000947C035
94742,AHL-8%-31-5-41-PVT,INE365D08026
94743,SDL AP 7.82% 2042,IN1020220381
94747,SDL AP 7.72% 2034,IN1020220373
94752,MULTIPURPOSE TRADING & AGENCIE,INE017P01014
94754,TOURISM FINANCE CORP. OF,INE305A01023
94780,SDL AP 8.04% 2037,IN1020220365
94792,ESFB 11.1% 2031 SR 1,INE818W08131
94796,BHFL-09-02-26-CP,INE377Y14BP3
94800,INDO-CITY INFOTECH LTD.,INE456B01014
94814,JK LAKSHMI CEMENT LTD.,INE786A01032
94832,SDL AP 7.79% 2031,IN1020220357
94852,AHL-8%-19-7-42-PVT,INE365D08034
94868,HERANBA INDUSTRIES LTD,INE694N01015
94875,GOI TBILL 364D-04/06/26,IN002025Z104
94887,Nippon India Mutual Fund,INF204KB14Q5
94902,Energy Infrastructure Trust,INE05KD23015
94904,RELIANCE MUTUAL FUND-RELIANCE,INF204KB1510
94923,Nippon India Mutual Fund,INF204KB14P7
94925,DSP Mutual Fund,INF740KA1TA7
94931,MAXPOSURE LIMITED,INE0ECC01022
94935,Nippon India Mutual Fund,INF204KB14O0
94940,RELIANCE MUTUAL FUND- RELIANCE,INF204KB1502
94966,SDL AP 7.74% 2031,IN1020220399
94975,BHFL-05-06-26-CP,INE377Y14BS7
94979,COMPETENT AUTOMOBILES CO.LTD.,INE823B01015
94989,FRIEZA-9.90%-17-12-26-PTC,INE26SJ15017
95004,Nippon India Mutual Fund,INF204KB14U7
95005,GOI TBILL 364D-02/07/26,IN002025Z146
95009,SDL KA 6.61% 2030,IN1920200319
95017,CRANEX LTD.,INE608B01010
95025,PHFL 8.13% 2033,INE572E07142
95029,GOI TBILL 364D-25/06/26,IN002025Z138
95036,Nippon India Mutual Fund,INF204KB14T9
95041,SDL KA 6.62% 2032,IN1920200343
95043,PHFL 8.33% 2029 SR LXII,INE572E07159
95046,R K SWAMY LIMITED,INE0NQ801033
95051,GOI TBILL 364D-18/06/26,IN002025Z120
95052,PALRED TECHNOLOGIES LTD,INE218G01033
95053,Nippon India Mutual Fund,INF204KB14S1
95061,SDL KA 6.51% 2030,IN1920200335
95063,IT-7.30-RESET RATE-31-03-45-PV,INE790Z07079
95067,PURPLE WAVE INFOCOM LIMITED,INE0VDK01019
95068,GOI TBILL 364D-11/06/26,IN002025Z112
95069,PHFL 8.28% 2026 SR LXIII,INE572E07167
95070,Nippon India Mutual Fund,INF204KB14R3
95080,SDL KA 6.75% 2033,IN1920200327
95083,GOI TBILL 364D-30/07/26,IN002025Z187
95089,PHFL 8.24% 2028 SR LXIV,INE572E07175
95091,ESFB 11.3% 2031 SR 3,INE818W08156
95096,DSP Mutual Fund,INF740KA1SW3
95098,ZENSAR TECHNOLOGIES  LTD,INE520A01027
95109,PHFL 8.15% 2027 SR LXV,INE572E07183
95111,ESFB 11.3% 2031 SR 2,INE818W08149
95119,DSP Mutual Fund,INF740KA1SX1
95123,GOI TBILL 364D-23/07/26,IN002025Z179
95124,PNB 8.15% 2027 SR LXVI,INE572E07191
95127,SKIPPER LIMITED,INE439E01022
95132,SDL KA 7.08% 2034,IN1920200301
95135,RTL-7.03%-05-06-30-PVT,INE0N1Z08013
95139,GOI TBILL 364D-16/07/26,IN002025Z161
95145,DSP Mutual Fund,INF740KA1SY9
95153,9.01% TAX FREETRII SR3B,INE031A07AB2
95155,SWASTIKA INVESTMART LTD.,INE691C01022
95158,ROSSELL TECHSYS LIMITED,INE0OJW01016
95161,GOI TBILL 364D-09/07/26,IN002025Z153
95167,SDL JH 7.68% 2032,IN3720230017
95172,DSP BSE Sensex ETF,INF740KA1SZ6
95173,BHFL-20-2-26-CP,INE377Y14BK4
95183,LT FOODS LIMITED,INE818H01020
95188,ROADSTAR INFRA INVT TRUST,INE0JEI23010
95201,INDIAN LINK CHAIN MANUFACTURES,INE359D01024
95203,SDL HR 6.92% 2030,IN1620210097
95204,SDL KA 6.47% 2030,IN1920200392
95206,GOI TBILL 364D-28/05/26,IN002025Z096
95218,SDL HR 6.98% 2031,IN1620210089
95219,GOI TBILL 364D-21/05/26,IN002025Z088
95232,GOI TBILL 364D-14/05/26,IN002025Z070
95244,Superior Finlease Limited,INE574R01028
95246,Reliance Mutual Fund,INF204KB15B4
95247,SDL KA 6.48% 2031,IN1920200368
95257,SDL HR 7.07% 2037,IN1620210063
95258,SDAL-26-2-26-CP,INE02AL14023
95274,SDL KA 6.4% 2030,IN1920200350
95275,SDL HR 6.92% 2036,IN1620210055
95293,BANDARAM PHARMA PACKTECH LIMIT,INE875N01036
95300,SDL HR 6.95% 2033,IN1620210048
95301,SDL KA 6.75% 2035,IN1920200384
95314,GPT INFRAPROJECTS LTD.,INE390G01014
95319,SDL KA 6.4% 2030,IN1920200376
95322,SDL HR 6.84% 2032,IN1620210030
95342,SDL HR 6.79% 2031,IN1620210022
95343,DCM SHRIRAM LIMITED,INE499A01024
95344,SDL AP 7.92% 2042,IN1020220308
95354,ENERGY MISSION MACH IND L,INE0S1L01013
95366,SDL HR 6.92% 2036,IN1620210014
95368,BHFL-01-01-27-CP,INE377Y14BV1
95375,828GOI2032,IN0020060086
95393,EASY FINCORP LIMITED,INE407F01018
95394,NIPPON INDIA ETF SENSEX NEXT 5,INF204KB15D0
95395,FOODS & INNS LIMITED,INE976E01023
95400,824GOI2027,IN0020060078
95403,AMPVOLTS LIMITED,INE989J01017
95421,GUJARAT HOTELS LTD.,INE621C01011
95423,GENOMIC VALLEY BIOTECH LIMITED,INE574D01010
95424,SDL AP 8.02% 2038,IN1020220340
95435,ARNOLD HOLDINGS LTD,INE185K01036
95451,NIPPON INDIA ETF BANK BEES,INF204KB15I9
95452,SDL AP 8.03% 2036,IN1020220332
95458,833GOI2036,IN0020060045
95465,SDL AP 7.92% 2041,IN1020220324
95472,OPTIVALUE TEK CONSULT LTD,INE15B101011
95477,MAHARASHTRA CORPORATION LTD.,INE272E01027
95483,SDL AP 7.97% 2039,IN1020220316
95512,SDL AP 7.34% 2040,IN1020220027
95515,GOI TBILL 364D-21/01/27,IN002025Z427
95517,STARSOURCE MULTITRADE LIMITED,INE320M01019
95544,SDL AP 7.29% 2034,IN1020220019
95562,GOI TBILL 364D-15/01/27,IN002025Z419
95575,SASTASUNDAR VENTURES LTD,INE019J01013
95584,GOI TBILL 364D-07/01/27,IN002025Z401
95629,SDL AP 7.45% 2037,IN1020220068
95674,Aeroflex Industries Limited,INE024001021
95699,SDL AP 7.52% 2042,IN1020220043
95739,SDL AP 7.52% 2038,IN1020220035
95769,SDL KA 6.66% 2032,IN1920200442
95782,SEAMEC LIMITED,INE497B01018
95783,RELIANCE FIXED HORIZON FUND- X,INF204KB1205
95784,PONDY OXIDES & CHEM LTD,INE063E01053
95796,SDL KA 6.5% 2030,IN1920200434
95797,SILKFLEX POLYMERS INDIA L,INE0STN01015
95805,APTECH LTD.,INE266F01018
95809,Data Patterns (India) Limited,INE0IX101010
95817,SDL AP 7.78% 2042,IN1020220092
95820,SDL KA 6.72% 2033,IN1920200426
95822,SDL KA 6.69% 2037,IN1920200467
95843,SDL AP 7.78% 2041,IN1020220084
95844,SDL KA 6.53% 2030,IN1920200459
95845,SDL AP 7.76% 2032,IN1020220076
95855,CISTRO TELELINK LTD.,INE365C01023
95870,SDL KA 6.75% 2034,IN1920200400
95873,TIVOLI CONSTRUCTION LTD.,INE747V01014
95880,Nippon India Mutual Fund,INF204KB11S7
95881,JULIEN AGRO INFRATECH LIMITED,INE890N01027
95882,Roni Households Limited,INE02AP01013
95883,INDUSIND BANK LTD.,INE095A01012
95888,IIFL-9%-24-1-28-NCD,INE530B07260
95895,Nippon India Mutual Fund,INF204KB11R9
95916,INTELLECT DESIGN ARENA,INE306R01017
95918,PDL-25-03-26-CP,INE420C14227
95920,RELIANCE FIXED HORIZON FUND XX,INF204KB1221
95921,Nippon India Mutual Fund,INF204KB11Q1
95923,SDL KA 6.49% 2030,IN1920200418
95937,Emerald Finance Limited,INE030Q01015
95946,Nippon India Mutual Fund,INF204KB11P3
95948,PDL-18-02-26-CP,INE420C14219
95954,IIFL-ZERO COUPON-24-1-28-NCD,INE530B07278
95959,SUPER BAKERS (INDIA) LTD.,INE897A01011
95980,Nippon India Mutual Fund,INF204KB11U3
95993,BIRLA PRECISION TECHNOLOGIES L,INE372E01025
95994,SDL HR 7.09% 2029,IN1620210196
95996,Nippon India Mutual Fund,INF204KB11T5
96005,SDL KA 6.68% 2036,IN1920200483
96006,SDL HR 7.43% 2041,IN1620210188
96013,Gujarat Fluorochemicals Limite,INE09N301011
96015,DSP Mutual Fund,INF740KA1QK2
96023,84RAJ2029,IN2920180337
96033,SDL KA 6.54% 2030,IN1920200475
96039,DSP Mutual Fund,INF740KA1QL0
96040,FOUNDRY FUEL PRODUCTS LTD.,INE617C01027
96041,SDL HR 7.25% 2032,IN1620210170
96071,844RSDL29,IN2920180311
96079,SDL HR 7.13% 2042,IN1620210154
96085,Eureka Forbes Limited,INE0KCE01017
96086,SDL KA 6.52% 2030,IN1920200491
96091,Stallion India Fluorochemicals,INE0RYC01010
96097,KNR CONSTRUCTIONS LTD.,INE634I01029
96098,FORCE MOTORS LTD.,INE451A01017
96099,SDL HR 6.96% 2029,IN1620210147
96101,GOI LOAN 7.73% 2034,IN0020150051
96102,UJJIVAN SMALL FINANC BANK,INE551W01018
96111,SDL HR 7.13% 2032,IN1620210139
96112,DSP Mutual Fund,INF740KA1QH8
96113,GOI LOAN 7.59% 2029,IN0020150069
96114,PHOENIX INTERNATIONAL LTD.,INE245B01011
96115,INDIAN BANK,INE562A01011
96123,DSP Mutual Fund,INF740KA1QI6
96124,SDL HR 6.63% 2028,IN1620210121
96125,GOI LOAN 7.72% 2055,IN0020150077
96137,SDL UP 7.17% 2039,IN3320240143
96143,MANGALAM CEMENT LTD.,INE347A01017
96144,SDL HR 6.99% 2031,IN1620210113
96153,SDL UP 7.15% 2037,IN3320240135
96163,SAFFRON INDUSTRIES LIMITED,INE474D01013
96165,SDL HR 6.87% 2031,IN1620210105
96166,SPARKLE GOLD ROCK LIMITED,INE618F01010
96168,SDL UP 7.17% 2033,IN3320240127
96188,HCL INFOSYSTEMS LTD.,INE236A01020
96196,GOI LOAN 7.88% 2030,IN0020150028
96199,SDL UP 7.24% 2040,IN3320240119
96218,DSP Mutual Fund,INF740KA1QE5
96219,HML-24-3-26-CP,INE501G14EO2
96221,SDL UP 7.27% 2041,IN3320240101
96230,DSP Mutual Fund,INF740KA1QF2
96231,GOGIA CAPITAL GROWTH LIMITED,INE832C01014
96232,GOI LOAN 8.13% 2045,IN0020150044
96233,HTML-20-3-26-CP,INE501G14EN4
96255,SDL AP 7.8% 2031,IN1020220142
96265,STAR IMAGING AND PATH LAB LIMI,INE0YG001013
96274,GOI TBILL 364D-23/10/26,IN002025Z302
96285,SDL AP 7.71% 2032,IN1020220134
96290,SEC RE NCD 9.70% SR VII,INE741K07579
96291,SVA INDIA LTD.,INE763K01014
96295,SHAKTI PUMPS (I) LTD,INE908D01010
96304,SDL AP 7.67% 2031,IN1020220126
96307,SEC RE NCD SR VIII,INE741K07546
96321,SEC RE NCD SR VI,INE741K07553
96327,SDL AP 7.63% 2030,IN1020220118
96332,MOIL LTD.,INE490G01020
96339,ESCORTS KUBOTA LIMITED,INE042A01014
96341,GOI TBILL 364D-19/11/26,IN002025Z344
96342,SDL AP 8.07% 2036,IN1020220183
96344,SDL AP 8.03% 2035,IN1020220175
96345,PATEL CHEM SPECIALITIES LIMITE,INE161701011
96347,GOI TBILL 364D-12/11/26,IN002025Z336
96348,SYNCOM FORMU (I) LTD,INE312C01025
96350,SEC RE NCD 9.40% SR V,INE741K07587
96351,SDL AP 7.9% 2034,IN1020220167
96362,GOI TBILL 364D-06/11/26,IN002025Z328
96371,SEC RE NCD 9.25% SR III,INE741K07595
96377,SDL AP 7.9% 2033,IN1020220159
96378,GOI TBILL 364D-29/10/26,IN002025Z310
96391,GOI TBILL 364D-17/12/26,IN002025Z385
96396,Aartech Solonics Limited,INE01C001026
96406,Finelistings Technologies Limi,INE0QOQ01013
96416,Nippon India Mutual Fund,INF204KB12Q9
96419,IIFL-ZC-14-10-26-NCD,INE530B07187
96430,GOI TBILL 364D-10/12/26,IN002025Z377
96431,Nippon India Mutual Fund,INF204KB12P1
96434,EASTERN SILK INDUSTRIES L,INE962C01035
96438,IIFL-8.75%-14-10-26-NCD,INE530B07179
96444,SDL KA 6.61% 2033,IN1920200582
96449,Bhageria Industries Limited,INE354C01027
96462,GOI TBILL 364D-03/12/26,IN002025Z369
96467,SDL KA 6.6% 2037,IN1920200574
96472,GOI TBILL 364D-26/11/26,IN002025Z351
96496,SDL AP 8.04% 2041,IN1020220191
96504,SARASWATI SAREE DEPOT LIMITED,INE0PQ101010
96513,Nippon India Mutual Fund,INF204KB12U1
96522,MAGNANIMOUS TRADE & FINANCE LT,INE664N01018
96523,SDL KA 6.51% 2030,IN1920200517
96524,AFSL-11.10%-1-7-30-PVT,INE109C07113
96536,SEC RE NCD SR IV,INE741K07538
96546,Nippon India Mutual Fund,INF204KB12T3
96547,SDL KA 6.65% 2035,IN1920200509
96548,AFSL-11.4%-5-6-28-PVT,INE109C07105
96550,SDL KA 6.62% 2032,IN1920200541
96552,KONSTELEC ENGINEERS LTD,INE0QEI01011
96554,SEC RE NCD SR. VI,INE741K07504
96562,Nippon India Mutual Fund,INF204KB12S5
96563,SUNREST LIFESCIENCE LTD,INE0PLZ01012
96564,VAKRANGEE LIMITED,INE051B01021
96567,SDL KA 6.51% 2030,IN1920200533
96569,IIFL-8.42%-14-10-26-NCD,INE530B07161
96570,Z-TECH (INDIA) LIMITED,INE0ISZ01012
96577,GOI TBILL 364D-25/12/26,IN002025Z393
96579,AFSL-11.35%-05-12-27-PVT,INE109C07121
96581,Nippon India Mutual Fund,INF204KB12R7
96582,SDL KA 6.63% 2034,IN1920200525
96592,DSP Mutual Fund,INF740KA1RQ7
96600,CIE Automotive India Limited,INE536H01010
96616,PDL-24-3-26-CP,INE420C14235
96619,Starlog Enterprises Limited,INE580C01019
96632,SDL UP 7.25% 2039,IN3320240093
96646,DSP Mutual Fund,INF740KA1RM6
96664,SDL UP 7.2% 2040,IN3320240085
96673,SDL KA 7.22% 2038,IN1920200590
96676,DSP Mutual Fund,INF740KA1RN4
96685,VEEFIN SOLUTIONS LIMITED,INE0Q0M01015
96690,SDL UP 7.16% 2039,IN3320240077
96702,DSP Mutual Fund,INF740KA1RO2
96703,SDL UP 7.15% 2037,IN3320240069
96713,ELDECO HSG & IND LTD.,INE668G01021
96719,SDL UP 7.16% 2039,IN3320240051
96720,DSP Mutual Fund,INF740KA1RI4
96727,SDL UP 7.08% 2038,IN3320240044
96732,GANESH BENZOPLAST LIMITED,INE388A01029
96736,SDL UP 7.19% 2036,IN3320240036
96741,NALIN LEASE FINANCE LTD.,INE606C01012
96746,RADAAN MEDIAWORKS (I) LTD,INE874F01027
96753,DSP Mutual Fund,INF740KA1RK0
96757,SDL UP 7.10% 2032,IN3320240028
96769,DSP Mutual Fund,INF740KA1RL8
96775,SDL UP 7.08% 2032,IN3320240010
96796,DSP Mutual Fund,INF740KA1RE3
96797,SDL AP 7.46% 2027,IN1020220100
96829,DSP Mutual Fund,INF740KA1RF0
96831,SDL HR 7.4% 2037,IN1620210212
96860,SDL HR 7.26% 2032,IN1620210204
96861,DSP Mutual Fund,INF740KA1RG8
96878,RCFL-7.6%-25-7-29-PVT,INE027A08044
96884,DSP Mutual Fund,INF740KA1RH6
96888,SDL AR 7.62% 2032,IN1120220018
96889,AGARWAL INDS CORP LTD.,INE204E01012
96902,RCFL-7.49%-30-06-28-PVT,INE027A08036
96918,EARKART LIMITED,INE1A8F01035
96921,KAKATIYA TEXTILES LTD.,INE092E01011
96924,NILKAMAL LTD.,INE310A01015
96926,GTPL HATHWAY LIMITED,INE869I01013
96927,ZEE MEDIA CORPORATION LIMITED,INE966H01019
96932,KJMC FINANCIAL SERVICES LTD.,INE533C01018
96943,SUPRAJIT ENGINEERING LTD,INE399C01030
96944,PRITIKA ENG COMPO LTD,INE0MJQ01020
96950,HARIA APPARELS LTD,INE493N01012
96951,MOF 8.80% 2027 SR 1,INE01WN07128
96959,AHMEDABAD STEELCRAFT LTD.,INE868C01018
96961,MOF 8.75% 2027 TR 2,INE01WN07136
96963,BATA INDIA LTD,INE176A01028
96968,JAYABHARAT CREDIT LTD.,INE998D01011
96979,ABFRL-7.86%-31-12-26-PVT,INE647O08131
97019,ABFRL-7.57%-12-9-30-PVT,INE647O08123
97041,AIRFLOA RAIL TECHNOLOGY LIMITE,INE0XBS01012
97051,Palm Jewels Limited,INE838Z01012
97060,GS06MAY42,IN000542C018
97082,TRIDENT LIMITED,INE064C01022
97088,MML-11.77%-31-3-27-PVT,INE884Q07632
97094,APSBC 9.15% 2033 STRPP H,INE0M2307404
97095,AKCFL-8.65%-30-6-28-PVT,INE197P07409
97102,AKCFL-9.15%-7-7-28-PVT,INE197P07417
97106,SBI CARDS AND PAYMENT SERVICES,INE018E01016
97114,SANGAL PAPERS LTD.,INE384D01022
97120,AKCFL-8.96%-24-12-28-PVT,INE197P07425
97181,DFPL-14-5-26-CP,INE422H14081
97192,TECHNO ELEC & ENG CO. LTD,INE285K01026
97216,DFPL-13-2-26-CP,INE422H14099
97218,TRIVENI ENGG. & INDS. LTD,INE256C01024
97224,APSBC 9.15% 2034 STRPP I,INE0M2307412
97234,PHOENIX TOWNSHIP LTD,INE977M01024
97237,SYSTEMATIX CORP SERVICE L,INE356B01024
97267,HVAX TECHNOLOGIES LIMITED,INE0TO501019
97271,Vivanta Industries Limited,INE299W01022
97274,HFLTD-10.50%-5-10-27-PVT,INE01ZK07KC5
97298,STARTECK FINANCE LIMITED,INE992I01013
97334,GS06NOV69,IN001169C019
97356,HFLTD-10.25%-5-7-26-PVT,INE01ZK07KD3
97359,PARAMOUNT COMMUNICATIONS LTD.,INE074B01023
97379,FCPL-12.75%-26-9-27-PVT,INE14H407058
97399,HFL-10.25%-11-2-27-PVT,INE01ZK07KP7
97421,HFL-10.50%-11-4-30-PVT,INE01ZK07KO0
97430,HFL-10%-26-2-29-PVT,INE01ZK07KR3
97439,LAKSHYA POWERTECH LIMITED,INE0VZS01015
97442,HFL-10.25%-26-12-30-PVT,INE01ZK07KQ5
97456,KEWAL KIRAN CLOTHING LTD.,INE401H01017
97467,INDSOYA LTD.,INE314N01028
97468,WOMANCART LIMITED,INE0Q9601016
97484,WESTLIFE FOODWORLD LTD,INE274F01020
97487,AVON MERCANTILE LTD.,INE471D01019
97506,RATTANINDIA ENTERPRISES LIMITE,INE834M01019
97507,AKCFL-9.08%-17-7-26-PVT,INE197P07318
97508,V R FILMS & STUDIOS LIMITED,INE06LG01010
97514,AKCFL-9.35%-24-4-27-PVT,INE197P07326
97523,BEDMUTHA INDUST LTD,INE844K01012
97525,PUNJAB COMMUNICATIONS LTD.,INE609A01010
97527,LAURUS LABS LIMITED,INE947Q01028
97529,SDL TR 7.21% 2029,IN3220190034
97530,G.S.AUTO INTERNATIONAL LTD.,INE736H01024
97531,AKCFL-9.40%-3-10-27-PVT,INE197P07359
97532,AKCFL-9.29%-RESET RATE- 23-10-,INE197P07367
97533,SDL TR 6.98% 2030,IN3220190059
97534,AKCFL-9.4%-30-12-27-PVT,INE197P07375
97535,KINETIC ENGINEERING LTD.,INE266B01017
97536,SDL TR 7.17% 2030,IN3220190042
97538,AKCFL-9.4%-14-1-28-PVT,INE197P07383
97539,FCPL-12.25%-11-6-28-PVT,INE14H407074
97558,PACE E-COMMERCE VENTURES LIMIT,INE0N1L01018
97570,ENDURANCE TECHNO. LTD.,INE913H01037
97577,SDL TR 7.5% 2030,IN3220190067
97579,FCPL-12.2%-17-4-29-PVT,INE14H407082
97597,MOIL LIMITED,INE490G01020
97604,FCPL-11.75%-30-06-28-PVT,INE14H407090
97612,AGI GREENPAC LIMITED,INE415A01038
97642,NEO INFRACON LTD.,INE216I01017
97643,SHERVANI INDUSTRIAL SYNDICATE,INE011D01013
97685,BAJAJ FINSERV LTD.,INE918I01026
97686,Nitin Castings Limited,INE861H01020
97706,Premier Energies Limited,INE0BS701011
97719,GUJARAT LEASE FINANCING LTD.,INE540A01017
97735,FUTURE MKT NETWORKS LTD,INE360L01017
97743,JUMBO FINANCE LTD.,INE122N01017
97744,FCPL-11.80%-30-04-29-PVT,INE14H407108
97803,GS19MAR2054,IN000354C026
97823,SHANTI OVERSEAS INDIA LTD,INE933X01016
97854,JHS SVENDGAARD RETAIL VENTURES,INE03DD01011
97861,MOS UTILITY LIMITED,INE0N7S01028
97863,IEL LIMITED,INE056E01024
97865,JIO FIN SERVICES LTD,INE758E01017
97872,SEC RE NCD 10.50% SR.IV,INE342T07387
97909,HFL-10.50%-18-6-27-PVT,INE01ZK07JC7
97940,AJAX Engineering Limited,INE274Y01021
97950,HFL-10.25%-18-3-26-PVT,INE01ZK07JB9
97972,GS19SEP2028,IN000928C043
97976,AKCFL-9.5%-27-3-28-PVT,INE197P07391
97977,DR. REDDY S LABORATORIES,INE089A01031
97979,MEDI ASSIST HEALTH SER L,INE456Z01021
97980,638GOI2039,IN0020080050
98019,UNJHA FORMULATIONS LTD.,INE576D01015
98020,ROLLATAINERS LIMITED,INE927A01040
98032,MIRZA INTERNATIONAL LIMIT,INE771A01026
98037,LDL-20-3-26-CP,INE670K14030
98038,ILFSL-8.50%-30-09-26-PVT,INE121H07BS8
98039,KREBS BIOCHEMICALS & INDUSTRIE,INE268B01013
98040,SHRIRAM - LIQUIDSHRI,INF680P01422
98041,ILFSFSL-8.75%-16-08-26-PVT,INE121H07BP4
98048,ZEN TECHNOLOGIES LIMITED,INE251B01027
98049,SANCO INDUSTRIES LIMITED,INE782L01012
98050,ILFS-8.51%-12-9-26-PVT,INE121H07BQ2
98051,PENINSULA LAND LIMITED,INE138A01028
98052,JETKING INFOTRAIN LTD.,INE919C01019
98053,SRM CONTRACTORS LIMITED,INE0R6Z01013
98054,MML-12%-4-4-27-PVT,INE884Q07806
98055,MML-10.75%-27-11-27-PVT,INE884Q07814
98056,ILFSL-8.90%-01-08-26- PVT,INE121H07BM1
98057,HARYANA CAPFIN LTD.,INE928H01019
98058,MML-11.70%-30-06-27-PVT,INE884Q07822
98071,SONA MACHINERY LIMITED,INE0Q6H01012
98076,CITY UNION BANK LTD.,INE491A01021
98078,SHREE KARTHIK PAPERS LTD.,INE538D01015
98112,Redington Limited,INE891D01026
98131,Globe Commercials Limited,INE804Q01013
98144,E and E ENTERPRISES LIMITED,INE094R01019
98165,SEC RE NCD 10.40% SR.II,INE342T07437
98168,ICICI Prudential Mutual Fund,INF109KC1Y56
98170,DDL-7.74%-4-12-38-PVT,INE0J7Q07231
98171,NAGREEKA EXPORTS LTD.,INE123B01028
98173,Retaggio Industries Limited,INE0KWJ01014
98175,ILFSFSL-8.5%-20-2-27-PVT,INE121H07BT6
98196,SEC RE NCD 11.02% SR.V,INE342T07403
98197,ILFSL-8.23%-5-4-27-PVT,INE121H07BU4
98213,TIRUPATI SARJAN LTD.,INE297J01023
98215,SDL PN 7.54% 2032,IN2820240058
98227,Desco Infratech Limited,INE0TGG01014
98234,MML-10.75%-30-9-27-PVT,INE884Q07798
98256,SDL PN 7.51% 2037,IN2820240041
98257,SEC RE NCD 10.65% SR.IV,INE342T07460
98263,SDL CG 7.16% 2034,IN3520240117
98274,SDL CG 7.16% 2033,IN3520240109
98288,SQUARE FOUR PROJECTS INDIA LIM,INE716K01020
98290,SDL PN 7.55% 2032,IN2820240033
98291,DDL-7.55%-1-3-39-PVT,INE0J7Q07249
98292,STANDARD CAPITAL MARKETS LTD.,INE625D01028
98293,SEC RE NCD 10.90% SR.III,INE342T07452
98305,DMEDL-7.23%-11-12-34-GREEN-PVT,INE0J7Q07256
98317,SDL PN 7.48% 2037,IN2820240025
98318,SEC RE NCD 11.19% SR.V,INE342T07445
98321,SDL PN 7.49% 2032,IN2820240017
98326,GS19MAR2031,IN000331C040
98341,TFSIL 7.14% 2028 SR S59,INE692Q07639
98342,JUNGLE CAMPS INDIA LIMITED,INE0WCH01015
98349,KAMDHENU LIMITED,INE390H01020
98381,GODAWARI POWER & ISPAT LTD.,INE177H01039
98398,KCPL-13.40%-15-01-30-PVT,INE200W08124
98422,GOYAL ALUMINIUMS LIMITED,INE705X01026
98428,ORICON ENTERPRISES LTD.,INE730A01022
98429,UNSEC RE NCD 10% SR.I,INE477L08147
98430,TFSIL 7.28% 2028 SR S56,INE692Q07605
98433,POLYPLEX CORPORATION LTD,INE633B01018
98439,TFSIL 7.22% 2028 SR S58,INE692Q07613
98440,LYPSA GEMS & JEWELLERY LTD,INE142K01011
98449,TFSIL 7.08% 2027 SR S57,INE692Q07621
98451,UNSEC RE NCD 0% SR.III,INE477L08162
98462,UNSEC RE NCD 9.60% SR.II,INE477L08154
98465,SDL PN 7.37% 2036,IN2820240090
98486,SDL PN 7.47% 2032,IN2820240082
98495,HFL-28-12-28-PVT,INE01ZK07IG0
98497,SDL PN 7.53% 2037,IN2820240074
98498,NAKODA GROUP OF INDUSTRIES LIM,INE236Y01012
98499,Manas Properties Limited,INE800W01019
98506,Star Health and Allied Insuran,INE575P01011
98515,HFL-10.50%-28-6-28-PVT,INE01ZK07IH8
98518,SDL PN 7.53% 2036,IN2820240066
98538,BF UTILITIES LTD.,INE243D01012
98546,SURANA SOLAR LTD.,INE272L01022
98548,STAR HEALTH & AL INS CO L,INE575P01011
98556,HDFC Mutual Fund,INF179KC1CO2
98560,HFL-10.50%-27-10-27-PVT,INE01ZK07GO8
98565,ESTER INDUSTRIES LTD,INE778B01029
98567,SAMRAT PHARMACHEM LTD.,INE103E01016
98568,LYPSA GEMS & JEWEL LTD,INE142K01011
98569,AHPL-4%-6-5-29-PVT,INE0QJD07018
98579,IT-03-06-26-CP,INE790Z14034
98580,SIKA INTERPLANT SYSTEMS LTD.,INE438E01032
98581,IT-19-2-26-CP,INE790Z14026
98585,YBL-9.1164%-15-9-28-PVT,INE528G08410
98594,GOBLIN INDIA LIMITED,INE492Z01018
98595,YBL-8.73%-22-2-28-PVT,INE528G08402
98596,HFL-11.00%-27-4-28-PVT,INE01ZK07GN0
98597,HDFC Mutual Fund,INF179KC1CH6
98618,MML-10.75%-2-7-26-PVT,INE884Q07707
98633,IRBINVITFUND-7.35%-4-11-30-INV,INE183W07025
98635,HDFC Mutual Fund,INF179KC1CF0
98636,MML-8.69%-11-7-26-PVT,INE884Q07715
98637,YAMINI INVESTMENTS COMPANY LTD,INE457N01025
98639,HDFC Mutual Fund,INF179KC1CG8
98650,IRBINVITFUND-7.4%-4-11-35-INVI,INE183W07017
98652,MML-10.75%-27-8-26-PVT,INE884Q07723
98663,HDFC Mutual Fund,INF179KC1CD5
98681,MML-12.25%-19-3-26-PVT,INE884Q07731
98695,HDFC Mutual Fund,INF179KC1CE3
98696,MML-13.6259%-23-5-26-PVT,INE884Q07749
98697,Equitas Small Finance Bank Lim,INE063P01018
98698,GOI LOAN 8.30% 2040,IN0020100031
98700,UNICHEM LABORATORIES LTD,INE351A01035
98702,JTEKT India Ltd,INE643A01035
98706,MML-12%-14-8-26-PVT,INE884Q07756
98712,HDFC Mutual Fund,INF179KC1CC7
98715,MML-10.75%-27-5-27-PVT,INE884Q07764
98722,NEWTRAC FOODS & BEVERAGES LIMI,INE229N01010
98727,PFL INFOTECH LTD.,INE600F01018
98734,MML-12%-13-9-26-PVT,INE884Q07772
98735,Kotia Enterprises Limited,INE079C01012
98742,MEDIAONE GLOBAL ENTERTAINMENT,INE828I01019
98745,SGIL-11%-15-1-29-PVT,INE903U07087
98748,IHFCL-7.76%-12-2-30-PVT,INE071G07801
98753,MML-12%-19-11-26-PVT,INE884Q07780
98758,IRBINVITFUND-7.4%-4-11-40-INVI,INE183W07033
98760,IHFCL-7.36%-02-05-30-PVT,INE071G07835
98762,SDL PN 7.34% 2035,IN2820240173
98763,GS06NOV46,IN001146C017
98784,TFSIL 7.6950% 2028 SRS52,INE692Q07563
98814,IHFCL-7.34%-24-7-28-PVT,INE071G07827
98818,SDL PN 7.34% 2032,IN2820240165
98855,IHFCL-7.31%-28-6-27-PVT,INE071G07819
98863,TFSIL 7.38% 2028 SR S53,INE692Q07571
98873,SDL PN 7.38% 2034,IN2820240157
98891,IHFC-6.99%-1-11-28-PVT,INE071G07850
98894,TFSIL 7.24% 2027 SR S54,INE692Q07589
98896,MML-12.80%-29-5-26-PVT,INE884Q07699
98913,IHFCL-7.19%-22-8-28-PVT,INE071G07843
98914,SDL PN 7.38% 2033,IN2820240140
98916,774MPSDL43,IN2120220131
98938,TFSIL 7.3% 2029 SR S55,INE692Q07597
98963,SDL PN 7.39% 2033,IN2820240132
98964,TFSIL 8.20% 2029 SR 47,INE692Q07514
98969,777MPSDL47,IN2120220149
98973,TFSIL 8.1841% 27 SR S48,INE692Q07522
98982,CPIPL-17.25%-30-9-30-PVT,INE2FR407010
98989,SDL PN 7.41% 2034,IN2820240124
99008,TFSIL 7.99% 2027 SR 49,INE692Q07530
99010,SDL PN 7.47% 2037,IN2820240116
99017,PREMIER EXPLOSIVES LTD,INE863B01029
99045,SDL PN 7.48% 2035,IN2820240108
99058,TFSIL 8.06% 2028 SR S50,INE692Q07548
99059,ZOTA HEALTH CARE LIMITED,INE358U01012
99067,TFSIL 8.0504% 2028,INE692Q07555
99085,BIL-2-3-26-CP,INE787D14219
99094,Accuracy Shipping Limited,INE648Z01023
99095,ORTEL COMMUNICATIONS LTD,INE849L01019
99097,BOROSIL RENEWABLES LTD,INE666D01022
99100,SUNSHIELD CHEMICALS LTD.,INE199E01014
99102,DMCC SPECIALITY CHEMICALS,INE505A01010
99107,PREMIER CAPITAL SERVICES LTD.,INE946K01023
99109,HFL-1-9-28-PVT,INE01ZK07HJ6
99112,TFSIL 8.17% 2027 SR S46,INE692Q07506
99115,HFL-10.50%-1-3-28-PVT,INE01ZK07HK4
99119,SVC INDUSTRIES LIMITED,INE038B01010
99147,KELTECH ENERGIES LTD.,INE881E01017
99169,BIL-13-3-26-CP,INE787D14227
99171,SDL PN 7.26% 2037,IN2820240199
99173,IP RINGS LTD.,INE558A01019
99208,SDL PN 7.26% 2036,IN2820240181
99221,GS19SEP2053,IN000953C025
99238,8.12/8.32% TAX FREE NCD,INE020B07GH7
99243,VFSPL-9.15%-22-01-33-PVT,INE016P07278
99248,HDFC Mutual Fund,INF179KC1DP7
99250,HDFC Mutual Fund,INF179KC1DQ5
99255,B.N.RATHI SECURITIES LTD.,INE710D01028
99257,MMFSL-8.30%-23-3-26-PVT,INE774D07US3
99270,VFSPL-9.65%-27-12-26-PVT,INE016P07260
99271,BOI 7.54% 2034 SR I,INE084A08185
99275,HDFC Mutual Fund,INF179KC1DO0
99279,MMFSL-7.9%-30-8-27-PVT,INE774D07UM6
99287,DCW LTD.,INE500A01029
99299,HDFC Mutual Fund,INF179KC1DL6
99331,TSL-9.8359%-1-3-34-PVT,INE081A08223
99332,ICLFL-10-07-28-PVT,INE01CY079Y5
99342,SAHAJ SOLAR LIMITED,INE0P4701011
99362,VFSPL-19-4-27-PVT,INE016P07211
99364,Gandhar Oil Refinery (India) L,INE717W01049
99367,HDFC Mutual Fund,INF179KC1DJ0
99371,IFL-20-6-31-NCD,INE01CY079Z2
99379,MMFSL-8%-27-9-32-PVT,INE774D07UN4
99386,SAKAR HEALTHCARE LIMITED,INE732S01012
99396,VFSL-9.65-18-6-26-PVT,INE016P07229
99406,HDFC Mutual Fund,INF179KC1DK8
99412,CP CAPITAL LIMITED,INE521J01018
99415,YBL-8%-30-09-26-PVT,INE528G08345
99417,HDFC Mutual Fund,INF179KC1DH4
99425,762MPSDL34,IN2120220073
99429,TSL-8.15%-4-10-26-PVT,INE081A08215
99430,ICLFL-12%-10-07-28-PVT,INE01CY079X7
99441,ICLFL-10-03-31-PVT,INE01CY079W9
99447,HDFC Mutual Fund,INF179KC1DI2
99449,YESBANK-9%-31-03-26-PVT,INE528G08337
99451,759MP2038,IN2120220081
99452,HDFC Mutual Fund,INF179KC1DF8
99456,ICLFL-11.50%-16-05-27-NCD,INE01CY079U3
99457,Ventive Hospitality Limited,INE781S01027
99461,MOFL-9.30%-16-9-33-PVT,INE01WN07102
99472,ICLFL-12%-16-05-28-NCD,INE01CY079T5
99478,ICLFL-12.25%-16-05-28-NCD,INE01CY079V1
99482,MOFL-9.20%-14-2-34-PVT,INE01WN07110
99483,HDFC Mutual Fund,INF179KC1DG6
99491,HDFC Mutual Fund,INF179KC1DD3
99492,RAGHAV PRODUCTIVITY ENH L,INE912T01018
99496,YBL-7.80%-1-10-27-PVT,INE528G08386
99498,ICLFL-16-06-26-NCD,INE01CY079R9
99499,TFSIL 8.3645% 2027 SRS43,INE692Q07480
99500,BHARAT ELECTRONICS LTD.,INE263A01024
99505,TFSIL 8.30% 2027 SR S45,INE692Q07498
99506,HT MEDIA LIMITED,INE501G01024
99507,YBL-7.80%-29-9-27-PVT,INE528G08378
99509,HDFC Mutual Fund,INF179KC1DE1
99510,MMFSL-6.35%-24-6-26-PVT,INE774D07UD5
99511,ICLFL-12.50%-16-05-30-NCD,INE01CY079S7
99520,GS12JUN2041,IN000641C034
99521,ALCOKRAFT DISTILLERIE LTD,INE448V01019
99525,HFL-11%-2-8-27-PVT,INE01ZK07FT9
99526,ICLFL-11.75%-16-05-27-NCD,INE01CY079P3
99527,MMFSL-7.45%-17-11-31-PVT,INE774D07UG8
99529,TOTAL TRANSPORT SYS LTD,INE336X01012
99530,HDFC Mutual Fund,INF179KC1DC5
99540,Smart Finsec Limited,INE766D01020
99541,HFL-10.50%-2-8-27-PVT,INE01ZK07FS1
99542,ICLFL-16-05-27-NCD,INE01CY079Q1
99544,FINBUD FINANCIAL SERV LTD,INE0EDU01014
99557,ICLFL-11%-16-06-26-NCD,INE01CY079N8
99580,SKYLINE VENTURES INDIA LIMITED,INE055Q01012
99598,ICLFL-16-05-28-NCD,INE01CY079O6
99603,SDL HR 7.12% 2041,IN1620250101
99635,ICLFL-12.25%-27-3-29-PVT,INE01CY079L2
99661,CIFCPL-12.83%-28-9-26-PVT,INE140R08056
99671,PNC INFRATECH LTD.,INE195J01029
99675,ICLFL-ZC-27-03-29-PVT,INE01CY079M0
99676,Emcure Pharmaceuticals Limited,INE168P01015
99677,GRE Renew Enertech Limited,INE0U8P01015
99688,TFSIL 8.32% 2029 SR S44,INE692Q07472
99698,Precision Camshafts Limited,INE484I01029
99699,HINDUSTAN ORGANIC CHEMICALS LT,INE048A01011
99705,746MPSDL32,IN2120220024
99716,SDL HR 7.06% 2039,IN1620250119
99720,ICLFL-ZC-27-11-30-PVT,INE01CY079J6
99737,788MPSDL33,IN2120220032
99755,ICLFL-16-01-31-NCD,INE01CY079K4
99773,SDL HR 7.47% 2040,IN1620250143
99778,IRT-10.025%-A2-8-1-44-PTC,INE061015041
99780,ICLFL-12.25%-05-03-29-PVT,INE01CY079H0
99795,SDL HR 7.52% 2039,IN1620250135
99804,SDL HR 7.15% 2040,IN1620250127
99807,ICLFL-ZC-05-03-29-PVT,INE01CY079I8
99815,GS22APR43,IN000443C035
99825,SDL HR 7.43% 2039,IN1620250168
99835,ICLFL-11.75%-27-1-27-NCD,INE01CY079F4
99838,RATTANINDIA ENT LIMITED,INE834M01019
99849,BOI 7.41% 2034 SR II,INE084A08201
99855,SDL KA 7.08% 2031,IN1920190205
99856,SDL HR 7.51% 2041,IN1620250150
99858,ICLFL-ZC-05-11-30-PVT,INE01CY079G2
99869,BOI 7.50% 2035 SR III,INE084A08219
99871,SHRIRAM PIST. & RING LTD,INE526E01018
99878,Jupiter Life Line Hospitals Li,INE682M01012
99879,SDL KA 7.09% 2030,IN1920190213
99880,ICLFL-27-1-28-NCD,INE01CY079D9
99881,SDL HR 7.43% 2039,IN1620250184
99882,IGC Industries Limited,INE099S01016
99883,SDL BR 6.89% 2028,IN1320200141
99886,HEALTHY INVESTMENTS LTD.,INE160N01017
99896,ICLFL-27-2-26-NCD,INE01CY079E7
99899,SDL HR 7.45% 2042,IN1620250176
99927,ICLFL-12.50%-27-1-30-NCD,INE01CY079B3
99935,HDFC Mutual Fund,INF179KC1CR5
99944,CIFCPL-10.55%-30-9-26-PVT,INE140R08080
99953,SDL HR 7.44% 2041,IN1620250192
99956,AXIS BANK 7.64% 2034 SR7,INE238A08492
99959,HDFC Mutual Fund,INF179KC1CT1
99968,SHREE METALLOYS LTD.,INE914B01012
99971,ASIAN STAR CO.LTD.,INE194D01017
99983,ICLFL-27-1-27-NCD,INE01CY079C1
99992,HDFC Mutual Fund,INF179KC1CS3
99996,CIFCPL-12.40%-21-5-28-PVT,INE140R08072
100029,HDFC Mutual Fund,INF179KC1CP9
100032,SAROJA PHARMA INDUS IND L,INE0PCL01011
100035,JHS SVEND. LAB. LTD,INE544H01014
100039,ONE GLOBAL SERVICE PROVIDER LI,INE670O01013
100045,ICLFL-12%-27-1-28-NCD,INE01CY079A5
100048,DRC Systems India Limited,INE03RS01027
100051,HDFC Mutual Fund,INF179KC1CQ7
100071,BIL VYAPAR LIMITED,INE071A01013
100082,IHFL-9.60%-3-11-28-NCD,INE477L08154
100088,HDFC Mutual Fund,INF179KC1ER1
100092,776KERSDL38,IN2020220033
100097,IHFL-10%-3-11-28-NCD,INE477L08147
100102,NHPC LTD,INE848E01016
100107,785KERSDL35,IN2020220025
100108,HDFC Mutual Fund,INF179KC1ES9
100127,21ST CENTURY MGMT SERVICE,INE253B01015
100134,HDFC Mutual Fund,INF179KC1EP5
100136,SDL KL 7.76% 2058,IN2020220207
100143,IHFL-ZC-3-11-28-NCD,INE477L08162
100147,HDFC Mutual Fund,INF179KC1EQ3
100166,HDFC Mutual Fund,INF179KC1EN0
100170,R.P.P INFRA PROJECTS LTD,INE324L01013
100171,830GOI2040,IN0020100031
100199,MANAKSIA LTD.,INE015D01022
100206,HDFC Mutual Fund,INF179KC1EO8
100209,TSL-7.79%-27-3-27-PVT,INE081A08348
100239,ABL 7.45% 2034 SR 8,INE238A08500
100244,TSL-7.65%-21-2-30-PVT,INE081A08355
100265,AXBK 7.27% 2035 SR 9,INE238A08518
100278,TSL-7.76%-20-9-32-PVT,INE081A08322
100288,MMFSL-25-6-27-PVT,INE774D07VK8
100289,MMFSL-8%-27-4-27-PVT,INE774D07VJ0
100290,COLORCHIPS NEW MEDIA LIMITED,INE621I01042
100291,TSL-8.03%-25-2-28-PVT,INE081A08330
100292,SHIPPING CORP OF ILA LTD,INE0PB301013
100293,GPL-8.5%-10-9-29-PVT,INE484J08097
100303,MMFSL-8.25%-28-03-28-PVT,INE774D07VM4
100304,GPL-8.40%-25-1-28-PVT,INE484J08089
100305,ESTER INDUSTRIES LTD.,INE778B01029
100306,MMFSL-7.05%-29-06-27-PVT,INE774D07VL6
100307,TSL-7.50%-20-9-27-PVT,INE081A08314
100310,GPL-8.55%-26-7-29-PVT,INE484J08071
100312,DATIWARE MARITIME INFRA LIMITE,INE673U01014
100319,SDL KA 6.97% 2030,IN1920190197
100320,ILFSFSL-8.85%-31-3-26-PVT,INE121H07AT8
100325,GPL-8.50%-20-09-28-PVT,INE484J08063
100330,Dev Labtech Venture Limited,INE0NIJ01017
100331,77KERSDL47,IN2020220074
100332,MMFSL-8.01%-24-12-27-PVT,INE774D07VG6
100333,VFSPL-9.75%-5-3-27-PVT,INE016P07195
100334,CEMINDIA PROJECTS LIMITED,INE686A01026
100338,GPL-8.30%-19-3-27-PVT,INE484J08055
100341,MMFSL-8.18%-31-5-29-PVT,INE774D07VF8
100342,769KERSDL40,IN2020220066
100345,MMFSL-8.25%-29-3-28-PVT,INE774D07VI2
100348,ILFS-8.85%-28-03-26-PVT,INE121H07AR2
100349,GPL-8.15%-03-7-26-PVT,INE484J08048
100352,VISION CORPORATION LTD.,INE661D01015
100359,78KERSDL45,IN2020220090
100367,GPL-8.25%-03-7-28-PVT,INE484J08030
100374,VFSPL-3MTBILL-30-3-26-PVT,INE016P07187
100375,MMFSL-7.8863%-28-4-28-PVT,INE774D07VH4
100376,SDL KA 7.17% 2030,IN1920190155
100392,STL NETWORKS LIMITED,INE1VXE01018
100400,ELECTCAST WARRANTS,INE086A13016
100402,SDL KA 7.2% 2031,IN1920190163
100425,SDL KA 6.9% 2030,IN1920190171
100429,TAXFREE SEC NCD TR1 S2,INE020B07GX4
100454,GHFL 8.40% 2028 SR C2,INE02JD07041
100465,SHFL-14%-31-12-2026-PVT,INE02YC08016
100467,MMFSL-8.25%-25-3-27-NCD,INE774D07VE1
100468,SDL KA 6.97% 2028,IN1920190189
100479,GHFL 8.5% 2027 SR C1,INE02JD07033
100496,ERCSL-8%-30-11-26-PVT,INE657N08066
100497,MMFSL-7.99%-15-9-26-PVT,INE774D07VD3
100501,DOLLEX AGROTECH LIMITED,INE0JHH01011
100502,SDL KL 7.76% 2051,IN2020220199
100509,SDL KA 7.14% 2029,IN1920190114
100511,GHFL 8.45% 2029 SR C3,INE02JD07058
100512,GHFL 8.17% 2030 SR C4,INE02JD07066
100527,SDL KL 7.83% 2039,IN2020220181
100535,SDL KA 7.14% 2029,IN1920190130
100543,NEERAJ PAPER MARKETING LIMITED,INE894J01019
100567,SDL HR 6.81% 2039,IN1620250010
100570,SDL KA 7.16% 2030,IN1920190148
100572,AAKASH EXPLORATION SER L,INE087Z01024
100576,ZYDUS WELLNESS LIMITED,INE768C01028
100586,BOND 7.04% PA TAX FREE S2,INE020B07GZ9
100594,EPIGRAL LIMITED,INE071N01016
100602,SDL HR 6.7% 2039,IN1620250044
100613,CHPL Industries Ltd.,INE714Q01014
100634,Palash Securities Limited,INE471W01019
100643,SDL HR 6.77% 2039,IN1620250036
100653,PRODOCS SOLUTIONS LIMITED,INE10XK01019
100654,SDL HR 6.75% 2038,IN1620250028
100656,VFSPL-9.75%-26-3-26-PVT,INE016P07203
100675,SDL HR 6.68% 2038,IN1620250069
100687,HAMPTON SKY REALTY LIMITED,INE299D01022
100704,SDL KA 7.17% 2029,IN1920190106
100706,SDL HR 6.64% 2036,IN1620250051
100721,Apex Frozen Foods Limited,INE346W01013
100725,THINKINK PICTUREZ LIMITED,INE365S01045
100731,SDL HR 7.05% 2038,IN1620250085
100735,HDFC Mutual Fund,INF179KC1DT9
100758,SDL HR 7.03% 2039,IN1620250077
100769,MMFSL-8.25%-26-3-26-PVT,INE774D07UT1
100790,GS22OCT45,IN001045C037
100803,PREMIER EXPLOSIVES LTD.,INE863B01029
100804,MMFSL-8.10%-21-5-26-PVT,INE774D07UX3
100807,HDFC Mutual Fund,INF179KC1DR3
100808,SDL HR 7.04% 2040,IN1620250093
100833,HDFC Mutual Fund,INF179KC1DS1
100845,My Money Securities Ltd.,INE232L01018
100846,BKV INDUSTRIES LTD.,INE356C01022
100848,DEBOCK INDUSTRIES LIMITED,INE411Y01011
100851,749GUJSDL28,IN1520220337
100852,HDFC Mutual Fund,INF179KC1FV0
100859,HDFC Mutual Fund,INF179KC1FU2
100871,APTUS VALUE HSG FIN I LTD,INE852O01025
100887,Aar Shyam India Investment Com,INE512R01010
100893,GS22FEB30C,IN000230C028
100908,MPS LIMITED,INE943D01017
100916,HDFC Mutual Fund,INF179KC1FP2
100918,NATIONAL PLASTIC TECHNOLOGIES,INE896D01017
100922,VITPPL-12%-5-2-31-PVT,INE743G08100
100923,BHAGYANAGAR INDIA LTD.,INE458B01036
100935,OTCO INTERNATIONAL LTD.,INE910B01028
100949,HDFC Mutual Fund,INF179KC1FN7
100958,TPL PLASTECH LTD.,INE413G01022
100968,HDFC Mutual Fund,INF179KC1FO5
100969,DLFCCDL-6.98%-17-6-30-PVT,INE186K07148
100970,SDL KL 7.65% 2048,IN2020220157
100971,ELECTROSTEEL CASTINGS LTD.,INE086A01029
100978,DLFCYDL-6.91%-29-09-28-PVT,INE186K07130
100983,HDFC Mutual Fund,INF179KC1FM9
100988,SDL KL 7.6% 2045,IN2020220140
100993,MPL 7.32% 2030 SR III,INE082G08038
100995,E-Land Apparel Limited,INE311H01018
100996,SDL KL 7.66% 2050,IN2020220173
101002,MPL 7.25% 2029 SR II,INE082G08020
101003,SDL KL 7.58% 2049,IN2020220165
101008,HDFC Mutual Fund,INF179KC1FK3
101010,VITPPL-11%-3-8-55-PVT,INE743G08134
101011,SDL KL 7.63% 2032,IN2020220116
101012,MPL 7.12% 2028 SR I,INE082G08012
101013,DCCDL-8.10%-RESET RATE-31-8-34,INE186K07106
101014,Citichem India Limited,INE0A8401016
101015,SDL KL 7.63% 2043,IN2020220108
101020,DCCDL-6.92%-28-7-28-PVT,INE186K07122
101023,ABRL-8.6%-24-9-27-PVT,INE01QP08016
101024,SDL KA 7.23% 2028,IN1920190098
101025,DSPFPL-25-06-26-CP,INE422H14206
101026,SDL KL 7.62% 2053,IN2020220132
101040,DLFCCDL-RESET RATE-24-9-27-PVT,INE186K07114
101042,SDL KL 7.64% 2034,IN2020220124
101077,DCM NOUVELLE LIMITED,INE08KP01019
101121,JSHPL-10%-17-11-28-PVT,INE373S08705
101132,HDFC Mutual Fund,INF179KC1FB2
101135,TIPS FILMS LIMITED,INE0LQS01015
101174,RATNAVEER PRECISION ENG L,INE05CZ01011
101206,SDL KL 7.7% 2047,IN2020220074
101216,SDL KL 7.69% 2040,IN2020220066
101217,EXPO ENGINEERING AND PROJECTS ,INE561D01025
101235,CREDENT GLOBAL FINANCE LIMITED,INE727C01024
101242,SDL KL 7.8% 2045,IN2020220090
101254,JSHPL-10%-17-11-28-PVT,INE373S08721
101256,TAMILNADU TELECOMMUNICATI,INE141D01018
101257,Optimus Finance Limited,INE031G01022
101258,AFPL-10.02%-10-12-30-PVT,INE515Q07665
101263,SDL KL 7.81% 2044,IN2020220082
101270,I-POWER SOLUTIONS INDIA LTD.,INE468F01010
101275,INNOMET ADVANCED MATERI L,INE0S1D01010
101276,772GUJSDL35,IN1520220295
101279,Rama Steel Tubes Limited,INE230R01035
101306,SIYARAM SILK MILLS LTD.,INE076B01028
101328,Updater Services Limited,INE851I01011
101342,771GUJSDL34,IN1520220279
101346,ALLCARGO TERMINALS LTD,INE0NN701020
101348,768GUJSDL33,IN1520220287
101349,HDFC Mutual Fund,INF179KC1EZ4
101355,771GUJSDL33,IN1520220253
101394,Kapil Raj Finance Ltd.,INE332Q01023
101408,PTC INDIA FIN SERV LTD,INE560K01014
101448,HEG LTD,INE545A01024
101456,768GUJSDL30,IN1520220238
101460,SUPER CROP SAFE LTD.,INE366G01022
101491,766GUJSDL30,IN1520220246
101514,BARON INFOTECH LTD.,INE228B01017
101522,JUPPL-6.40%-29-9-26-PVT,INE936D07174
101526,DCCDL-8.40%-18-6-27-PVT,INE186K07098
101537,SILVERLINE TECHNOLOGIES LTD.,INE368A01021
101540,Shipping Corporation of India ,INE0PB301013
101544,AGI GREENPAC LIMITED,INE415A01038
101556,CUBICAL FINANCIAL SERVICES LTD,INE717D01023
101562,LEAD REC AND RUB PROD LTD,INE0H4B01011
101567,TYCHE INDUSTRIES LTD.,INE443B01012
101575,SEPC LIMITED,INE964H01014
101581,Kahan Packaging Limited,INE04T901017
101638,DLFCDL-RR-17-8-33-PVT,INE186K07080
101639,JUPPL-7.43%-24-10-34-PVT,INE936D07190
101657,Roopshri Resorts Limited,INE03WT01017
101662,JUPPL-7.90%-10-8-23-PVT,INE936D07182
101669,SDL KL 7.76% 2038,IN2020220033
101670,DFPL-16-2-26-CP,INE422H14107
101685,SANGINITA CHEMICALS LTD,INE753W01010
101691,SST-7.80%-28-9-30-PTC,INE2I7F15012
101696,AFPL-10.95%-22-07-27-PVT,INE515Q07640
101698,DFPL-18-2-26-CP,INE422H14115
101700,SDL KL 7.85% 2035,IN2020220025
101701,MATRIX GEO SOLUTIONS LTD,INE132901013
101721,KRT-7.2%-26-9-28-PVT,INE1JAR07010
101723,AFPL-11.25%-15-12-29-PVT,INE515Q07632
101727,DSP-23-2-26-CP,INE422H14123
101728,SDL KL 7.71% 2042,IN2020220058
101729,SESHASAYEE PAPER & BOARDS,INE630A01024
101731,DSPFPL-27-02-26-CP,INE422H14131
101761,SDL KL 7.67% 2034,IN2020220041
101775,KEI INDUSTRIES LTD.,INE878B01027
101782,AUTOMOTIVE STAMPINGS & AS,INE900C01027
101783,DOLPHIN OFFSHORE ENTERPRISES (,INE920A01037
101785,SDL KL 7.85% 2034,IN2020220017
101801,APSBC 9.15% 2027 STRPP B,INE0M2307321
101802,SDL HR 7.1% 2033,IN1620250200
101809,DSPFPL-23-3-26-CP,INE422H14198
101814,Mukka Proteins Limited,INE0CG401037
101830,V-GUARD INDUSTRIES LTD.,INE951I01027
101856,SDL HR 7.29% 2037,IN1620250218
101887,Sab Events & Governance Now Me,INE860T01019
101888,LLOYDS ENGINEERING WORKS LIMIT,IN9093R01019
101890,SDL HR 7.41% 2040,IN1620250242
101891,DSPF-11-3-26-CP,INE422H14149
101892,APSBC 9.15% 2026 STRPP A,INE0M2307362
101906,SDL HR 7.38% 2041,IN1620250234
101907,APSBC 9.15% 2028 STRPP C,INE0M2307370
101908,DFP-10-3-26-CP,INE422H14156
101909,DFPL-13-3-26-CP,INE422H14164
101911,SDL HR 7.35% 2039,IN1620250226
101919,SHRADDHA PRIME PROJECTS LTD,INE311M01018
101925,SOUTH INDIAN BANK LTD.,INE683A01023
101926,SDL HR 7.52% 2042,IN1620250267
101930,APSBC 9.15% 2030 STRPP E,INE0M2307339
101932,DFPL-18-3-26-CP,INE422H14172
101933,SDL HR 7.52% 2041,IN1620250259
101945,APSBC 9.15% 2029 STRPP D,INE0M2307354
101950,APSBC 9.15% 2032 STRPP G,INE0M2307347
101951,BHANDARI HOSIERY EXPORTS LTD.,INE474E01029
101957,DSPFPL-20-3-26-CP,INE422H14180
101974,SDL HR 7.6% 2039,IN1620250283
102006,SDL HR 7.54% 2040,IN1620250275
102014,AUSOM ENTERPRISE LIMITED,INE218C01016
102022,Advik Capital Limited,INE178T01024
102024,APSBC 9.15% 2031 STRPP F,INE0M2307388
102033,SDL HR 7.61% 2043,IN1620250291
102034,ONE 97 COMMUNICATIONS LTD,INE982J01020
102036,INNOVA CAPTAB LIMITED,INE0DUT01020
102037,PATIL AUTOMATION LIMITED,INE17GV01016
102038,APSBC 9.15% 2035 STRPP J,INE0M2307396
102052,VARDHMAN POLYTEX LTD.,INE835A01029
102055,HDFC Mutual Fund,INF179KC1FY4
102068,HDFC Mutual Fund,INF179KC1FX6
102086,HDFC Mutual Fund,INF179KC1FZ1
102103,SUNIL HEALTHCARE LTD,INE671C01016
102118,INDAG RUBBER LTD.,INE802D01023
102125,SWISS MILITARY CONSUMER GOODS ,INE010C01025
102139,DCW LTD,INE500A01029
102141,SADBHAV ENGINEERING LTD.,INE226H01026
102159,HDFC Mutual Fund,INF179KC1FW8
102186,HDFC Mutual Fund,INF179KC1HY0
102193,HDFC Mutual Fund,INF179KC1HX2
102221,775GUJSDL32,IN1520220105
102234,HDFC Mutual Fund,INF179KC1HV6
102236,ADVANCE MULTITECH LTD.,INE875S01019
102244,IHFL-8.85%-26-12-26-NCD,INE477L07AZ3
102263,SDL TR 6.99% 2036,IN3220210014
102269,HDFC Mutual Fund,INF179KC1HW4
102273,RADIOWALLA NETWORK LTD,INE430U01019
102286,SBI Mutual Fund,INF200KA13M6
102293,HDFC Mutual Fund,INF179KC1HT0
102311,TCI Express Limited,INE586V01016
102322,Poojawestern Metaliks Limited,INE973X01012
102324,HDFC Mutual Fund,INF179KC1HU8
102335,HPCL-7.03%-12-4-30-PVT,INE094A08069
102337,TARINI INTERNATIONAL LTD,INE849M01017
102343,SBI Mutual Fund,INF200KA13O2
102353,HDFC Mutual Fund,INF179KC1HR4
102368,VARDHMAN POLYTEX LTD.,INE835A01029
102371,DONEAR INDUSTRIES LTD.,INE668D01028
102375,HDFC Mutual Fund,INF179KC1HS2
102387,SDL KL 6.8% 2031,IN2020200308
102389,812REC27,INE020B07GH7
102401,IHFL-ZC-3-1-27-NCD,INE477L07AP4
102419,GS12JUN43,IN000643C063
102437,SDL KL 6.82% 2032,IN2020200316
102453,IHFL-8.50%-3-1-27-NCD,INE477L07AO7
102456,AFIL-NIFTY-7-5-27,INE065507423
102474,SDL KL 6.82% 2035,IN2020200324
102493,HARIYANA SHIP BREAKERS LTD.,INE400G01011
102495,HCL TECHNOLOGIES LTD.,INE860A01027
102499,IHFL-8.75%-3-1-29-NCD,INE477L07AR0
102504,HPCL-6.63%-11-4-31-PVT,INE094A08093
102522,FIBERWEB (INDIA) LTD.,INE296C01020
102526,SBI Mutual Fund,INF200KA13Z8
102527,IHFL-8.43%-3-1-29-NCD,INE477L07AQ2
102552,IDBI MUTUAL FUND - IDBI GOLD E,INF397L01554
102556,Shivkamal Impex Limited,INE429R01017
102558,SEC RED NCD 9.43% SR. VI,INE804I078Y8
102562,J.J.FINANCE CORPORATION LTD.,INE584C01011
102564,IHFL-ZC-3-1-29-NCD,INE477L07AS8
102567,SANTOSH FINE-FAB LTD.,INE612D01018
102583,PED-17%-31-3-27-PVT,INE244P07037
102598,THAAI CASTING LIMITED,INE0QJL01014
102608,HFL-11%-18-3-26-PVT,INE01ZK08588
102611,SDL KL 7.02% 2028,IN2020200266
102618,ABHFL-8.03%-15-3-27-PVT,INE831R07391
102623,SBI Mutual Fund,INF200KA14B7
102624,11%-HFL-23-5-29-PVT,INE01ZK08596
102625,2024PLD-9.90%-25-1-28-PTC,INE0VIC15015
102632,THDCIL-7.88% -27-12-32-PVT,INE812V08011
102651,SBI Mutual Fund,INF200KA14A9
102653,THDCIL-7.76%-13-9-33-PVT,INE812V08029
102656,LTFL 7.90% 34 SR B,INE498L07095
102658,SBI Mutual Fund,INF200KA14E1
102662,VINEET LABORATORIES LTD,INE505Y20010
102666,Ganges Securities Ltd.,INE335W01016
102669,LANDMARK PR.DEV.CO.LTD,INE197J01017
102670,DUROPACK LTD.,INE138B01018
102677,PATEL RETAIL LIMITED,INE0R8B01010
102678,LTFH 7.798% 2029 SR F,INE498L07087
102681,THDCIL-7.93%-16-1-34-PVT,INE812V08037
102693,SDL KL 6.72% 2027,IN2020200290
102701,SBI Mutual Fund,INF200KA14C5
102702,HDFC Mutual Fund,INF179KC1HD4
102703,749GUJSDL26,IN1520220097
102712,ABHFL-8.10%-26-4-28-PVT,INE831R07359
102714,Craftsman Automation Limited,INE00LO01017
102715,MFL-10.05%-15-6-28-PVT,INE549K08392
102716,SDL KL 6.22% 2027,IN2020200225
102720,HSCL-26-3-26-CP,INE019C14664
102737,ABHFL-8.02%-13-7-28-PVT,INE831R07367
102739,SDL KL 6.17% 2027,IN2020200233
102750,Honasa Consumer Limited,INE0J5401028
102752,MANIPAL FINANCE CORPORATION LT,INE798E01013
102756,AXIS BANK LTD.,INE238A01034
102757,LF 7.9918% 2027 SR D,INE498L07053
102764,IHFL-8.20%-3-1-27-NCD,INE477L07AN9
102768,HDFC Mutual Fund,INF179KC1HB8
102772,761GUJSDL32,IN1520220071
102798,LTFH 8.1629% 2027 SR C,INE498L07046
102810,773GUJSDL32,IN1520220089
102817,HDFC Mutual Fund,INF179KC1HC6
102818,HSCL-04-03-26-CP,INE019C14656
102826,KOVALAM INVESTMENT & TRADING C,INE735U01011
102829,Shanti Educational Initiatives,INE440T01028
102834,ABHFL-6.70%-22-1-27-PVT,INE831R07318
102836,78GUJSDL32,IN1520220055
102838,POLY MEDICURE LIMITED,INE205C01021
102839,RailTel Corporation of India L,INE0DD101019
102850,HDFC Mutual Fund,INF179KC1HA0
102851,777GUJSDL32,IN1520220063
102853,Mishka Exim Limited,INE540S01019
102854,DUTRON POLYMERS LTD.,INE940C01015
102859,PUDUMJEE PAPER PRO. LTD,INE865T01018
102861,L&T FIN 8.24% 2027 SR J,INE498L07038
102867,782GJSDL32,IN1520220030
102869,TVS SUPPLY CHAIN SOL L,INE395N01027
102870,ABHFL-8.15%-25-10-32-PVT,INE831R07334
102871,SBI Mutual Fund,INF200KA14M4
102874,MATHEW EASOW RESEARCH SECURITI,INE963B01019
102883,L&T FIN 8.13% 2029 SR H,INE498L07020
102888,765GJSDL29,IN1520220048
102891,L&T FIN 8.15% 2027 SR F,INE498L07012
102896,DHOOT INDUSTRIAL FINANCE LTD.,INE313G01016
102897,HPCL-7.81%-13-4-32-PVT,INE094A08119
102898,MFL-29-1-29-NCD,INE549K08301
102899,780GJSDL32,IN1520220022
102900,726MPSDL38,IN2120240030
102907,HPCL-6.09%-26-2-27-PVT,INE094A08101
102921,JAY BHARAT MARUTI LTD,INE571B01036
102922,PICASA-9.5%-23-2-27-PTC,INE231315016
102924,765GUJSDL33,IN1520220212
102925,HPCL-7.22%-28-8-29-PVT,INE094A08168
102931,KNR CONSTRU LTD.,INE634I01029
102939,HPCL7.74%-02-03-28-PVT,INE094A08150
102940,760GUJSDL35,IN1520220220
102953,GENUS PRIME INFRA LIMITED,INE256D01014
102962,ACTION CONSTRUCTION EQUIPMENT,INE731H01025
102968,HPCL-7.54%-15-4-33-PVT,INE094A08143
102977,PAGE INDUSTRIES LTD,INE761H01022
102979,CONTIL INDIA LTD.,INE080G01029
102992,MODERN STEELS LTD.,INE001F01019
103004,NDR Auto Components Limited,INE07OG01012
103011,HPCL-7.64%-04-11-27-PVT,INE094A08135
103026,763GUJSDL32,IN1520220204
103090,HealthCare Global Enterprises ,INE075I01017
103092,SBI Mutual Fund,INF200KA12M8
103095,HEG LTD.,INE545A01024
103118,HPCL-6.73%-29-4-30-PVT,INE094A08176
103119,STOVEC INDUSTRIES LTD.,INE755D01015
103169,CGCL-8.9%-13-4-27-NCD,INE180C07221
103187,GS22APR41,IN000441C039
103210,ZF COM VE CTR SYS IND LTD,INE342J01019
103213,VINSYS IT SERVICES IND LT,INE0OSJ01014
103241,SCL-ZC-26-9-26-NCD,INEl48I07QA5
103242,CGCL-9.7%-13-10-35-NCD,INE180C07213
103261,HCKK Ventures Limited,INE345Q01017
103266,CGL-8.9%-1-6-27-PVT,INE180C07247
103301,CGCL-9.25%-24-5-28-PVT,INE180C07239
103302,Alstone Textiles (India) Ltd,INE184S01024
103306,MINDPOOL TECHNOLOGIES LTD,INE00RQ01019
103354,BAJAJ CONSUMER CARE LIMITED,INE933K01021
103355,CGCL-9.25%-13-10-28-NCD,INE180C07205
103359,AGEUPL-7.85%-31-3-34-PVT,INE155V07058
103366,NBA-9-2-26-CP,INE261F14OO4
103378,AU Small Finance Bank Limited,INE949L01017
103379,NBAR-6-2-26-CP,INE261F14ON6
103381,SBI Mutual Fund,INF200KA13A1
103386,ISPD-16-3-26-CP,INE849D14HY4
103407,VENTIVE HOSPITALITY LTD,INE781S01027
103434,MFL-9.75%-29-1-29-NCD,INE549K08293
103450,INNOVA CAPTAB LIMITED,INE0DUT01020
103453,SBI Mutual Fund,INF200KA13B9
103466,MFL-9.50%-29-10-27-NCD,INE549K08285
103485,ISPD-10-2-26-CP,INE849D14HW8
103490,LTFL 7.2190% 2028 SR I,INE498L07194
103496,ABHFL-8.0956%-22-12-26-PVT,INE831R07474
103498,MFL-12%-PERPETUAL-PVT,INE549K08269
103503,LTFL 7.0826% 2028 SR H,INE498L07186
103511,SDL KL 6.55% 2030,IN2020200118
103517,KANDAGIRI SPINNING MILLS LTD.,INE292D01019
103528,ABHFL-8.049%-3-12-27-PVT,INE831R07482
103536,MCFL-12.90%-3-10-27-PVT,INE545L07036
103550,MFCL-ZC-7-8-28-NCD,INE549K08251
103565,ABHFL-8.03%-11-9-29-PVT,INE831R07490
103575,BANCO PRODUCTS (INDIA) LTD.,INE213C01025
103595,MFCL-9.75%-7-8-28-NCD,INE549K08244
103596,SDL KL 6.73% 2028,IN2020200134
103605,MFCL-9.5%-7-5-27-NCD,INE549K08236
103618,LTFL 7.1242% 2028 SR G,INE498L07178
103624,LTFL 2028 SR E,INE498L07152
103626,IHFL-8.65%-26-12-27-NCD,INE477L07BB2
103632,SAATVIK GREEN ENERGY LTD,INE13B501022
103638,MFL-ZC-15-3-27-NCD,INE549K08228
103643,LTFL 7.23% SR C OP 2,INE498L07145
103649,IHFL-26-12-26-NCD,INE477L07BA4
103652,LTFL 7.12% 2027 SR F,INE498L07160
103655,757GUJSDL31,IN1520220188
103659,ABHFL-8.20%-19-5-27-PVT,INE831R07441
103674,SHREE MANUFACTURING CO.LTD.,INE632A01012
103678,UTTAM SUGAR MILLS LTD.,INE786F01031
103681,757GUJSDL26,IN1520220154
103682,IHFL-26-12-27-NCD,INE477L07BD8
103683,ABHFL-8.12%-15-5-29-PVT,INE831R07458
103692,MFL-9.4%-15-3-27-NCD,INE549K08210
103693,MFL-9%-15-3-27-NCD,INE549K08202
103695,LTFL 7.5934% 28 SR A OP2,INE498L07129
103698,76GUJSDL32,IN1520220162
103700,HDFC Mutual Fund,INF179KC1IA8
103701,ABHFL-8.17%-25-8-27-PVT,INE831R07466
103703,TRUCAP FINANCE LIMITED,INE615R01029
103710,IHFL-9%-26-12-27-NCD,INE477L07BC0
103711,LTFL 7.2092% 2027 SR B,INE498L07137
103712,GUJARAT MINERAL DEVELOPMENT CO,INE131A01031
103716,SBI Mutual Fund,INF200KA13E3
103739,IHFL-26-12-29-NCD,INE477L07BF3
103743,762GUJSDJ29,IN1520220139
103744,LFL 7.75% 2027 SR G,INE498L07103
103747,ABHFL-8.13%-1-11-28-PVT,INE831R07409
103750,IHFL-9.25%-26-12-31-NCD,INE477L07BE6
103752,KIOCL Limited,INE880L01014
103768,SBI Mutual Fund,INF200KA13C7
103769,LTFL 7.7989% 2030 SR H,INE498L07111
103772,ABHFL-8%-31-1-34-PVT,INE831R07417
103774,IHFL-9.25%-26-12-29-NCD,INE477L07BH9
103776,781GUJSDL32,IN1520220113
103785,HDFC Mutual Fund,INF179KC1HZ7
103786,KANPUR PLASTIPACK LIMITED,INE694E01014
103792,741GUJSDL26,IN1520220121
103794,ABHFL-8.20%-26-2-27-PVT,INE831R07425
103795,IHFL-8.9%-26-12-29-NCD,INE477L07BG1
103798,INOX GREEN ENERGY SER LTD,INE510W01014
103828,NFL-20-2-26-CP,INE342T14FA0
103834,AFIL 12% 2027,INE916Y07040
103843,ASTRA MICROWAVE LTD,INE386C01029
103844,SDL RJ 7.34% 2045,IN2920240107
103879,NFL-23-2-26-CP,INE342T14FB8
103882,SDL RJ 7.38% 2033,IN2920240131
103885,ICLFL-ZC-31-5-27-PVT,INE01CY077Y9
103891,AFIL 12% 2028,INE916Y07057
103894,AFIL 11.50% 2028 SR 05,INE916Y07065
103899,717KASDL29,IN1920190106
103903,NFL-18-2-26-CP,INE342T14FC6
103906,ICLFL-ZC-31-5-26-PVT,INE01CY077Z6
103909,SDL RJ 7.45% 2040,IN2920240123
103910,ABHFL-7.8241%-6-8-29-PVT,INE831R07508
103918,AARVI ENCON LIMITED,INE754X01016
103928,PICCADILY AGRO INDUSTRIES LTD.,INE546C01010
103931,NFL-19-3-26-CP,INE342T14FD4
103937,AFIL 11.50% 2029,INE916Y07073
103945,SDL RJ 7.43% 2034,IN2920240115
103947,AFIL-12.25%-14-4-26,INE065507282
103950,ICLFL-12%-31-5-27-PVT,INE01CY077W3
103954,SDL RJ 7.33% 2043,IN2920240156
103956,AKZO NOBEL INDIA LIMITED,INE133A01011
103972,ISHAN INTERNATIONAL LTD,INE0LCW01025
103975,SDL RJ 7.34% 2034,IN2920240149
103996,ICLFL-ZC-31-1-30-PVT,INE01CY077X1
104020,SDL RJ 7.32% 2034,IN2920240172
104032,IFL-11.50%-19-4-26-NCD,INE01CY077T9
104040,SDL RJ 7.33% 2044,IN2920240164
104049,WEBSOL ENERGY SYSTEM LTD,INE855C01023
104058,AFIL 12% 2027 SR 1,INE916Y07032
104060,764KERSDL34,IN2020220124
104061,IFL-11.75%-19-4-26-NCD,INE01CY077S1
104063,NFL-06-04-26-CP,INE342T14FI3
104095,Sky Gold And Diamonds Limited,INE01IU01018
104102,NFL-12-10-26-CP,INE342T14FJ1
104159,NFL-16-7-26-CP,INE342T14FK9
104172,IFL-12.50%-18-4-29-NCD,INE01CY077P7
104178,IFL-12%-19-4-27-NCD,INE01CY077R3
104182,MAHICKRA CHEMICAL LIMITED,INE961Y01015
104196,NFL-16-4-26-CP,INE342T14FL7
104199,IFL-19-12-29-NCD,INE01CY077Q5
104212,IFL-19-4-26-NCD,INE01CY077O0
104224,NFL-25-5-26-CP,INE342T14FE2
104231,IFL-19-4-27-NCD,INE01CY077N2
104250,SBI Mutual Fund,INF200KA15X8
104255,Anmol India Limited,INE02AR01019
104273,NFL-15-6-26-CP,INE342T14FF9
104290,NFL-17-07-26-CP,INE342T14FG7
104309,SMARTWORKS COWORKING SPACES LI,INE0NAZ01010
104311,Aanchal Ispat Limited,INE322R01022
104321,TEAMO PRODUCTIONS HQ LTD,INE065J01024
104330,NFL-16-6-26-CP,INE342T14FH5
104343,IFL-12.25%-19-4-27-NCD,INE01CY077M4
104350,REC-8.63%-24-3-29-TFBOND,INE020B07ID2
104352,AGEUPL-7.75%-31-12-31-PVT,INE155V07041
104353,SDL KL 8.10% 2032,IN2020200027
104355,CGCL-8.55%-13-4-27-NCD,INE180C07189
104359,FORCE MOTORS LIMITED,INE451A01017
104361,REC-8.61%-24-3-34-TFBOND,INE020B07IE0
104366,ICLFL-12.5%-14-12-26-NCD,INE01CY077J0
104371,CENTENIAL SURGICAL SUTURE LTD.,INE405H01018
104375,AGEUPL-7.65%-31-12-29-PVT,INE155V07033
104377,Motisons Jewellers Limited,INE0FRK01020
104378,CGCL-8.9%-13-10-28-NCD,INE180C07171
104379,SDL KL 8.96% 2035,IN2020200035
104381,ICLFL-ZC-14-8-29-NCD,INE01CY077K8
104393,DURLAX TOP SURFACE LTD,INE0OUW01013
104395,AGEUPL-7.30%-31-12-26-PVT,INE155V07025
104396,D&H INDIA LTD,INE589D01018
104408,SDL KL 6.7% 2027,IN2020200050
104409,CGCL-9.45%-13-10-30-NCD,INE180C07197
104415,SBI Mutual Fund,INF200KA16C0
104425,ABHFL-12MTBILL+SPREAD-26-6-30-,INE831R07599
104427,GOI STRIPS C 220831,IN000831C023
104452,72KARSDL29,IN1920190080
104462,CGCL-9.40%-09-02-35-PVT,INE180C07148
104463,SBI Mutual Fund,INF200KA16B2
104464,ACTIVE INFRASTRUCTURES L,INE0KLO01025
104473,REC-8.88%-24-3-29-TFBOND,INE020B07IG5
104499,REC-8.86%-24-3-34-TFBOND,INE020B07IH3
104500,SBI Mutual Fund,INF200KA16A4
104504,721KADSL28,IN1920190098
104527,CGCL-9.25%-8-7-28-PVT,INE180C07163
104543,SBI MUTUAL FUND - SBI GOLD EXC,INF200KA16D8
104555,HDFC Mutual Fund,INF179KC1JG3
104560,SDL KL 7.91% 2030,IN2020200019
104568,ICLFL-12.5%-14-12-28-NCD,INE01CY077E1
104573,CGCL-9%-31-7-28-PVT,INE180C07155
104592,DENTA WATER N INFRA SOL L,INE0R4L01018
104593,SDL RJ 7.36% 2034,IN2920240198
104595,ABHFL-7.90%-08-06-27-PVT,INE831R07557
104597,SBI Mutual Fund,INF200KA16O5
104598,ICLFL-12%-14-12-26-NCD,INE01CY077B7
104599,KMIL-8.16%-23-2-26-PVT,INE975F07ID8
104618,ABHFL-7.90%-11-08-28-PVT,INE831R07565
104619,SDL RJ 7.36% 2046,IN2920240180
104620,MFL-12%-23-10-35-PVT,INE549K08582
104621,ICLFL-12.25%-14-12-26-NCD,INE01CY077C5
104628,KMIL-8.14%-23-6-26-PVT,INE975F07IE6
104633,Karbonsteel Engineering Limite,INE0V8A01016
104634,CHENNAI PETROLEUM CORPORATION,INE178A01016
104655,MFL-10.26%-18-7-31-PVT,INE549K08574
104658,ABHFL-7.8618%-7-9-28-PVT,INE831R07573
104663,MFL-10.25%-23-01-31-PVT,INE549K08566
104667,PARLE INDUSTRIES LIMITED,INE272G01014
104683,ABHFL-7.3064%-22-5-28-PVT,INE831R07581
104686,MFL-12%-PERPETUAL-PVT,INE549K08558
104690,SHARP INVESTMENTS LTD,INE909D01026
104691,BLUEGOD ENTERTAINMENT LIMITED,INE924N01024
104693,LAXMI DENTAL LIMITED,INE0WO601020
104694,ABHFL-7.85%-10-3-28-PVT,INE831R07516
104696,MFL-10.40%-22-8-33-PVT,INE549K08541
104701,MFCL-10.26%-24-12-30-PVT,INE549K08533
104702,SBI Mutual Fund,INF200KA16M9
104705,ABHFL-7.8537%-17-1-30-PVT,INE831R07532
104708,SM Auto Stamping Limited,INE0C4I01011
104709,KMIL-ZC-19-5-26-PVT,INE975F07IB2
104711,SDL KL 6.5% 2027,IN2020200084
104712,MFL-PERPETUAL-PVT,INE549K08525
104713,ICICI Prudential Mutual Fund,INF109KC1Q72
104716,KMIL-7.9915%-23-4-26-PVT,INE975F07IC0
104723,ABHFL-7.86%-08-06-28-PVT,INE831R07540
104726,ASIAN GRANITO IND. LTD.,INE022I01019
104729,MFL-10.45%-11-3-33-PVT,INE549K08517
104730,SDL KL 6.63% 2030,IN2020200092
104745,TGIF AGRIBUSINESS LIMITED,INE0SMU01015
104760,871REC28,INE020B07HS2
104762,MFL-10.45%-24-12-32-PVT,INE549K08509
104769,SDL MN 7.54% 2038,IN2320250060
104771,ABHFL-7.1104%-30-07-27-PVT,INE831R07607
104795,JNK India Limited,INE0OAF01028
104807,ABHFL-7.58%-31-07-35-PVT,INE831R07615
104817,NFL-18-08-26-CP,INE342T14EA3
104820,837REC33,INE020B07HQ6
104846,ABHFL-7.2841%-18-11-30-PVT,INE831R07623
104848,NIP IND ETF ETF NV20,INF204KB18I3
104861,NFL-26-2-26-CP,INE342T14EB1
104868,TVS MOTOR COMPANY  LTD,INE494B01023
104869,846REC28,INE020B07HP8
104876,SDL RJ 7.52% 2039,IN2920240032
104880,ICLFL-12.25%-27-1-28-NCD,INE01CY078Y7
104884,SDL MN 7.1% 2040,IN2320250037
104885,SBI Mutual Fund,INF200KA14O0
104892,ICLFL-11%-27-2-26-NCD,INE01CY078X9
104901,SDL RJ 7.52% 2037,IN2920240024
104903,ICLFL-11.50%-27-1-27-NCD,INE01CY078Z4
104907,NANTA TECH LIMITED,INE0YJA01011
104909,SDL MN 6.71% 2040,IN2320250029
104913,854REC2028,INE020B07HV6
104914,SDL RJ 7.52% 2034,IN2920240016
104916,SDL RJ 7.42% 2032,IN2920240057
104918,ICLFL-27-9-30-NCD,INE01CY078W1
104919,MMFSL-7.75%-05-03-20-PVT,INE774D07TM8
104921,SDL MN 7.31% 2037,IN2320250052
104929,NAKODA GROUP OF IND. LTD,INE236Y01012
104934,SDL RJ 7.49% 2044,IN2920240040
104935,862REC33,INE020B07HT0
104937,SDL MN 7.72% 2037,IN2320250045
104947,BHEL-26-3-26-CP,INE257A14AF0
104948,PFL-11%-PERPETUAL-PVT,INE511C08AJ0
104949,MMFSL-8.48%-8-8-29-PVT,INE774D07TG0
104950,ANDHRA CEMENTS LTD.,INE666E01020
104951,ICLFL-02-12-26-NCD,INE01CY078U5
104952,NFL-23-3-26-CP,INE342T14EG0
104956,VST TILLERS TRACTORS LTD,INE764D01017
104973,ICLFL-02-12-27-NCD,INE01CY078T7
104985,ICLFL-12.25%-02-12-27-NCD,INE01CY078V3
104987,PFL-10.10%-18-5-27-PVT,INE511C08AI2
104989,NFL-24-03-26-CP,INE342T14EH8
105013,JK LAKSHMI CEMENT LTD,INE786A01032
105017,PFL-11.50%-PERPETUAL-PVT,INE511C08AH4
105018,SDL MN 6.83% 2040,IN2320250011
105037,NFL-26-3-26-CP,INE342T14EI6
105041,NFL-25-3-26-CP,INE342T14EJ4
105043,PCL-10.25%-03-03-27-PVT,INE511C08AG6
105057,PFL-11.5%-PERPETUAL-PVT,INE511C08AF8
105065,ICLFL-02-12-26-NCD,INE01CY078S9
105083,SBI Mutual Fund-Permitted,INF200KA1580
105090,ICLFL-12%-02-12-27-NCD,INE01CY078P5
105091,PFL-8.18%-05-06-35-PVT,INE511C08AM4
105092,ICLFL-12.20%-02-12-29-NCD,INE01CY078R1
105093,GS19MAR2029,IN000329C044
105104,SBI Mutual Fund,INF200KA1572
105109,AFIL-NIFTY-7-1-27,INE065507340
105119,PFL-10%-28-3-28-PVT,INE511C08AL6
105135,WILLIAMSON MAGOR & COMPANY LTD,INE210A01017
105136,AFIL-11.75%-7-5-26,INE065507373
105137,SREE RAYALASEEMA HI-STRENGTH H,INE917H01012
105149,SAR TELEVENTURE LIMITED,INE0PUC01020
105153,ICLFL-11.50%-02-12-26-NCD,INE01CY078O8
105173,NFL-15-4-26-CP,INE342T14EO4
105180,AFIPL-8.95%-RESET RATE-28-2-29,INE04MH07042
105187,ICLFL-12.25%-4-10-28-PVT,INE01CY078L4
105199,AFIPL-9%-31-12-28-PVT,INE04MH07034
105212,ICLFL-4-10-28-PVT,INE01CY078M2
105219,NFL-16-10-26-CP,INE342T14EQ9
105226,ICLFL-02-8-30-NCD,INE01CY078J8
105228,Ekansh Concepts Limited,INE005E01013
105229,ACAPL-11.90%-3-12-26-PVT,INE08XP07217
105239,CGCL-10.23%-9-8-29-PVT,INE180C07072
105243,Dharmaj Crop Guard Limited,INE00OQ01016
105245,ICLFL-4-6-30-PVT,INE01CY078K6
105256,ACAPL-12%-3-12-29-PVT,INE08XP07225
105295,ICLFL-19-8-27-PVT,INE01CY078H2
105318,AKCFL 9.35% MAY 2027,INE197P07334
105324,PFL-10.40%-24-01-27-PVT,INE511C08AE1
105353,ICLFL-12%-19-8-27-PVT,INE01CY078I0
105359,SBI Mutual Fund,INF200KA15C2
105370,NFL-13-4-26-CP,INE342T14EM8
105371,PFL-10.40%-6-1-27-PVT,INE511C08AD3
105373,KFin Technologies Limited,INE138Y01010
105374,MFL-12%-PERPETUAL-PVT,INE549K08491
105390,ICLFL-12%-23-7-27-PVT,INE01CY078F6
105407,SBI Mutual Fund,INF200KA15B4
105420,AFIL-12.25%-7-5-26,INE065507407
105421,AFIPL-8.95%-RESET RATE-6-3-29-,INE04MH07059
105422,MFL-10.05%-29-04-30-PVT,INE549K08483
105424,NFL-20-3-26-CP,INE342T14EN6
105442,ICLFL-19-4-30-PVT,INE01CY078G4
105450,SBI Mutual Fund,INF200KA15A6
105454,REDTAPE LIMITED,INE0LXT01019
105457,NFL-31-3-26-CP,INE342T14EW7
105459,ACAPL-14%-31-12-26-PVT,INE08XP07274
105460,SDL RJ 7.37% 2034,IN2920240073
105463,SBI Mutual Fund,INF200KA15M1
105466,MFL-10.05%-31-12-29-PVT,INE549K08475
105471,MMFSL-9.2%-18-1-27-NCD,INE774D07SV1
105472,ICLFL-23-3-30-PVT,INE01CY078D1
105473,MOTOR & GENERAL FINANCE L,INE861B01023
105474,8GOI2026,IN0020089077
105475,ORL-8%-22-10-27-PVT,INE093I07074
105477,ACAPL-12%-14-8-28-PVT,INE08XP07282
105479,SDL RJ 7.41% 2034,IN2920240065
105481,TWENTYFIRST CENTURY MANAGEMENT,INE253B01015
105482,NFL-12-5-26-CP,INE342T14EX5
105484,ICLFL-23-7-27-PVT,INE01CY078E9
105486,738REC27TF,INE020B07GX4
105494,NFL-11-5-26-CP,INE342T14EY3
105495,ORL-7.95-24-10-26-PVT,INE093I07066
105496,SDL RJ 7.37% 2039,IN2920240099
105497,LANDMARC LEISURE CORPORATION L,INE394C01023
105498,SBI Mutual Fund,INF200KA15O7
105499,ICLFL-12%-25-6-27-PVT,INE01CY078B5
105500,GARWARE TECHNICAL FIBRES LIMIT,INE276A01018
105501,MMFSL-9.3%-18-1-27-NCD,INE774D07SW9
105502,ACAPL-14.50%-29-3-26-PVT,INE08XP07290
105503,NFL-12-2-26-CP,INE342T14EZ0
105505,SDL RJ 7.36% 2037,IN2920240081
105506,MFL-10.05%-18-8-29-PVT,INE549K08434
105507,738REC27,INE020B07GV8
105508,ICLFL-ZC-25-6-27-PVT,INE01CY078C3
105509,ORL-8.05%-24-10-28-PVT,INE093I07082
105510,MFL-10.05%-31-5-29-PVT,INE549K08426
105512,NFL-27-3-26-CP,INE342T14ET3
105513,ACAPL-12.5%-19-2-26-PVT,INE08XP07241
105514,ICLFL-ZC-25-2-30-PVT,INE01CY078A7
105515,NIP IND ETF HANGSENG BEES,INF204KB19I1
105530,EMAMI LTD.,INE548C01032
105533,MFL-10.05%-14-8-28-PVT,INE549K08400
105537,ACAPL-10.01%-22-2-26-PVT,INE08XP07258
105544,NFL-27-04-26-CP,INE342T14EV9
105554,SRI AMARNATH FINANCE LIMITED,INE985Q01010
105559,704REC2028,INE020B07GZ9
105564,ACAPL-9.85%-17-4-26-PVT,INE08XP07266
105571,SDL RJ 7.16% 2034,IN2920240354
105573,RSIL-9.75%-11-11-30-PVT,INE411H08011
105578,Chemfab Alkalis Ltd,INE783X01023
105584,SDL RJ 7.16% 2045,IN2920240347
105593,NIP IND ETF GOLD BEES,INF204KB17I5
105594,MFL-RESET RATE-5-3-26-PVT,INE522D07CF1
105596,SBI Mutual Fund,INF200KA17X4
105601,693KARSDL32,IN1920210029
105602,SDL RJ 7.13% 2034,IN2920240339
105611,SDL RJ 7.08% 2034,IN2920240370
105622,CARBORUNDUM UNIVERSAL LTD.,INE120A01034
105632,SDL RJ 7.18% 2038,IN2920240362
105642,MFL-9.22%-13-3-33-PVT,INE522D07CC8
105643,MANSOON TRADING CO.LTD.,INE776V01013
105646,N R AGARWAL INDS LTD,INE740D01017
105651,SDL RJ 7.12% 2039,IN2920240396
105659,SBI Mutual Fund,INF200KA17U0
105662,SDL RJ 7.11% 2034,IN2920240388
105669,NFL-30-3-26-CP,INE342T14CX9
105672,GHMC MUNI BOND-8.90%-16-2-28-M,INE477Z08014
105681,GOKALDAS EXPORTS LTD.,INE887G01027
105685,SBI Mutual Fund,INF200KA17W6
105688,SUDARSHAN PHARMA INDUSTRIES LI,INE00TV01023
105690,CARYSIL LIMITED,INE482D01024
105695,GHMC MUNI BOND-9.38%-14-8-28-M,INE477Z08022
105698,ITL INDUSTRIES LTD.,INE478D01014
105707,SBI Mutual Fund,INF200KA17V8
105724,ICICI Prudential Mutual Fund,INF109KC1VT6
105725,IIFL 9.90% 26 OP A,INE530B07443
105733,SDL PN 7.15% 2044,IN2820240207
105745,IIFL 9.90% 26 SR D29 OPC,INE530B07450
105750,SBI Mutual Fund,INF200KA18A0
105759,WESTLIFE FOODWORLD LIMITED,INE274F01020
105760,IIFL 9.90% 2027 SR D31,INE530B07468
105771,Continental Securities Limited,INE183Q01020
105772,HERITAGE FOODS LIMITED,INE978A01027
105773,SBI Mutual Fund,INF200KA18D4
105777,69KARSDL31,IN1920210086
105794,IIFL 9.75% TR I SR VI,INE530B07476
105796,SBI Mutual Fund,INF200KA18C6
105797,Juniper Hotels Limited,INE696F01016
105805,LTMR-6-3-26-CP,INE128M14AY9
105815,SEC RED NCD SR. VII,INE530L07236
105818,IIFL 9.50% 2027 SR D25,INE530B07401
105824,SDL RJ 7.15% 2042,IN2920240305
105825,NIP IND ETF LONGTERM GILT,INF204KB1882
105828,SEC RED NCD 10% SR. VI,INE530L07228
105831,TINNA RUBBER AND INFR LTD,INE015C01016
105836,708KARSDL34,IN1920210060
105851,MFL-8.57%-28-1-28-PVT,INE522D07BX6
105860,IFL 9.90% 2027 SR D28,INE530B07427
105880,ICICI Prudential Mutual Fund,INF109KC1VR0
105883,SDL RJ 7.09% 2035,IN2920240321
105895,IIFL 9.90% 2026 OP B,INE530B07435
105896,VIKALP SECURITIES LTD.,INE186E01011
105912,ICICI Prudential Mutual Fund,INF109KC1VQ2
105918,SDL RJ 7.13% 2046,IN2920240313
105919,703KARSDL32,IN1920210045
105923,SDL PN 7.1% 2045,IN2820240298
105925,ALLCARGO LOGISTICS LTD.,INE418H01029
105938,JAMNA AUTO IND LTD,INE039C01032
105949,SDL PN 7.19% 2045,IN2820240280
105975,SDL PN 7.12% 2045,IN2820240272
105976,Spandana Sphoorty Financial Li,INE572J01011
106001,BHAGWATI OXYGEN LTD.,INE026I01010
106004,SDL PN 7.23% 2037,IN2820240264
106011,TATA ELXSI LTD.,INE670A01012
106032,KEWAL KIRAN CLOTHING LTD,INE401H01017
106034,SDL PN 7.12% 2036,IN2820240256
106043,IIFL 9.60% TR I SR VIII,INE530B07484
106053,SDL PN 7.08% 2034,IN2820240249
106064,IIFL 10.25% TR I SR IX,INE530B07492
106065,SDL PN 7.17% 2044,IN2820240231
106072,SDL PN 7.11% 2044,IN2820240223
106075,SDL PN 7.14% 2049,IN2820240215
106077,STEP TWO CORPORATION LTD.,INE623D01015
106078,Relicab Cable Manufacturing Li,INE773T01014
106079,SBI Mutual Fund,INF200KA18U8
106080,PRAKASH INDUSTRIES LTD,INE603A01013
106081,3M TBILL LKD 27 SR 817,INE915D08CZ3
106082,LLDL-13%-30-1-29-PVT,INE0JZO07040
106090,ESPIRE HOSPITALITY LIMITED,INE176O01011
106096,LLDL-13.50%-30-01-29-PVT,INE0JZO07032
106104,LLDL-13.50%-30-1-29-PVT,INE0JZO07024
106139,MPFL-8.15%-30-12-27-PVT,INE522D07CJ3
106148,CITI TBILL LINK2026SR814,INE915D08CX8
106149,PSP Projects Limited,INE488V01015
106164,GS06NOV67,IN001167C013
106165,MPFL-8%-15-12-27-PVT,INE522D07CI5
106171,MFL-9.10%-19-8-26-PVT,INE522D07CH7
106173,BATA INDIA LTD.,INE176A01028
106198,MFL-8.6%-28-3-34-PVT,INE522D07CG9
106217,SDL RJ 7.23% 2033,IN2920240230
106227,SDL HR 7.42% 2035,IN1620230392
106236,Darjeeling Ropeway Company Lim,INE830S01014
106238,TRIOCHEM PRODUCTS LTD.,INE331E01013
106249,SDL RJ 7.35% 2049,IN2920240222
106265,SDL RJ 7.34% 2045,IN2920240214
106272,SDL RJ 7.27% 2042,IN2920240255
106291,Goel Food Products Limited,INE0K6L01010
106292,IIFL TR I SR VII,INE530B07500
106293,REC-7.43%-5-11-35-S-3B-NCD,INE020B07JU4
106298,SDL RJ 7.22% 2034,IN2920240248
106316,BHAGERIA INDUSTRIES LTD,INE354C01027
106318,IIFL 9.35% TR I SR V,INE530B07518
106319,REC-7.18%-5-11-35-S-3A-NCD,INE020B07JT6
106320,SBI Mutual Fund,INF200KA16X6
106328,SDL RJ 7.24% 2034,IN2920240271
106329,GOLDIAM INTERNATIONAL LTD.,INE025B01025
106331,SDL RJ 7.23% 2046,IN2920240263
106343,SMFG 8.37% 2029 SR 104,INE535H07CE7
106345,SDL RJ 7.13% 2039,IN2920240297
106346,GRAMEVA LIMITED,INE578R01011
106347,VAISHNO CEMENT CO.LTD.,INE116E01018
106358,TILAKNAGAR INDUSTRIES LTD,INE133E01013
106359,SDL RJ 7.1% 2034,IN2920240289
106367,SOMANY CERAMICS LTD.,INE355A01028
106368,NIP IND ETF PSU BANK BEES,INF204KB16I7
106380,KAMADGIRI FASHION LTD.,INE535C01013
106384,IIFL 8.80% 2026 SR D32,INE530B07567
106392,TBO TEK LIMITED,INE673O01025
106399,LGB FORGE LTD.,INE201J01017
106405,Apeejay Surrendra Park Hotels ,INE988S01028
106409,CRYOGENIC OGS LIMITED,INE0TL001013
106415,ICICI Prudential BSE 500 ETF,INF109KC1V59
106423,SBI Mutual Fund,INF200KA17B0
106436,TENNECO CLEAN AIR INDIA L,INE19RI01016
106437,ICICI Prudential Mutual Fund,INF109KC1V42
106438,Arvind Fashions Limited,INE955V01021
106442,SBI Mutual Fund,INF200KA17A2
106455,IIFL TR I SR IV,INE530B07526
106459,GS22FEB28C,IN000228C022
106486,REC-7.34%-5-11-30-S-2B-NCD,INE020B07JS8
106494,IIFL 9:30% TR I SR III,INE530B07534
106511,REC-7.09%-5-11-30-S-2A-NCD,INE020B07JR0
106538,INDIAN PHOSPHATE LIMITED,INE0DHF01018
106541,TRIO MERCANTILE & TRADING LTD.,INE234G01022
106562,IIFL TR I SR II,INE530B07542
106564,SDL RJ 7.29% 2034,IN2920240206
106585,IIFL 9% TR I SR I,INE530B07559
106616,MARKSANS PHARMA LTD.,INE750C01026
106639,PTC Industries Ltd.,INE596F01018
106643,AAFS MARKET LINK2034 SRB,INE0L6808037
106655,Wealth First Portfolio Manager,INE658T01017
106663,TEXMACO INFRASTRUCTURE & HOLDI,INE435C01024
106664,AAFS MARKET LINKED 2034,INE0L6808045
106668,INTERGLOBE AVIATION LTD,INE646L01027
106677,AGNI GREEN POWER LTD,INE0LF301013
106678,SBI Mutual Fund,INF200KA17D6
106680,UMIYA BUILDCON LIMITED,INE398B01018
106682,SDL HR 7.38% 2035,IN1620230400
106692,SBI Mutual Fund,INF200KA17C8
106694,USHANTI COLOUR CHEM LTD,INE00NI01015
106701,HYUNDAI MOTOR INDIA LTD,INE0V6F01027
106708,ARAVALI SECURITIES & FINANCE L,INE068C01015
106718,MORGAN VENTURES LTD.,INE902C01015
106719,SDL HR 7.45% 2035,IN1620230418
106726,ALL TIME PLASTICS LIMITED,INE0GV601021
106733,SDL HR 7.49% 2035,IN1620230426
106738,NOVELIX PHARMACEUTICALS LIMITE,INE314I01036
106751,GS06MAY65,IN000565C019
106781,CHOKSI ASIA LIMITED,INE865B01016
106819,CEREBRA INT TECH LTD,INE345B01019
106822,GS19MAR2052,IN000352C020
106934,SDL MZ 7.2% 2029,IN2520190041
106966,UFM INDUSTRIES LTD.,INE832E01010
107000,ZYDUS LIFESCIENCES LTD,INE010B01027
107012,NATRAJ PROTEINS LTD.,INE444D01016
107028,SDL MZ 7.20% 2030,IN2520190066
107031,Primo Chemicals Limited,INE607A01022
107044,N.G.INDUSTRIES LTD.,INE825C01018
107045,SNOWMAN LOGISTICS LTD,INE734N01019
107048,JALAN TRANSOLU. INDIA LTD,INE349X01015
107053,SDL MZ 7.11% 2030,IN2520190058
107081,PANTHER INDUSTRIAL PRODUCTS LT,INE181D01014
107085,MIDWEST GOLD LTD.,INE519N01014
107089,EHLS3 7% 2046,INE0TV208079
107118,NIP IND ETF BANK BEES,INF204KB15I9
107217,SDL RJ 7.15% 2035,IN2920240503
107246,Promax Power Limited,INE0I2F01015
107248,ASTONEA LABS LIMITED,INE0TG901011
107263,SDL RJ 7.06% 2035,IN2920240529
107277,SDL RJ 7.04% 2032,IN2920240511
107311,Aeonx Digital Technology Limit,INE994D01010
107316,SDL RJ 7.1% 2043,IN2920240545
107323,SDL MZ 7.50% 2030,IN2520190074
107330,STRATMONT INDUSTRIES LIMITED,INE473C01025
107352,SDL RJ 7.05% 2037,IN2920240537
107382,EXIDE INDUSTRIES LTD,INE302A01020
107384,Flair Writing Industries Limit,INE00Y201027
107395,GHFL-17-2-26-CP,INE02JD14609
107425,Borosil Limited,INE02PY01013
107469,NIP IND ETF IT,INF204KB15V2
107472,RELIANCE INDUSTRIAL INFRA,INE046A01015
107481,BHARATIYA GLOBAL INFOMEDIA LTD,INE224M01013
107489,VASWANI INDUSTRIES LTD.,INE590L01019
107503,SEC RE NCD 9% SR.VI,INE530B07260
107511,SEC RE NCD 0% SR.VII,INE530B07278
107517,ACCEL LIMITED,INE258C01038
107523,GHFL-13-2-26-CP,INE02JD14591
107530,GP PETROLEUMS LIMITED,INE586G01017
107534,EUREKA FORBES LIMITED,INE0KCE01017
107537,Mewar Hi-Tech Engineering Limi,INE957U01011
107592,ALICON CASTALLOY LIMITED,INE062D01024
107624,SPPL-31-3-26-PVT,INE0LBW07040
107640,JUBILANT INGREVIA LIMITED,INE0BY001018
107653,INTENSE TECHNOLOGIES LTD.,INE781A01025
107682,SHREEJI SHIPPING GLOBAL L,INE1B6101010
107697,SFPL-11.50%-13-1-25-PVT,INE551U08017
107703,ORCHASP LIMITED,INE215B01022
107704,BANSAL WIRE INDUSTRIES L,INE0B9K01025
107705,SDL RJ 7.2% 2042,IN2920240461
107714,SDL RJ 7.23% 2038,IN2920240495
107730,GARMENT MANTRA LIFESTYLE LIMIT,INE653S01028
107755,SDL RJ 7.19% 2035,IN2920240487
107758,AURI GROW INDIA LIMITED,INE925Y01036
107788,MFL-ZC-5-5-26-NCD,INE522D07BA4
107793,SDL RJ 7.22% 2035,IN2920240479
107802,SBI Mutual Fund,INF200KA18W4
107832,GOI LOAN 8.33% 2026,IN0020120039
107838,SBI Mutual Fund,INF200KA18V6
107860,GS12DEC33,IN001233C047
107870,ICODEX PUBLISHING SOLUTIONS LI,INE111601014
107899,SBI Mutual Fund,INF200KA18X2
107904,ROLEX RINGS LIMITED,INE645S01024
107923,Aditya Birla Sun Life Mutual F,INF209KC1142
107927,ISPDL-8.75%-11-5-28-PVT,INE849D08TX3
107934,SBI Mutual Fund,INF200KA19D2
107946,Aditya Birla Sun Life Mutual F,INF209KC1134
107952,ICICPDL-7.52%-07-04-32-PVT,INE849D08TY1
107961,SBI Mutual Fund,INF200KA19C4
107970,GOI LOAN 8.30% 2042,IN0020120062
107973,ISECPD-8.70%-28-04-26-PVT,INE849D08TV7
107994,SEC RE NCD 8.5% SR.III,INE530B07344
107995,SDL RJ 7.10% 2046,IN2920240404
108002,ISECPD-8.25%-26-4-27-PVT,INE849D08TW5
108004,SUNDARAM MULTI PAP LTD,INE108E01023
108014,NIP IND ETF NIFTY BEES,INF204KB14I2
108029,SEC RE NCD 0% SR.IV,INE530B07351
108044,TIL-7.76%-29-5-24-PVT,INE812V08045
108066,GHF-25-2-26-CP,INE02JD14708
108075,SDL RJ 7.10% 2050,IN2920240420
108096,Aplab Ltd.,IN9273A01047
108110,TIL-7.72%-3-9-34-PVT,INE812V08052
108112,SDL RJ 7.13% 2035,IN2920240412
108122,SDL RJ 7.17% 2035,IN2920240453
108164,TIL-7.73%-18-2-35-PVT,INE812V08060
108165,SDL RJ 7.14% 2037,IN2920240446
108182,TIL-7.45%-22-7-35-PVT,INE812V08078
108192,BHANSALI ENGINEERING POLYMERS,INE922A01025
108203,SBI Mutual Fund,INF200KA19A8
108204,SEC RE NCD 8.65% SR.V,INE530B07310
108206,SDL RJ 7.10% 2051,IN2920240438
108212,CEEJAY FINANCE LTD.,INE358C01010
108213,GHFL-13-3-26-CP,INE02JD14716
108223,Nuvoco Vistas Corporation Limi,INE118D01016
108229,SBI Mutual Fund,INF200KA19L5
108240,SWARNSARITA JEWELS INDIA LIMIT,INE967A01012
108242,SEC RED NCD 9.57% SR. V,INE530L07210
108249,CHENNAI FERROUS INDUSTRIES LIM,INE777O01016
108250,VINDHYA TELELINKS LTD.,INE707A01012
108254,GHF-RESET RATE-27-9-28-PVT,INE055I07180
108261,SEC RE NCD 0% SR.VII,INE530B07369
108263,GHFL-29-1-26-CP,INE02JD14666
108267,SEC RE NCD 9% SR.VI,INE530B07377
108272,PANAMA PETROCHEM LTD,INE305C01029
108273,ISPDL-8.3%-26-4-35-PVT,INE849D08TZ8
108279,GHF-24-2-26-CP,INE02JD14690
108282,SEC RE NCD 8.65% SR.V,INE530B07385
108285,GS19SEP2051,IN000951C029
108293,GHFL-12-2-26-CP,INE02JD14682
108294,MFL-9.5%-9-7-30-PVT,INE522D07BN7
108302,GRAND CONTINENT HOTELS L,INE12E301017
108307,SBI Mutual Fund,INF200KA19U6
108334,NIIT LIMITED,INE161A01038
108369,GS25NOV44,IN001144C020
108373,SBI Mutual Fund,INF200KA19W2
108403,GS06NOV44,IN001144C012
108405,SBI Mutual Fund,INF200KA19V4
108411,MTAR Technologies Limited,INE864I01014
108449,IIFL FINANCE LIMITED,INE530B01024
108451,ICICI-MULTI-6-3000-2026,INE090A08SP8
108473,Orissa Bengal Carrier Limited,INE426Z01016
108499,Sancode Technologies Limited,INE0P7001013
108500,RBZ JEWELLERS LIMITED,INE0PEQ01016
108501,FLEXITUFF VENTURES INTERNATION,INE060J01017
108506,NBFSPL-10.25%-02-03-27-PVT,INE0H8L08016
108511,Angel Fibers Limited,INE339Z01011
108561,MYSORE PETRO CHEMICALS LTD.,INE741A01011
108565,SISL-10.75%-10-06-27-PVT,INE932X07015
108587,BN AGROCHEM LIMITED,INE00HZ01011
108588,SISL-10.70%-10-06-27-PVT,INE932X07023
108597,SHYAM METALICS AND ENGY L,INE810G01011
108601,Chrome Silicon Limited,INE114E01013
108617,SDL RJ 7.58% 2048,IN2920220307
108619,SISL-10.5%-10-12-27-PVT,INE932X07031
108750,SDL RJ 7.74% 2049,IN2920220331
108755,SDL RJ 7.77% 2033,IN2920220315
108790,ATUL AUTO LTD.,INE951D01028
108806,SDL RJ 7.74% 2040,IN2920220323
108813,Mac Hotels Limited,INE004Z01011
108821,Fedbank Financial Services Lim,INE007N01010
108824,VT-9.25%-20-10-26-PTC,INE20NI15013
108850,VT-9.25%-20-3-28-PTC,INE20NI15039
108864,VT-9.25%-20-5-27-PTC,INE20NI15021
108884,Polo Queen Industrial and Fint,INE689M01025
108895,DOMS Industries Limited,INE321T01012
108896,VT-9.25%-20-1-29-PTC,INE20NI15047
108932,VALIANT ORGANICS LIMITED,INE565V01010
108935,PORWAL AUTO COMPONENTS LTD.,INE386I01018
108942,TCPL-9%-27-3-30-PVT,INE0TI408015
108946,TCPIPL-9%-27-3-31-PVT,INE0TI408023
108947,S.J.S. Enterprises Limited,INE284S01014
108958,ALMONDZ GLOBAL SECURITIES LTD.,INE326B01035
108977,PLADA INFOTECH SERVICES L,INE0PXD01014
108989,JAIPRAKASH POWER VEN. LTD,INE351F01018
108990,SDL RJ 7.78% 2033,IN2920220349
108991,SDL KL 7.1% 2043,IN2020240320
109022,VL-9.20%-25-2-30-PVT,INE205A07196
109027,PAISALO DIGITAL LIMITED,INE420C01059
109035,CURA TECHNOLOGIES LIMITED,INE117B01020
109036,SDL RJ 7.84% 2041,IN2920220356
109053,SDL KL 7.06% 2055,IN2020240338
109081,LOYAL TEXTILE MILLS LTD.,INE970D01010
109087,EURO (I) FRESH FOODS LTD,INE546V01010
109094,SDL KL 7.18% 2050,IN2020240304
109095,SIDDHI COTSPIN LIMITED,INE0SVO01019
109111,Kalyan Capitals Limited,INE149Q01021
109122,T T LTD.,INE592B01024
109125,SDL KL 7.08% 2040,IN2020240312
109132,REVATHI EQUIPMENT INDIA L,INE0DAB01012
109140,SDL RJ 7.83% 2050,IN2920220364
109156,HINDUSTAN FOODS LTD.,INE254N01026
109178,MOHIT PAPER MILLS LTD.,INE388C01017
109185,833GOI2026,IN0020120039
109200,ZUARI INDUSTRIES LIMITED,INE217A01012
109212,MANKIND PHARMA LIMITED,INE634S01028
109221,GS22APR45,IN000445C030
109235,GS19SEP2032,IN000932C045
109240,SDL KL 7.24% 2043,IN2020240288
109245,WEST LEISURE RESORTS LTD,INE266P01017
109277,SDL KL 7.17% 2038,IN2020240296
109283,PRUDENTIAL SUGAR CORPORAT,INE024D01016
109291,RLF LTD.,INE629C01014
109300,SDL KL 7.18% 2050,IN2020240262
109303,MANUGRAPH INDIA LIMITED,INE867A01022
109312,830GOI2042,IN0020120062
109317,WEIZMANN LTD,INE080A01014
109328,Space Incubatrics Technologies,INE797Z01028
109346,GTT DATA SOLUTIONS LIMITED,INE959B01017
109349,SDL KL 7.2% 2042,IN2020240270
109372,SDL KL 7.14% 2045,IN2020240247
109375,FILTRON ENGINEERS LTD.,INE589N01017
109387,NEOPOLITAN PIZZA AND FOODS LIM,INE471R01019
109391,733KRSDL54,IN2020240080
109395,Lex Nimble Solutions Limited,INE860Y01019
109400,SDL KL 7.16% 2038,IN2020240254
109437,SDL KL 7.10% 2042,IN2020240221
109442,SDL RJ 7.87% 2040,IN2920220208
109449,Dhabriya Polywood Limited,INE260R01016
109467,SKRPL-8.28%-RESET RATE-30-6-31,INE08BR07011
109476,SDL KL 7.24% 2044,IN2020240239
109483,MMFSL-8.80%-6-6-26-NCD,INE774D08LZ5
109516,MMFSL-8.72%-6-6-26-NCD,INE774D08LU6
109524,SELLWIN TRADERS LIMITED,INE195F01027
109538,UNITED NILGIRI TEA LTD,INE458F01011
109544,Varroc Engineering Limited,INE665L01035
109546,MMFSL-8.53%-6-6-26-NCD,INE774D08LT8
109547,SKRPL-8.08%-RESET RATE-30-6-35,INE08BR07029
109559,GOLD ROCK INVESTMENTS LTD.,INE598F01014
109587,RRVPN-8.65%-5-1-27-PVT,INE572F09202
109619,MUKAND LTD.,INE304A01026
109716,TOPL 7.45% 2028 SR 1,INE685A07132
109737,EKAM LEASING & FINANCE CO.LTD.,INE906L01025
109744,TOPL 7.60% 2029 SR 2,INE685A07157
109751,GS06MAY63,IN000563C014
109756,TOPL 7.70% 2030 SR 3,INE685A07165
109785,TOPL 7.80% 2031 SR 4,INE685A07173
109786,JOSTS ENGINEERING CO.LTD.,INE636D01041
109790,MFL-8.80%-12-12-28-PVT,INE549K07HD3
109799,JAINEX AAMCOL LTD.,INE280F01019
109805,MFL-9%-04-02-28-PVT,INE549K07HC5
109810,SENCO GOLD LIMITED,INE602W01027
109818,HPL Electric & Power Limited,INE495S01016
109821,Tasty Dairy Specialities Limit,INE773Y01014
109823,MFL-8.85%-29-10-28-PVT,INE549K07HB7
109838,SDL KL 7.08% 2031,IN2020240205
109843,SDL RJ 7.65% 2033,IN2920220232
109844,MFL-9.15%-29-10-28-PVT,INE549K07HA9
109845,SDL RJ 7.82% 2032,IN2920220216
109854,SDL KL 7.12% 2035,IN2020240213
109862,WELSPUN CORP LIMITED,INE191B01025
109863,SDL RJ 7.61% 2032,IN2920220224
109864,BERVIN INVESTMENT & LEASING LT,INE348I01018
109874,747KERSDL50,IN2020240023
109878,SDL RJ 7.66% 2033,IN2920220257
109890,SDL RJ 7.64% 2038,IN2920220240
109898,BPL LTD,INE110A01019
109901,SDL RJ 7.66% 2043,IN2920220273
109904,SHIKHAR CONSULTANTS LTD.,INE641B01011
109905,SIIL-23-3-26-CP,INE343H14212
109906,SIIL-9-2-26-CP,INE343H14204
109907,SDL RJ 7.73% 2038,IN2920220265
109908,MFL-9.40%-01-08-28-PVT,INE549K07GZ8
109917,SDL RJ 7.69% 2039,IN2920220299
109927,SDL RJ 7.56% 2048,IN2920220281
109936,Piramal Finance Limited,INE202B01038
109938,MFCL-16-7-27-NCD,INE549K07GY1
109944,SDL KL 7.14% 2047,IN2020240163
109965,1063IOT28D,INE310L07AB7
109983,DIGIDRIVE DISTRIBUTORS L,INE0PSC01024
109987,NABARD-7.53%-24-3-28-PVT,INE261F08EM1
110013,SDL KL 7.1% 2034,IN2020240171
110025,1063IOT28C,INE310L07AA9
110042,SDL KL 7.24% 2040,IN2020240148
110056,SDL KL 7.23% 2045,IN2020240155
110057,ATC ENERGIES SYSTEM LTD,INE0V0Q01019
110078,RUDRA ECOVATION LIMITED,INE723D01021
110098,SDL TN 6.95% 2031,IN3120210106
110100,SDL KL 7.26% 2039,IN2020240122
110106,ATIT-8.40%-18-12-26-CP,INE0BWS08019
110119,SDL KL 7.22% 2059,IN2020240130
110132,IOT-9.02%-20-10-28-PVT,INE310L07AE1
110133,SAMBHAAV MEDIA LTD.,INE699B01027
110140,GAIL (INDIA) LTD.,INE129A01019
110144,SDL TN 6.97% 2031,IN3120210122
110150,SDL KL 7.31% 2040,IN2020240106
110162,1063IOT28F,INE310L07AD3
110173,SDL KL 7.27% 2059,IN2020240114
110175,SDL TN 6.98% 2031,IN3120210114
110180,1063IOT28E,INE310L07AC5
110201,LOVABLE LINGERIE LTD,INE597L01014
110205,MMFSL-8.35%-16-1-34-PVT,INE774D08MW0
110215,NABARD-7.65%-28-4-34-PVT,INE261F08EE8
110216,MMFSL-8.20%-21-7-32-PVT,INE774D08MV2
110246,POLYCON INTERNATIONAL LTD.,INE262C01014
110247,MMFSL-8.30%-27-2-35-PVT,INE774D08MY6
110254,CHOTHANI FOODS LIMITED,INE344X01016
110270,SDL ML 7.57% 2034,IN2420250069
110278,MMFSL-8.24%-6-10-34-PVT,INE774D08MX8
110281,ATAM VALVES LIMITED,INE09KD01013
110282,NABARD-7.68%-30-4-29-PVT,INE261F08EG3
110286,SDL ML 7.44% 2035,IN2420250051
110296,NBRD-7.64%-6-12-29-PVT,INE261F08EJ7
110338,SDL ML 7.69% 2035,IN2420250044
110352,SDL KL 7.15% 2039,IN2020240189
110355,SHALIMAR WIRES INDUSTRIES LTD.,INE655D01025
110360,SDL ML 7.00% 2035,IN2420250036
110366,MMFSL-8.53%-19-4-33-PVT,INE774D08MU4
110375,NBARD-7.40%-29-4-30-PVT,INE261F08EL3
110382,SDL KL 7.15% 2040,IN2020240197
110386,SDL ML 6.64% 2035,IN2420250028
110389,MMFSL-7.35%-4-7-31-PVT,INE774D08MT6
110403,708GJSDL31,IN1520200289
110406,SDL ML 6.88% 2035,IN2420250010
110410,ABHFL-9.10%-3-7-26-PVT,INE831R08019
110411,707GUJSDL31,IN1520200271
110412,SDL TN 6.83% 2031,IN3120210098
110421,BHARTI AIRTEL LIMITED,INE397D01024
110424,ABHFL-9.10%-7-7-26-PVT,INE831R08027
110445,711GUJSDL31,IN1520200297
110453,MMFSL-9.35%-18-1-29-NCD,INE774D08MO7
110455,ABHFL-9.10%-13-7-26-PVT,INE831R08035
110458,MMFSL-9.5%-18-1-29-NCD,INE774D08MP4
110460,SBI DEBT FUND SERIES A-24- DIR,INF200KA1OY1
110462,AVENUE SUPERMARTS LIMITED,INE192R01011
110471,MMFSL-7.90%-24-04-27-NCD,INE774D08MJ7
110491,NBRD-7.50%-31-8-26-PVT,INE261F08EA6
110492,UNSE RE NCD 9.6% SR.II,INE530B08102
110513,693GUJSDL31,IN1520200263
110517,MMFSL-7.95%-24-07-32-NCD,INE774D08ML3
110518,MMFSL-8.05%-24-07-32-NCD,INE774D08MM1
110519,UNSE RE NCD 0% SR.III,INE530B08110
110524,SI CAPITAL & FINANCIAL SERVICE,INE417F01017
110538,MMFSL-8.00%-24-07-27-NCD,INE774D08MK5
110540,SVP GLOBAL TEXTILES LIMITED,INE308E01029
110541,NBRD-7.63%-27-9-28-SOCIALBOND-,INE261F08EC2
110550,NAZARA TECHNOLOGIES LTD,INE418L01047
110551,GOURMET GATEWAY INDIA LIMITED,INE512D01028
110552,MMFSL-6-6-26-NCD,INE774D08MF5
110553,SDL TN 6.96% 2051,IN3120210023
110572,65GUJSDL30,IN1520200206
110574,HIT KIT GLOBAL SOLUTIONS LTD.,INE309B01023
110579,SDL TN 6.77% 2031,IN3120210015
110591,NABARD-7.62%-31-1-28-PVT,INE261F08DV4
110597,SDL TN 6.99% 2041,IN3120210049
110636,MMFSL-6-6-26-NCD,INE774D08MG3
110651,D. P. ABHUSHAN LIMITED,INE266Y01019
110656,SDL TN 6.96% 2056,IN3120210031
110672,SDL TN 7.03% 2046,IN3120210064
110675,MMFSL-9%-6-6-26-NCD,INE774D08MA6
110677,SDL TN 6.97% 2046,IN3120210056
110683,NABARD-7.57%-19-3-26-PVT,INE261F08DW2
110689,Schaeffler India Limited,INE513A01022
110690,IIFL 9.30% SR D33 OP A,INE530B08185
110691,INDO THAI SECURITIES LTD.,INE337M01021
110694,NBARD-7.78%-29-3-38-PVT,INE261F08DZ5
110709,IIFL 9.25% SR D33 OP B,INE530B08193
110712,NBARD-7.70%-17-2-38-PVT,INE261F08DY8
110715,AHFL-30-11-28-CP,INE883F07405
110716,SDL TN 7.03% 2051,IN3120210072
110723,Krsnaa Diagnostics Limited,INE08LI01020
110738,SDL KL 7.34% 2055,IN2020240049
110757,SDL KL 7.38% 2055,IN2020240056
110780,AHFL-8.25%-28-3-29-PVT,INE883F07348
110799,SDL KL 7.47% 2050,IN2020240023
110815,AHFL-8.5%-17-8-26-PVT,INE883F07314
110828,SDL KL 7.36% 2036,IN2020240031
110836,AHFL-8.65%-21-8-27-PVT,INE883F07330
110853,JAIPAN INDUSTRIES LTD.,INE058D01030
110855,AHFL-8.37%-29-5-28-PVT,INE883F07389
110886,Meyer Apparel Limited,INE100C01024
110887,AHFL-8.10%-24-8-28-PVT,INE883F07397
110889,SDL KL 7.49% 2039,IN2020240015
110890,KANORIA ENERGY & INFRASTRUCTUR,INE534E01020
110898,AHFL-8.5%-2-12-27-PVT,INE883F07363
110916,VINYAS INNOVATIVE TECH L,INE0OLS01010
110938,Ambar Protein Industries Limit,INE072V01017
110950,TBI CORN LIMITED,INE0N2D01013
110958,SL-13-2-26-CP,INE211H14AG0
110959,UNITED BREWERIES LTD,INE686F01025
110963,ABHFL-7.43%-15-1-31-PVT,INE831R08084
110964,GOKUL REFOILS & SOLVENT LTD.,INE020J01029
110987,PFL-10.40%-7-12-26-PVT,INE511C08985
110988,ABHFL-8.30%-30-10-34-PVT,INE831R08092
110991,Aarti Surfactants Limited,INE09EO04017
110997,SL-10-3-26-CP,INE211H14AI6
111016,PFL-12.10%-PERPETUAL-PVT,INE511C08977
111022,RITE ZONE CHEMCON IND LTD,INE0MRA01019
111025,SL-25-02-26-CP,INE211H14AH8
111043,MEDICAMEN BIOTECH LIMITED,INE646B01010
111046,PFL-12.10%-30-12-99-PVT,INE511C08969
111071,DSPAMC - MIDCAPADD,INF740KA1WW5
111078,ABHFL-8.99%-24-7-26-PVT,INE831R08043
111089,DSPAMC - MSCIADD,INF740KA1WV7
111097,SDL KL 7.33% 2054,IN2020240080
111105,JAMES WARREN TEA LTD,INE718P01017
111116,SDL KL 7.30% 2052,IN2020240098
111123,SL-16-3-26-CP,INE211H14AJ4
111125,DSPAMC - SMALLADD,INF740KA1WX3
111131,ABHFL-8.50%-14-5-27-PVT,INE831R08050
111136,QUEST CAPITAL MARKETS LIMITED,INE418C01012
111156,SDL KL 7.32% 2041,IN2020240064
111157,EDELAMC - ASIFDG,INF754K30011
111159,Suraj Estate Developers Limite,INE843S01025
111163,ABHFL-8.50%-1-6-27-PVT,INE831R08068
111167,782RAJSDL32,IN2920220216
111172,EAST WEST FREIGHT CARRIERS LTD,INE595R01023
111197,ABHFL-8.94%-08-06-29-PVT,INE831R08076
111205,SDL KL 7.42% 2046,IN2020240072
111217,GANESH HOLDINGS LTD.,INE932M01011
111218,Trident Texofab Limited,INE071Y01013
111230,SDL JH 6.68% 2032,IN3720200036
111236,SDL JH 6.66% 2034,IN3720200044
111237,VL-8.74%-29-6-32-PVT,INE205A07220
111238,S A TECH SOFTWARE INDIA L,INE0BSN01013
111239,DSPAMC - NEXT50ADD,INF740KA1XU7
111242,EDELAMC - ASIFRG,INF754K30052
111246,JAIN RESOURCE RECYCLING L,INE0YD401026
111247,SDL JH 6.93% 2030,IN3720200010
111252,MMTC LIMITED,INE123F01029
111264,EDELAMC - ASIFRD,INF754K30060
111265,UNIHEALTH HOSPITALS LTD,INE0PRF01011
111270,SDL JH 6.62% 2030,IN3720200028
111293,IIFL 8.50% 2028 SR D34,INE530B08219
111294,PFL-12.10%-30-12-99-PVT,INE511C08951
111304,IDBI BANK LIMITED,INE008A01015
111313,IIFL 9.25% 2032 SR 35,INE530B08227
111321,PFL-12.10%-30-12-99-PVT,INE511C08944
111343,ABHFL-8.03%-23-04-35-PVT,INE831R08100
111348,GUJARAT INVESTA LTD.,INE373D01017
111349,IIFL 9.30% 2035 SR 35,INE530B08235
111362,PIRAMAL FINANCE LIMITED,INE202B01038
111370,BATLIBOI LTD.,INE177C01022
111381,NATURO INDIABULL LIMITED,INE0JNB01012
111383,CIPLA LTD.,INE059A01026
111402,CONSTRONICS INFRA LIMITED,INE537B01011
111429,N.R.AGARWAL INDUSTRIES LTD.,INE740D01017
111431,VAIBHAV GLOBAL LIMITED,INE884A01027
111432,GS25MAY38,IN000538C024
111437,SDL JH 6.86% 2036,IN3720200077
111440,GS06MAY38C,IN000538C016
111449,AHFL-8.5%-26-5-26-PVT,INE883F07306
111451,SDL JH 6.82% 2034,IN3720200085
111453,HYUNDAI MOTOR INDIA LIMITED,INE0V6F01027
111454,SDL JH 7.2% 2035,IN3720200051
111455,684GUJSDL31,IN1520200305
111457,SHARIKA ENTERPRISES LIMITED,INE669Y01022
111459,Shri Niwas Leasing and Finance,IN9201F01013
111460,SDL JH 7.28% 2036,IN3720200069
111462,SEC RE NCD 0% SR.V,INE477L07AP4
111493,SDL PN 6.73% 2040,IN2820200169
111512,SEC RE NCD 8.50% SR.IV,INE477L07AO7
111530,SDL PN 6.65% 2050,IN2820200177
111541,SEC RE NCD 8.75% SR.VII,INE477L07AR0
111569,SDL PN 6.79% 2035,IN2820200144
111579,SEC RE NCD 8.43% SR.VI,INE477L07AQ2
111601,SDL PN 6.6% 2030,IN2820200151
111602,HLE GLASCOAT LIMITED,INE461D01028
111612,FSBFL-9.40%-22-4-28-PVT,INE128S07614
111630,SDL PN 6.69% 2030,IN2820200128
111639,SEC RE NCD 0% SR.VIII,INE477L07AS8
111648,DOMS INDUSTRIES LIMITED,INE321T01012
111654,RL-20-2-26-CP,INE891D14B03
111656,SDL PN 6.76% 2040,IN2820200136
111660,JEENA SIKHO LIFECARE LTD,INE0J5801029
111661,SSPDL LTD.,INE838C01011
111663,DYNEMIC PRODUCTS LIMITED,INE256H01015
111669,Minda Corporation Limited,INE842C01021
111673,TV TODAY NETWORK LTD,INE038F01029
111680,SDL PN 6.7% 2040,IN2820200102
111687,RL-19-3-26-CP,INE891D14B11
111691,FSBFL-9.50%-12-12-26-PVT,INE128S07606
111696,AHFL-7.05%-24-2-26-PVT,INE883F07256
111704,Command Polymers Limited,INE0LKQ01012
111711,RL-25-3-26-CP,INE891D14B29
111713,SDL PN 6.95% 2040,IN2820200110
111735,SHDFC-9.5%-24-9-27-PVT,INE967Q07049
111736,SEC RED NCD 10.27% SR. VI,INE511C07706
111758,GOLECHHA GLOBAL FINANCE LTD.,INE427D01011
111773,LUMAX AUTO TECHNOLOGIES LTD.,INE872H01027
111776,AHFL-8.3%-3-1-28-PVT,INE883F07280
111843,644GUJSDL29,IN1520200081
111854,KOPRAN LTD,INE082A01010
111873,UNITECH LTD.,INE694A01020
111874,654GJSDL2030,IN1520200073
111909,SDL TN 7.05% 2026,IN3120190191
111916,SEC RE NCD 8.20% SR.III,INE477L07AN9
111937,SDL PN 6.63% 2051,IN2820200185
111946,FINE ORGANIC IND. LTD.,INE686Y01026
111952,SEC RED NCD 10.75% SR.VII,INE511C07714
111968,SDL PN 7.05% 2031,IN2820200193
111999,Ganesh Consumer Products Limit,INE652V01016
112000,ACAPL-9.85%-11-1-27-PVT,INE08XP07316
112001,IDEAFORGE TECHNOLOGY LIMITED,INE349Y01013
112012,ACAPL-12.5%-27-12-28-PVT,INE08XP07324
112016,20 MICRONS LTD,INE144J01027
112018,SDL TN 7.25% 2027,IN3120190274
112019,ACAPL-13.30%- 21-02-27-PVT,INE08XP07332
112021,ACAPL-14.75%-10-4-27-PVT,INE08XP07340
112024,SDL TN 6.94% 2050,IN3120190266
112028,SDL TN 7.19% 2035,IN3120190258
112043,SDL TN 7.33% 2054,IN3120190241
112045,LE TRAVENUES TECHNOLOGY L,INE0HV901016
112053,SDL TN 7.2% 2031,IN3120190233
112058,773GJSDL29,IN1520200016
112065,SDL TN 7.19% 2030,IN3120190225
112072,ACAPL-9.85%-30-10-26-PVT,INE08XP07308
112073,SDL TN 7.17% 2029,IN3120190217
112074,SDL MZ 6.9% 2033,IN2520210013
112083,CELL POINT (INDIA) LTD,INE0O0001013
112093,SDL TN 7.15% 2027,IN3120190209
112095,SDL MZ 7.12% 2034,IN2520210021
112096,SDL PN 7.23% 2031,IN2820200201
112097,RL-27-2-26-CP,INE891D14B37
112099,ACAPL-12%-13-04-27-PVT,INE08XP07399
112101,ICICI Prudential Gold ETF,INF109KC1NT3
112106,CHARTERED LOGISTICS LTD.,INE558F01026
112125,Supershakti Metaliks Limited,INE00SY01011
112132,MMP INDUSTRIES LIMITED,INE511Y01018
112135,ICICI Prudential Mutual Fund,INF109KC1NS5
112138,SDL MZ 7.0% 2034,IN2520210039
112143,FSBFL-9.1%-15-12-26-PVT,INE128S07598
112145,Aditya Birla Sun Life AMC Limi,INE404A01024
112146,SDL MZ 7.06% 2034,IN2520210047
112152,MORARJEE TEXTILES LTD.,INE161G01027
112161,SDL MZ 7.29% 2033,IN2520210054
112166,SDL MZ 7.05% 2029,IN2520210062
112167,ACAPL-12%-16-9-27-PVT,INE08XP07357
112168,DSJ KEEP LEARNING LIMITED,INE055C01020
112169,SDL MZ 7.25% 2034,IN2520210070
112170,FSBFL-9.20%-24-4-26-PVT,INE128S07580
112171,ACAPL-12%-16-9-27-PVT,INE08XP07365
112172,ACAPL-0%-28-9-26-PVT,INE08XP07373
112178,FISCHER MEDICAL VENTURE L,INE771F01041
112180,ACAPL-14.35%-28-10-26-PVT,INE08XP07381
112224,TPL 8.43% 2026 SR M,INE725H08154
112235,SAMVARDHANA MOTHERSON INT,INE775A08105
112237,KMIL-8.0359%-6-10-26-PVT,INE975F07IM9
112248,GOKUL REFOILS & SOLV LTD,INE020J01029
112252,TPL REPO RATE LINK2026SRL,INE725H08147
112264,IEC EDUCATION LTD.,INE172B01017
112271,VENKY S (INDIA) LIMITED,INE398A01010
112291,KMIL-8.2185%-27-11-26-PVT,INE975F07IO5
112296,VDEAL SYSTEM LIMITED,INE0U2M01015
112322,TPL 8.20% 2026 SR K,INE725H08121
112326,KMIL-8.1929%-28-1-27-PVT,INE975F07IP2
112358,SDL PN 6.82% 2036,IN2820200243
112390,MERCURY TRADE LINKS LTD.,INE319T01016
112393,SDL PN 7.02% 2028,IN2820200219
112395,KMIL-8.1084%-18-8-26-PVT,INE975F07IJ5
112396,NEULAND LABORATORIES LTD.,INE794A01010
112430,SDL PN 6.86% 2033,IN2820200235
112433,Venus Pipes & Tubes Limited,INE0JA001018
112440,SHIVA GLOBAL AGRO INDUSTRIES L,INE960E01019
112441,RAMA TELECOM LIMITED,INE14W901010
112458,KMIL-7.29%-20-07-27-PVT,INE975F07IU2
112460,VERTEX SECURITIES LTD.,INE316D01024
112463,INDIAMART INTERMESH LTD,INE933S01016
112470,AZAD ENGINEERING LIMITED,INE02IJ01035
112488,COMPUAGE INFOCOM LTD,INE070C01037
112493,KMIL-7.34%-28-8-28-PVT,INE975F07IV0
112522,SBI Mutual Fund,INF200KA1Q57
112540,KMIL-7.19-11-02-28-PVT,INE975F07IW8
112563,Pil Italica Lifestyle Limited,INE600A01035
112565,KMIL-7.23%-26-05-28-PVT,INE975F07IX6
112604,KMIL-8.24%-27-5-27-PVT,INE975F07IQ0
112617,TERAI TEA CO.LTD.,INE390D01011
112633,BROOKFIELD INDIA RET,INE0FDU25010
112658,KMIL-8.3774%-21-6-27-PVT,INE975F07IR8
112660,AIFL 8.05% 2032 SR SDH1,INE0AD508026
112691,INDIA FINSEC LTD.,INE474O01010
112696,AIFL 8.13% 2032 SR D1,INE0AD508018
112697,KMIL-8.3721%20-8-27-PVT,INE975F07IS6
112732,KMIL-7.33%-11-08-28-PVT,INE975F07IT4
112733,COCHIN MINERALS & RUTILE LTD.,INE105D01013
112734,683GUJSDL30,IN1520200164
112735,ANGEL ONE LIMITED,INE732I01013
112736,CIPLA LTD,INE059A01026
112737,MUNOTH CAPITAL MARKET LTD.,INE910G01027
112738,ACAPL-12%-11-6-27-PVT,INE08XP07431
112739,67GUJSDL30,IN1520200156
112740,CAPRIHANS INDIA LTD.,INE479A01018
112741,SKY GOLD AND DIAMONDS LTD,INE01IU01018
112742,ACAPL-12.50%-17-01-27-PVT,INE08XP07449
112750,64GUJSDL30,IN1520200180
112754,G.M.BREWERIES LTD.,INE075D01018
112755,ACAPL-12.3%-3-1-27-PVT,INE08XP07456
112761,684GUJSDL30,IN1520200172
112765,KMIL-7.6091%-23-5-29-PVT,INE975F07JA2
112769,RAJESH EXPORTS LTD,INE343B01030
112770,EVANS ELECTRIC LIMITED,INE06TD01010
112775,665GUJSDL30,IN1520200123
112776,NOCIL LTD.,INE163A01018
112777,TASHI INDIA LTD.,INE552H01017
112786,SSL-29-1-26-CP,INE212K14CO2
112787,KMIL-7.37%-27-1-28-PVT,INE975F07IY4
112788,SBI Mutual Fund,INF200KA1Q73
112795,KMIL-7.34%-26-11-27-PVT,INE975F07IZ1
112801,INTERNATIONAL COMBUSTION (INDI,INE403C01014
112802,ACAPL-13%-29-10-28-PVT,INE08XP07407
112803,SSL-6-2-26-CP,INE212K14CP9
112804,SBI Mutual Fund,INF200KA1Q65
112816,BETA DRUGS LIMITED,INE351Y01019
112826,ACAPL-12%-17-11-28-PVT,INE08XP07415
112829,663GUJSDL29,IN1520200149
112838,645GUJSDL30,IN1520200131
112850,ACAPL-12%-21-05-27-PVT,INE08XP07423
112851,SBI Mutual Fund,INF200KA1Q81
112866,UNSE RE NCD 10% SR.I,INE530B08094
112887,ALEMBIC LIMITED,INE426A01027
112891,SFL-9.30%-18-03-26-PVT,INE721A07JX3
112892,LKP FINANCE LIMITED,INE724A01017
112904,KMIL-7.6101%-21-2-29-PVT,INE975F07JB0
112917,Afcom Holdings Limited,INE0OXY01013
112919,Riddhi Corporate Services Limi,INE325X01015
112967,FSBFL-12.75%-13-5-26-PVT,INE128S07424
113006,HINDUSTAN BIO SCIENCES LTD.,INE597C01021
113017,SSL-10-3-26-CP,INE212K14CY1
113045,JAI BALAJI INDUSTRIES LTD.,INE091G01026
113053,SSL-16-3-26-CP,INE212K14CZ8
113069,AHFL-9.40%-05-05-26-PVT,INE883F07025
113083,NWFL-NIFTY-28-12-26-PVT,INE918K07FL7
113089,SBICAPSL-17-03-26-CP,INE212K14DA9
113101,Citizen Infoline Ltd.,INE473L01018
113111,751APSDL37,IN1020170107
113126,TEJASSVI AAHARAM LIMITED,INE173E01019
113130,ICICI Prudential BSE Liquid Ra,INF109KC1KT9
113135,ANIK INDUSTRIES LTD,INE087B01017
113136,GS19SEP2055,IN000955C020
113139,ANNVRRIDHHI VENTURES LIMITED,IN9075K01011
113182,SSL-23-2-26-CP,INE212K14CS3
113204,ILFS-9%-PERPETUAL-PVT,INE121H08156
113214,COROMANDEL AGRO PRODUCTS & OIL,INE495D01018
113229,SBICAP-25-02-26-CP,INE212K14CT1
113261,IFSL-8.90%-23-4-28-PVT,INE121H08164
113267,SIDDHA VENTURES LTD.,INE140C01012
113270,NACL-8.95%-10-3-27-PVT,INE850M07491
113296,SSL-20-2-26-CP,INE212K14CQ7
113313,HZL-STRP1-7.75%-21-03-26-PVT,INE267A08020
113320,ILFSL-8.68%-6-12-26-PVT,INE121H08131
113330,Nexxus Petro Industries Limite,INE0QUL01011
113346,SANDUR MANG & IRON ORES L,INE149K01016
113358,SBICAPSL-24-02-26-CP,INE212K14CR5
113366,IFSL-8.80%-PERPETUAL-PVT,INE121H08149
113387,NACL-9.18%-14-6-29-PVT,INE850M07475
113391,NWFL-9.80%-5-2-30-NCD,INE918K07FU8
113393,LGS9-9.11%-20-8-27-PTC,INE1YBL15013
113399,SBICAPSL-13-03-26-CP,INE212K14CW5
113407,HZL-STRP2-7.75%-20-03-27-PVT,INE267A08038
113429,KOLTE PATIL DEV. LTD.,INE094I01018
113431,SDL HP 6.84% 2035,IN1720250019
113433,ARCHIDPLY INDUSTRIES LTD.,INE877I01016
113452,SSL-12-3-26-CP,INE212K14CX3
113456,HZL-7.75%-STRP3-20-03-28-PVT,INE267A08046
113457,NAC-9.65%-27-3-27-PVT,INE850M07467
113474,MUNOTH COMMUNICATION LIMITED,INE410E01015
113530,SSL-26-2-26-CP,INE212K14CU9
113537,SEA TV NETWORK LTD.,INE351L01016
113574,SBICAPSL-06-03-26-CP,INE212K14CV7
113600,SDL HP 7.28% 2047,IN1720250068
113605,MFL-ZC-29-1-27-NCD,INE549K08194
113621,SDL HP 7.15% 2050,IN1720250050
113626,MFL-9.4%-29-1-27-NCD,INE549K08186
113641,SHREE PACETRONIX LTD.,INE847D01010
113650,SDL HP 6.92% 2045,IN1720250043
113652,GUJARAT THEMIS BIOSYN LTD.,INE942C01045
113655,ROSELABS FINANCE LTD.,INE475C01012
113658,MFL-9%-29-1-27-NCD,INE549K08178
113665,Gala Global Products Limited,INE480S01026
113673,ILFSL-8.69%-29-09-26-PVT,INE121H08099
113675,NWFL-10.25%-5-2-30-NCD,INE918K07FV6
113678,MFL-12%-PERPETUAL-PVT,INE549K08160
113679,SDL HP 6.79% 2034,IN1720250035
113686,SDL HP 6.65% 2032,IN1720250027
113697,MFL-12%-PERPETUAL-PVT,INE549K08152
113717,ADINATH TEXTILES LTD.,INE207C01019
113720,MARIS SPINNERS LTD.,INE866D01010
113725,ILFS-9.03%-22-3-26-PVT,INE121H08081
113735,GLENMARK PHARMACEUTICALS LTD.,INE935A01035
113737,MFL-12%-PERPETUAL-PVT,INE549K08145
113738,SDL HP 6.99% 2031,IN1720250092
113760,HOLMARC OPTO MECHATRO L,INE0LXA01019
113763,SDL HP 7.56% 2040,IN1720250084
113783,ADDI INDUSTRIES LTD.,INE757C01021
113786,SVARAJ TRADING & AGENCIES LTD.,INE406N01014
113810,SDL HP 7.27% 2035,IN1720250076
113831,BLUE JET HEALTHCARE LTD,INE0KBH01020
113842,SSL-24-3-26-CP,INE212K14DE1
113843,KOKUYO CAMLIN LIMITED,INE760A01029
113859,SBICAPSL-18-03-26-CP,INE212K14DB7
113860,RUCHI INFRASTRUCTURE LTD.,INE413B01023
113861,SBICAPSL-20-03-26-CP,INE212K14DC5
113863,SBICAPSL-23-03-26-CP,INE212K14DD3
113864,LEAD FINANCIAL SERVICES LTD.,INE531D01010
113869,ANJANI PORTLAND CEMENT LTD.,INE071F01012
113871,Mystic Electronics Limited,INE159O01033
113873,SSL-25-3-26-CP,INE212K14DF8
113874,LKP Securities Limited,INE341H01023
113875,BRACE PORT LOGISTICS LTD,INE0R4Z01018
113876,Avax Apparels and Ornaments Li,INE0NQ401016
113877,SSL-27-3-26-CP,INE212K14DG6
113889,K&R RAIL ENGINEERING LIMITED,INE078T01026
113898,VELS FILM INTERNATIONAL L,INE0I3H01019
113922,RAPID MULTIMODAL LOGISTICS LIM,INE0QA901010
113929,RAVI KUMAR DIST. LTD.,INE722J01012
113933,COMPUAGE INFOCOM LTD.,INE070C01037
113940,GS19MAR2027,IN000327C048
113974,WESTERN MINISTIL LTD.,INE187U01015
113980,URBAN COMPANY LIMITED,INE0CAZ01013
113981,STOVE KRAFT LIMITED,INE00IN01015
113985,FROG INNOVATIONS LIMITED,INE385O01018
113991,SWARAJ SUITING LIMITED,INE0GMR01016
113993,EQUIPPP SOCIAL IMPACT TECHNOLO,INE217G01035
113995,MUKAND LTD.,INE304A01026
113997,SEL MANUFACTURING COMPANY LTD.,INE105I01020
114002,ORIENTAL TRIMEX LTD,INE998H01012
114013,BANSISONS TEA INDUSTRIES LTD.,INE856E01019
114020,DB (INT) STOCK BROKERS,INE921B01025
114032,SDL HP 7.45% 2040,IN1720250100
114044,IHFL 9.18% 2028 SR K1,INE477L07BJ5
114062,IHFL 8.57% 2026 SR J1,INE477L07BI7
114089,HFL-11%-24-1-30-PVT,INE01ZK08612
114112,SEC RE NCD 9.25% SR VII,INE477L07BH9
114122,HFL-10.30%-24-11-26-PVT,INE01ZK08620
114130,HFL-11%-02-06-231-PVT,INE01ZK08646
114138,BIKAJI FOODS INTERN LTD,INE00E101023
114142,IHFL 7.90% 2027 SR H1,INE477L07BL1
114161,KABRA DRUGS LTD.,INE323K01017
114162,JD CABLES LIMITED,INE14VP01014
114163,HFL-10.50%-02-08-29-PVT,INE01ZK08638
114173,IHFL 8.00% 2027 SR E1 8,INE477L07BK3
114240,SUPREME POWER EQUIPMENT L,INE0QHG01026
114252,SDL HP 7.56% 2040,IN1720250126
114265,10.50%-HFL-23-5-26-PVT,INE01ZK08604
114295,SEC RED NCD 9.85% SR. VII,INE804I079Y6
114297,SDL HP 6.75% 2029,IN1720250118
114332,Global Ocean Logistics India L,INE1ITY01011
114335,MFL-12%-SERIES4-PVT,INE549K08079
114336,SEC RE NCD SR II,INE477L07BA4
114337,PROSTARM INFO SYSTEMS LIMITED,INE0BX301013
114338,MFL-12%-SERIES1-PVT,INE549K08061
114339,ICRA LIMITED,INE725G01011
114340,SUNDARAM FINANCE LTD,INE660A01013
114341,MFL-12%-SERIES3-PVT,INE549K08053
114346,RUBY MILLS LTD.,INE301D01026
114347,SEC RE NCD 9% SR IV,INE477L07BC0
114354,KARTIK INVESTMENTS TRUST LTD.,INE524U01019
114355,MFL-12%-SERIES2-PVT,INE549K08046
114358,SEC RE NCD 8.65% SR III,INE477L07BB2
114377,SEC RE NCD 9.25% SR IX,INE477L07BE6
114399,WEST COAST PAPER MILLS LT,INE976A01021
114400,Uniparts India Limited,INE244O01017
114413,SEC RE NCD SR V,INE477L07BD8
114415,GIPL 10.96% 2028 SR 1,INE1BEC08019
114433,SEC RE NCD 8.90% SR VI,INE477L07BG1
114443,SEC RE NCD SR VIII,INE477L07BF3
114508,SEC RE NCD 8.85% SR I,INE477L07AZ3
114512,G M BREWERIES LTD,INE075D01018
114514,Vruddhi Engineering Works Limi,INE0OMZ01013
114536,MANOJ VAIBHAV GEMS 'N' JEWELLE,INE0KNT01012
114537,Indiabulls Limited,INE126M01010
114543,NOCIL LIMITED,INE163A01018
114546,DCM LTD.,INE498A01018
114549,CHEVIOT CO.LTD.,INE974B01016
114555,AJANTA PHARMA LTD.,INE031B01049
114573,PCL-12.5%-29-12-28-NCD,INE0IID07744
114588,PCL-12.75%-29-12-29-NCD,INE0IID07751
114615,Dilip Buildcon Limited,INE917M01012
114620,PCL-13%-29-12-30-NCD,INE0IID07769
114633,MFCL-8.75%-7-5-26-NCD,INE549K07AJ5
114656,CINELINE INDIA LIMITED,INE704H01022
114663,ICICIPRAMC - ICICI5GSEC,INF109KC14A8
114668,PCL-13%-23-2-29-UL-PVT,INE0IID07702
114679,V2 RETAIL LIMITED,INE945H01013
114694,SDL RJ 6.99% 2041,IN2920200705
114698,PCL-14%-14-8-29-UL-PVT,INE0IID07710
114703,GS06NOV65,IN001165C017
114708,J.B.CHEMICALS & PHARMACEUTICAL,INE572A01036
114718,VINTAGE SECURITIES LTD.,INE153C01015
114729,CHEVIOT COMPANY LIMITED,INE974B01016
114733,SDL RJ 6.97% 2051,IN2920200713
114738,SDL PN 7.7% 2040,IN2820220183
114769,SDL RJ 7.22% 2041,IN2920200721
114776,PCL-13%-21-6-29-UL-PVT,INE0IID07736
114778,SYNERGY GREEN IND. LTD,INE00QT01015
114779,TRANSWIND INFRA LIMITED,INE792X01016
114787,SDL PN 7.59% 2039,IN2820220191
114788,MFL-ZC-15-3-26-NCD,INE549K07AE6
114795,SAYAJI HOTELS LTD.,INE318C01014
114799,AHIMSA INDUSTRIES LTD.,INE136T01014
114808,SDL TS 7.59% 2048,IN4520250619
114843,IRMT 7.26% 2045 SR A,INE1X1T15018
114854,SDL TS 7.58% 2053,IN4520250627
114895,MFL-8.75%-15-3-26-NCD,INE549K07AB2
114898,SDL TS 7.6% 2042,IN4520250601
114979,COHANCE LIFESCIENCES LTD,INE03QK01018
115007,NESCO LTD.,INE317F01035
115014,KFIN TECHNOLOGIES LIMITED,INE138Y01010
115032,SCOOBEE DAY GARMENTS (INDIA) L,INE962E01015
115049,SDL MZ 7.43% 2036,IN2520230011
115070,SDL MZ 7.43% 2037,IN2520230029
115076,UPPCL-10.15%-20-1-28-PVT,INE540P07350
115087,SDL MZ 7.36% 2038,IN2520230037
115097,UPPCL-10.15%-20-1-27-PVT,INE540P07343
115098,TIRUPATI STARCH & CHEMICALS LT,INE314D01011
115105,ECL-9.60%-05-06-26-PVT,INE804I07X49
115112,SDL MZ 7.36% 2038,IN2520230045
115114,814GJ2029,IN1520180333
115115,SDL MZ 7.46% 2039,IN2520230052
115116,83GUJ2029,IN1520180325
115127,UPPCL-9.70%-31-3-28-PVT,INE540P07392
115128,SDL MZ 7.72% 2038,IN2520230060
115155,SDL MZ 7.81% 2037,IN2520230078
115162,UPPCL-9.7%-31-03-27-PVT,INE540P07384
115176,AJOONI BIOTECH LIMITED,INE820Y01021
115195,SDL MZ 7.73% 2039,IN2520230086
115196,SDL TS 7.52% 2036,IN4520250635
115200,UPPCL-9.70%-30-3-26-PVT,INE540P07376
115202,SDL TS 7.61% 2042,IN4520250643
115229,SDL MZ 7.52% 2040,IN2520230094
115234,Borosil Scientific Limited,INE02L001032
115235,SDL TS 7.61% 2052,IN4520250650
115249,SDL RJ 7.15% 2031,IN2920200739
115279,SDL RJ 7.24% 2036,IN2920200747
115301,SDL RJ 7.2% 2046,IN2920200754
115316,BFAM - LIQUIDBETF,INF0QA701854
115317,BAJAJ HOUSING FINANCE LTD,INE377Y01014
115320,EFFWA INFRA & RESEARCH L,INE0U9101019
115322,ADLINE CHEM LAB LIMITED,INE276T01018
115323,EMCURE PHARMACEUTICALS L,INE168P01015
115333,REGENCY CERAMICS LTD.,INE277C01012
115342,SDL RJ 7.13% 2031,IN2920200788
115355,SDL RJ 7.15% 2031,IN2920200796
115357,SDL PN 7.74% 2039,IN2820220225
115369,SDL PN 7.69% 2039,IN2820220217
115374,SDL PN 7.97% 2038,IN2820220233
115376,AARTI DRUGS LTD.,INE767A01016
115414,MPIL CORPORATION LTD.,INE844C01027
115441,AMARJOTHI SPINNING MILLS LTD.,INE484D01012
115442,HDFC MUTUAL FUND - HDFC GOLD E,INF179KC1981
115461,GS19MAR2050,IN000350C032
115469,SUPERTECH EV LIMITED,INE0SC101013
115470,HDFC Mutual Fund,INF179KC1965
115473,LINCOLN PHARMACEUTICALS LTD.,INE405C01035
115477,JTEKT INDIA LIMITED,INE643A01035
115497,Amba Enterprises Ltd.,INE829P01020
115507,KEN FINANCIAL SERVICES LTD.,INE395E01018
115533,BHARTI HEXACOM LIMITED,INE343G01021
115534,SDL RJ 6.62% 2041,IN2920200606
115565,GENERAL INS CORP OF INDIA,INE481Y01014
115568,JUBILANT FOODWORKS LTD,INE797F01020
115579,SDL TS 7.5% 2051,IN4520250502
115600,Aryan Share & Stock Brokers Lt,INE016X01010
115619,SDL TS 7.5% 2052,IN4520250510
115626,ICICIPRAMC - IPRU5008,INF109KC15I8
115666,IFSPL-11%-30-9-27-PVT,INE00VD07016
115683,CENTURY ENKA LTD.,INE485A01015
115708,RELIANCE INDUSTRIAL INFRASTRUC,INE046A01015
115712,RRVL-11-2-26-CP,INE929O14EH3
115736,UTL INDUSTRIES LIMITED,INE184E01024
115746,RRVL-12-2-26-CP,INE929O14EG5
115748,IFSPL-10.50%-02-05-28-PVT,INE00VD07032
115751,MODIS NAVNIRMAN LTD,INE0L0L01012
115755,SFL-9.03%-12-7-28-NCD,INE721A07NU1
115774,RRVL-20-2-26-CP,INE929O14EJ9
115786,BHARAT HEAVY ELECTRICALS LTD.,INE257A01026
115793,Shri Venkatesh Refineries Limi,INE0HLJ01013
115794,ERAAYA LIFESPACES LIMITED,INE432F01032
115807,RRVL-18-2-26-CP,INE929O14EI1
115810,PUNCTUAL TRADING LTD.,INE07NX01019
115844,RRVL-9-3-26-CP,INE929O14EL5
115854,ANB METAL CAST LIMITED,INE0VG001016
115855,SDL TS 7.55% 2046,IN4520250585
115866,RRVL-18-3-26-CP,INE929O14EM3
115883,RRVL-24-2-26-CP,INE929O14EK7
115889,SDL TS 7.52% 2052,IN4520250593
115892,TRIGYN TECHNOLOGIES LTD.,INE948A01012
115894,SESHASAYEE PAPER & BOARDS LTD.,INE630A01024
115899,SFL-9.40%-12-7-28-NCD,INE721A07NX5
115918,Capital Small Finance Bank Ltd,INE646H01017
115920,SDL TS 7.49% 2039,IN4520250569
115921,SDL TS 7.68% 2044,IN4520250577
115924,RRVL-20-3-26-CP,INE929O14EN1
115939,BFAM - BANKBETF,INF0QA701714
115948,SDL TS 7.46% 2042,IN4520250536
115950,DCM LTD,INE498A01018
115952,ARMAN FIN SERV LTD,INE109C01017
115953,SDL TS 7.45% 2048,IN4520250544
115964,RRVL-23-3-26-CP,INE929O14EO9
115965,MAHAMAYA LIFESCIENCES LIMITED,INE0U9D01019
115975,AFL-10.05%-12-09-27-PVT,INE501X07729
115978,UPPCL-9.75%-20-10-27-PVT,INE540P07269
115980,SDL TS 7.45% 2053,IN4520250551
115987,RRVL-13-3-26-CP,INE929O14EP6
115997,MAFATLAL INDUSTRIES LTD.,INE270B01035
115998,UPPCL-9.75%-20-10-26-PVT,INE540P07251
116000,AFL-10.10%-12-03-28-PVT,INE501X07711
116021,SDL TS 7.34% 2038,IN4520250528
116024,MAX FINANCIAL SERV LTD,INE180A01020
116036,AFL-10.25%-30-06-27-PVT,INE501X07703
116038,SFL-9.30%-2-11-28-NCD,INE721A07OC7
116039,SDL RJ 6.45% 2027,IN2920200614
116044,SDL RJ 6.85% 2031,IN2920200622
116057,RAMA PAPER MILLS LTD.,INE425E01013
116059,SDL RJ 6.88% 2046,IN2920200630
116061,GS22OCT47C,IN001047C025
116066,APOLLO SINDOORI HOTEL LTD,INE451F01024
116087,VINEET LABORATORIES LTD,INE505Y01010
116089,JAI BALAJI INDUSTRIES LTD,INE091G01026
116123,SDL RJ 6.09% 2026,IN2920200648
116136,SDL RJ 6.95% 2031,IN2920200655
116144,BFAM - NIFTYBETF,INF0QA701722
116160,ORIENTAL TRIMEX LTD.,INE998H01012
116163,B.A.G FILMS AND MEDIA LTD,INE116D01028
116181,SDL RJ 6.96% 2041,IN2920200663
116205,KN AGRI RESOURCES LIMITED,INE0KNW01016
116220,SFL-9.70%-2-11-28-NCD,INE721A07OF0
116232,SDL RJ 6.97% 2051,IN2920200671
116260,SDL RJ 7.05% 2031,IN2920200689
116266,NAGARJUNA FERTILIZERS AND CHEM,INE454M01024
116278,SDL RJ 7.03% 2036,IN2920200697
116299,MFL-9.05%-20-9-28-NCD,INE549K07CP8
116310,DMIFPL-9.80%-4-6-27-PVT,INE604O08140
116332,SFL-9.30%-27-03-26-PVT,INE721A07KB7
116349,UTTAM SUGAR MILLS LTD.,INE786F01031
116364,AMINES & PLASTICIZERS LTD.,INE275D01022
116370,DMIFPL-9.75%-18-4-27-PVT,INE604O08157
116372,1008IOT27C,INE310L07910
116380,MFL-9.27%-20-9-26-NCD,INE549K07CN3
116388,INDO COUNT INDUSTRIES LTD.,INE483B01026
116391,REGENCY FINCORP LIMITED,INE964R01013
116398,TPL 7.39% 2028 SR W,INE725H08253
116407,1008IOT27B,INE310L07902
116409,RAAJ MEDISAFE INDIA LTD.,INE548H01015
116419,MFL-20-9-28-NCD,INE549K07CM5
116425,TPL 8.60% 2031 SR V,INE725H08246
116432,Swati Projects Limited,INE210F01016
116433,ICICIPRAMC - ICICIINFRA,INF109KC16E5
116436,SBI Mutual Fund-Permitted,INF200KA1FS1
116438,GIRIRAJ CIVIL DEVP LTD,INE614Z01017
116448,MFL-9.44%-20-9-28-NCD,INE549K07CL7
116450,REGAL ENTERTAINMENT & CONSULTA,INE101E01010
116453,TPL 8.30% 2028 SR U,INE725H08238
116475,EIAL-10.02%-25-3-28-PVT,INE528L07123
116503,RAJNANDINI METAL LIMITED,INE00KV01022
116506,TPL 8.18% 2027 SR T,INE725H08220
116511,ENTERPRISE INTERNATIONAL LTD.,INE439G01019
116513,1008IOT28D,INE310L07951
116515,EAAAL-10.80%-2-7-27-PVT,INE528L07115
116520,1008IOT28B,INE310L07936
116524,MFL-20-9-26-NCD,INE549K07CJ1
116545,TPL 8.14% 2027,INE725H08212
116562,EIAL-10.83%-01-9-26-PVT,INE528L07107
116564,SFL-9.20%-22-04-26-PVT,INE721A07KE1
116565,1008IOT28C,INE310L07944
116566,1008IOT28A,INE310L07928
116567,GLAXOSMITHKLINE PHARMACEUTICAL,INE159A01016
116582,TPL 8.35% 2027,INE725H08204
116596,SFL-9.22%-13-04-26-PVT,INE721A07KD3
116615,MFL-20-9-31-NCD,INE549K07CH5
116617,BOROSIL LIMITED,INE02PY01013
116618,MFL-9.10%-9-8-26-PVT,INE549K07CG7
116619,UPPCL-9.95%-22-3-032-PVT,INE540P07517
116621,RUBICON RESEARCH LIMITED,INE506V01022
116622,ONELIFE CAPITAL ADVISORS LTD.,INE912L01015
116651,UPPCL-9.95%-31-3-31-PVT,INE540P07509
116664,BGR ENERGY SYSTEMS LTD.,INE661I01014
116670,GS22FEB32C,IN000232C024
116734,MFL-8.65%-2-11-26-NCD,INE549K07CE2
116738,MFL-8.8%-2-5-28-NCD,INE549K07CD4
116770,MFL-9%-2-5-30-NCD,INE549K07CC6
116776,PCL-13%-20-3-30-NCD,INE0IID07553
116802,MFL-9.15%-2-5-28-NCD,INE549K07CB8
116858,VAJRA009-9.25%-20-11-26-PTC,INE0YD015016
116869,ECL-10.15%-16-6-26-PVT,INE804I08692
116877,ECL-NIFTY-D6E601A-28-04-26-PVT,INE804I08684
116882,REDTAPE Limited,INE0LXT01019
116886,VJ09T-9.75%-20-1-28-PTC,INE0YD015024
116887,PCL-14%-1-3-29-UL-PVT,INE0IID07587
116892,NATIONAL FERT. LTD,INE870D01012
116895,DFPL-9.80%-12-3-27-PVT,INE604O08132
116896,ICICIPRAMC - ICICITECH,INF109KC16I6
116912,870GJSDL28,IN1520180119
116913,SDL TS 7.44% 2058,IN4520250460
116935,ECL-9.60%-11-5-26-PVT,INE804I07V09
116946,SDL TS 7.3% 2051,IN4520250478
116953,ARHAM TECHNOLOGIES LTD,INE0L2Y01011
116967,ICICI PRUD NIFTY 100 ETF,INF109KC16V9
116977,SDL TS 7.53% 2052,IN4520250437
116978,SDL TS 7.52% 2054,IN4520250445
116982,MA2025-11.50%-28-07-28-PTC,INE2GPJ15020
116990,SDL TS 7.44% 2056,IN4520250452
116993,CHOICE INTERNATIONAL LTD,INE102B01014
117001,MA2025-11.50%-28-07-28-PTC,INE2GPJ15012
117018,ECL-10.25%-PERPETUAL-PVT,INE804I08734
117022,MFL-2-11-26-NCD,INE549K07BZ9
117028,SHRICON INDUSTRIES LTD.,INE753D01010
117036,SDL TS 7.44% 2051,IN4520250429
117041,ECL-10.25%-PERPETUAL-PVT,INE804I08742
117044,MFL-2-5-30-NCD,INE549K07BY2
117045,ALPINE HOUSING DEVELOPMENT COR,INE840D01015
117051,WILLIAMSON MAGOR,INE210A01017
117061,SDL TS 7.44% 2048,IN4520250403
117069,MFL-8.40%-2-2-27-NCD,INE549K07BX4
117080,AU SMALL FINANCE BANK LTD,INE949L01017
117085,SDL TS 7.44% 2049,IN4520250411
117088,SOFCOM SYSTEMS LIMITED,INE499Q01012
117094,ECL-9.75%-E7E701A-30-4-27-PVT,INE804I08726
117101,MFL-8.80%-2-2-28-NCD,INE549K07BW6
117115,MSTC LIMITED,INE255X01014
117133,NWFL-14-12-26-PVT,INE918K07KJ1
117161,1063IOT28B,INE310L07993
117163,MFL-8.50%-2-2-28-NCD,INE549K07BU0
117197,IOT-10.63%-IV-20-10-28-PVT,INE310L07985
117200,858GJSDL28,IN1520180176
117209,MFL-8.25%-2-4-26-NCD,INE549K07BT2
117212,MFL-8.70%-2-2-27-NCD,INE549K07BS4
117213,1008IOT28E,INE310L07969
117239,JOHN COCKERILL INDIA LIMITED,INE515A01019
117244,861GJSDL28,IN1520180168
117245,GANDHI SPECIAL TUBES LTD.,INE524B01027
117246,MSP STEEL & POWER LTD.,INE752G01015
117247,1008IOT28F,INE310L07977
117252,SUNTECH INFRA SOLUTIONS L,INE0SGZ01016
117257,ICICIPRAMC - VAL30IETF,INF109KC16X5
117263,TPL 8.25% 2027 SR Q,INE725H08196
117290,MFL-2-4-26-NCD,INE549K07BQ8
117305,TPL 8.33% 2027 SR P,INE725H08188
117328,SDL TS 7.45% 2057,IN4520250486
117338,TPL 8.50% 2026 SR N,INE725H08170
117353,TPL 8.47% 2026 SR O,INE725H08162
117360,SDL TS 7.44% 2056,IN4520250494
117376,PCL-13%-23-3-29-UL-PVT,INE0IID07629
117379,MFL-8.35%-6-9-26-NCD,INE549K07BN5
117435,PCL-14%-18-1-29-UL-PVT,INE0IID07637
117471,SFL-8.87%-08-08-26-PVT,INE721A07LD1
117496,GS25NOV42,IN001142C024
117518,MFL-6-9-26-NCD,INE549K07BK1
117539,GS06NOV42,IN001142C016
117559,BOI 7.23% 2035 SR IV,INE084A08235
117563,MFL-6-9-30-NCD,INE549K07BJ3
117586,RADIX INDUSTRIES (INDIA) LIMIT,INE576N01014
117588,Rajeshwari Cans Limited,INE0CQ101015
117589,MFL-ZC-2-2-30-NCD,INE549K07BI5
117597,GREENLAM INDUSTRIES LTD.,INE544R01021
117608,MFL-ZC-2-2-28-NCD,INE549K07BH7
117619,MFL-ZC-2-2-27-NCD,INE549K07BG9
117635,ORACLE FIN SERV SOFT LTD.,INE881D01027
117638,EMKAY GLOBAL FINANCIAL SERVICE,INE296H01011
117645,PANYAM CEMENTS & MINERAL INDUS,INE167E01037
117650,ICICIPRAMC - ICICIMOM30,INF109KC17C7
117667,VARVEE GLOBAL LIMITED,INE273D01019
117681,LANDMARK PROPERTY DEVELOPMENT,INE197J01017
117688,NWFL-NIFTY-6-7-26-PVT,INE918K07IV0
117693,ECL-9.61%-20-05-26-PVT,INE804I07V82
117694,MFL-9%-2-2-30-NCD,INE549K07BD6
117724,VHFCL-7.85%-12-9-26-PVT,INE459T07207
117726,MFL-8.75%-2-2-28-NCD,INE549K07BC8
117729,ECL-F7F701A-08-06-27-PVT,INE804I08759
117768,PAGE INDUSTRIES LTD.,INE761H01022
117783,EAAAL-10-7-26-PVT,INE528L07099
117788,SDL MZ 7.4% 2039,IN2520230102
117806,MFL-8.50%-2-2-27-NCD,INE549K07BB0
117808,835GJSDL29,IN1520180317
117809,UPCL-9.7%-22-3-32-PVT,INE540P07434
117815,PRAVEG LIMITED,INE722B01019
117839,SURAJ PRODUCTS LTD.,INE069E01019
117840,UPCL-9.7%-31-3-31-PVT,INE540P07426
117841,838GJSDL29,IN1520180309
117844,PCL-13%-28-3-29-UL-PVT,INE0IID07686
117857,GS17DEC35,IN001235C034
117862,EAAL-10.83%-01-9-26-PVT,INE528L07073
117885,UPPC-9.70%-29-3-30-PVT,INE540P07418
117891,PCL-14%-19-9-29-UL-PVT,INE0IID07694
117893,ICICIPRAMC-ICICIFIN,INF109KC17L8
117914,APAR INDUSTRIES LTD.,INE372A01015
117921,UPC-9.70%-30-3-29-PVT,INE540P07400
117937,ICICIPRAMC - ICICIALPLV,INF109KC17V7
117938,360 ONE Mutual Fund,INF579M01BB5
117947,SDL TS 7.54% 2055,IN4520250338
117952,UPPCL-9.95%-31-3-28-PVT,INE540P07475
117953,SDL TS 7.74% 2051,IN4520250346
117962,360 ONE Mutual Fund,INF579M01BC3
117966,808GUJSDL28,IN1520180234
117971,GS25MAY40,IN000540C020
117972,Northern Spirits Limited,INE01BL01012
117983,UPPCL-9.95%-31-3-27-PVT,INE540P07467
117985,SDL TS 7.74% 2055,IN4520250353
117999,APEX FROZEN FOODS LIMITED,INE346W01013
118005,UPPCL-9.95%-31-3-26-PVT,INE540P07459
118006,SDL TS 7.54% 2053,IN4520250320
118007,GHCL LIMITED,INE539A01019
118008,SWELECT ENERGY SYSTEMS LIMITED,INE409B01013
118011,GOI 6.83% 2039,IN0020080050
118025,850GJSDL28,IN1520180200
118027,VILAS TRANSCORE LIMITED,INE0AZY01017
118032,Max heights Infrastucture Ltd,INE393F01010
118037,GS02JUL40C,IN000740C018
118042,SDL TS 7.33% 2060,IN4520250304
118044,NWFL-LEAP Index-5-6-26-PVT,INE918K07JD6
118048,830GJSDL2029,IN1520180275
118052,MFL-29-10-26-NCD,INE549K07AX6
118068,SDL TS 7.54% 2051,IN4520250312
118076,UPPCL-9.95%-29-3-30-PVT,INE540P07491
118081,NWFL-NIFTY50-15-5-26-PVT,INE918K07JB0
118083,827GUJ2029,IN1520180259
118089,ECL-925%-15-9-27-PVT,INE804I08833
118094,UPPCL-9.95%-30-3-29-PVT,INE540P07483
118100,EFL-9.25%-6-10-27-PVT,INE804I08841
118102,MFL-8.75%-29-10-26-NCD,INE549K07AU2
118103,825GJSDL29,IN1520180242
118112,1008IOT26C,INE310L07886
118113,HI-TECH PIPES LIMITED,INE106T01025
118153,1008IOT26B,INE310L07878
118159,828GUJ2029A,IN1520180291
118160,Shriram Mutual Fund,INF680P01422
118181,RALLIS INDIA LTD.,INE613A01020
118182,KHAITAN (INDIA) LTD.,INE731C01018
118183,NWFL-NIFTY50INDEX-20-7-26-PVT,INE918K07JE4
118187,828GUJ2029,IN1520180283
118192,Heads UP Ventures Limited,INE759V01019
118193,SDL TS 7.46% 2053,IN4520250387
118195,Kalyan Jewellers India Limited,INE303R01014
118212,MFCL-ZC-7-5-26-NCD,INE549K07AO5
118221,SDL TS 7.44% 2047,IN4520250395
118227,SIHORA INDUSTRIES LIMITED,INE0SFA01011
118230,MARAL OVERSEAS LTD,INE882A01013
118237,SDL TS 7.72% 2057,IN4520250361
118261,DONEAR IND. LIMITED,INE668D01028
118262,HDFC LIFE INS CO LTD,INE795G01014
118273,SDL TS 7.72% 2063,IN4520250379
118276,1008IOT27A,INE310L07894
118294,DHANUKA INFRA REALTY LTD,INE704V01015
118299,AMEYA PRECISION ENG LTD,INE0KT901015
118300,MFCL-9.25%-30-10-27-NCD,INE549K07ET6
118307,SDL MN 7.5% 2036,IN2320230104
118324,SFL-8%-26-12-31-PVT,INE721A07QO7
118340,MFCL-9.45%-30-10-29-NCD,INE549K07ES8
118349,TIAPL-9.1%-25-10-30-PVT,INE723X07133
118384,BNAL 9.75% 2028 SR TR 1,INE00XL07015
118385,MFCL-30-10-26-NCD,INE549K07ER0
118391,INTERIORS & MORE LIMITED,INE0OPC01015
118392,TIAL-5-12-30-PVT,INE723X07141
118414,SFL-8.37%-12-11-31-PVT,INE721A07QM1
118417,RDB INFRASTRUCTURE AND POWER L,INE245L01028
118420,MFCL-9.65%-30-10-30-NCD,INE549K07EQ2
118421,NWFL-9%-22-7-27-PVT,INE918K07PZ6
118437,SSMD AGROTECH INDIA LIMITED,INE1U2R01013
118441,NWFL-9%-11-06-27-PVT,INE918K07PY9
118456,LEXUS GRANITO (INDIA) LTD,INE500X01013
118459,MFCL-9.40%-30-10-26-NCD,INE549K07EP4
118460,SERVICE CARE LIMITED,INE0P1Q01015
118468,NWFL-9.08%-09-12-27-PVT,INE918K07QB5
118479,PDS LIMITED,INE111Q01021
118483,NWFL-NIFTY50-31-8-35-PVT,INE918K07QA7
118486,MFCL-9.65%-30-10-27-NCD,INE549K07EO7
118515,MCFPL-8.18%-18-2-28-PVT,INE0DBJ07200
118522,MFCL-9.90%-30-10-29-NCD,INE549K07EN9
118538,TIAPL-8.70%-28-7-26-PVT,INE723X07109
118544,ABM KNOWLEDGEWARE LTD.,INE850B01026
118546,MFCL-10.10%-30-10-30-NCD,INE549K07EM1
118547,Mankind Pharma Limited,INE634S01028
118549,MCFPL-8.30%-18-3-30-PVT,INE0DBJ07218
118559,Shivalik Rasayan Ltd.,INE788J01021
118560,MFCL-16-9-26-NCD,INE549K07EL3
118561,NWFL-8.95%-19-05-28-PVT,INE918K07QF6
118572,NWFL-GOLDFUTURE-30-4-29-PVT,INE918K07QE9
118587,MFCL-9.45%-16-9-29-NCD,INE549K07EK5
118596,Nippon India Mutual Fund - Per,INF204KB1V68
118600,NWFL-NIFTY50 INDEX-28-09-35-PV,INE918K07QD1
118601,MFCL-16-5-32-NCD,INE549K07EJ7
118602,MFCL-9.65%-16-9-30-NCD,INE549K07EI9
118604,SFL-8.56%-25-2-32-PVT,INE721A07QU4
118606,NWFL-NIFTY-13-10-28-PVT,INE918K07QC3
118607,STERLING POWERGENSYS LTD,INE067E01013
118618,NWFL-NIFTY50-1-12-35-PVT,INE918K07QJ8
118620,MFCL-9.40%-16-9-26-NCD,INE549K07EH1
118639,Canara Robeco Asset Management,INE218I01013
118641,MFCL-9.90%-16-9-29-NCD,INE549K07EG3
118646,NWFL-NIFTY50-23-11-35-PVT,INE918K07QI0
118647,MFCL-16-9-30-NCD,INE549K07EF5
118650,DIGIKORE STUDIOS LIMITED,INE0QJ901011
118660,GS06MAY40,IN000540C012
118668,NWFL-8.9%-18-4-28-PVT,INE918K07QH2
118671,MFCL-9.65%-16-9-27-NCD,INE549K07EE8
118672,SFL-8.25%-25-4-29-PVT,INE721A07QY6
118692,NWFL-26-10-35-PVT,INE918K07QG4
118713,INDIAN INFOTECH & SOFTWARE LTD,INE300B01022
118714,MFCL-16-9-29-NCD,INE549K07ED0
118717,SFL-8.72%-17-8-32-PVT,INE721A07RA4
118722,Droneacharya Aerial Innovation,INE0MQD01015
118723,MFCL-9.25%-16-9-27-NCD,INE549K07EC2
118725,SDL TS 7.13% 2055,IN4520250221
118732,MCFPL-8.35%-21-12-29-PVT,INE0DBJ07184
118742,YAAN ENTERPRISES LIMITED,INE969E01010
118753,RBL Bank Limited,INE976G01028
118754,MFCL-10.10%-16-9-30-NCD,INE549K07EB4
118762,MCFPL-8.35%-29-12-27-PVT,INE0DBJ07192
118780,SANGHVI MOVERS LTD,INE989A01032
118785,SDL TS 7.14% 2049,IN4520250205
118786,MFCL-16-9-27-NCD,INE549K07EA6
118788,NWFL-NR MNTH FUTURE GOLD-19-7-,INE918K07QL4
118791,BSL LTD.,INE594B01012
118814,SRSL-9.45%-4-1-29-PVT,INE087H08019
118818,KIMIA BIOSCIENCES LIMITED,INE285U01025
118820,SDL TS 7.14% 2055,IN4520250213
118821,NWFL-8.9188%-13-07-28-PVT,INE918K07QK6
118822,GS12JUN45,IN000645C043
118833,SFL-8.50%-18-10-32-PVT,INE721A07RE6
118836,Revathi Equipment India Limite,INE0DAB01012
118866,ICICI-8.40%-13-05-26-PVT,INE090A08TT8
118907,SFL-8-9-32-PVT,INE721A07RC0
118924,Shashwat Furnishing Solutions ,INE0JMN01019
118926,BALAJI PHOSPHATES LIMITED,INE0PQ601019
118954,TTL ENTERPRISES LIMITED,INE664X01025
118961,ASAHI INDIA GLASS LIMITED,INE439A01020
118962,SMS PHARMACEUTICALS LTD.,INE812G01025
118963,SDL MN 7.59% 2035,IN2320230062
118971,INTEGRA SWITCHGEAR LTD.,INE0IPL01018
118974,PLUM24-9.3%-20-3-26-PTC,INE0T7315019
118978,FEDB 7.76% 2034 SR 1,INE171A08057
118980,MFCL-9%-16-9-26-NCD,INE549K07DZ5
118982,SFL-8.75%-15-6-26-PVT,INE721A07RH9
118984,MFCL-9.15%-30-6-27-NCD,INE549K07DY8
118986,TRANSVOY LOGISTICS INDIA LIMIT,INE0MPU01011
119002,SDL MN 7.73% 2035,IN2320230070
119004,ONMOBILE,INE809I01019
119013,SDL MN 7.77% 2038,IN2320230088
119015,Amanta Healthcare Limited,INE084K01015
119024,SDL TS 7.21% 2048,IN4520250288
119026,SFL-GSEC-23-2-26-PVT,INE721A07RG1
119027,MFCL-29-2-32-NCD,INE549K07DX0
119028,SDL MN 7.5% 2036,IN2320230096
119040,SDL TS 7.19% 2049,IN4520250296
119041,MFCL-8.90%-30-6-26-NCD,INE549K07DW2
119043,SDL MN 7.39% 2035,IN2320230021
119047,INDIA MOTOR PARTS & ACCESSORIE,INE547E01014
119048,TIAPL-8.90%-31-1-30-PVT,INE723X07166
119055,SDL TS 7.19% 2044,IN4520250262
119059,MFCL-9.35%-30-4-29-NCD,INE549K07DV4
119062,MFCL-9.55%-30-4-30-NCD,INE549K07DU6
119064,SDL MN 7.41% 2035,IN2320230039
119065,TIAPL-8.90%-7-4-28-PVT,INE723X07174
119074,SFL-8.75%-28-4-28-PVT,INE721A07RL1
119075,SDL TS 7.21% 2047,IN4520250270
119090,MFCL-30-4-29-NCD,INE549K07DT8
119097,ICICI-7.47%-25-6-27-PVT,INE090A08TY8
119100,SDL TS 7.10% 2057,IN4520250239
119101,SDL MN 7.51% 2035,IN2320230047
119106,PARAMOUNT COMM LTD,INE074B01023
119107,SDL TS 7.09% 2060,IN4520250247
119114,SHREE VASU LOGISTICS LTD,INE00CE01017
119143,SDL MN 7.44% 2035,IN2320230054
119150,KRYSTAL INTEGRATED SER L,INE0QN801017
119152,SDL TS 7.09% 2063,IN4520250254
119155,MFCL-30-6-27-NCD,INE549K07DS0
119159,MFCL-30-6-26-NCD,INE549K07DR2
119173,SHFL-8.75%-5-10-26-PVT,INE721A07RQ0
119193,STUDIO LSD LIMITED,INE17VO01028
119197,MFCL-10%-30-4-30-NCD,INE549K07DQ4
119207,737RJSDL39,IN2920240099
119223,MFCL-9.75%-30-4-29-NCD,INE549K07DP6
119233,741RJSDL34,IN2920240065
119239,Interarch Building Solutions L,INE00M901018
119261,UNILEX COLOURS AND CHEM L,INE0B2801011
119265,MFCL-9.25%-30-6-26-NCD,INE549K07DO9
119282,SFL-8.75%-4-5-26-PVT,INE721A07RN7
119297,MFCL-9.50%-30-6-27-NCD,INE549K07DN1
119301,SFL-9.23%-18-5-27-PVT,INE721A07RV0
119311,THDC 7.76% 2034 SR X,INE812V08045
119315,THDC 7.93% 2034 SR IX,INE812V08037
119322,TIAPL-9.10%-26-9-31-PVT,INE723X07208
119329,MFCL-30-4-30-NCD,INE549K07DM3
119336,THDC 7.72% 2034 SR XI,INE812V08052
119338,ICICIPRAMC - PSUBANKICI,INF109KC10S8
119348,SFL-8.80%-22-11-33-PVT,INE721A07RT4
119365,THDC 7.73% 2035 SR XII,INE812V08060
119368,ICICI PRUD MIDCAP SEL ETF,INF109KC10W0
119377,SFL-8.90%-22-11-28-PVT,INE721A07RS6
119378,SDL TS 6.86% 2046,IN4520250080
119381,Manbro Industries Limited,INE348N01034
119382,GS19SEP2030,IN000930C049
119392,MFL-ZC-31-1-29-NCD,INE549K07DK7
119393,THDC 7.45% 2035 SR XIII,INE812V08078
119399,MFL-ZC-31-1-27-NCD,INE549K07DJ9
119405,ICICIPRAMC - ICICIAUTO,INF109KC10V2
119406,SDL TS 6.86% 2047,IN4520250098
119409,SFLTD-8.75%-3-10-26-PVT,INE721A07RR8
119411,JANA SMALL FIN BANK LTD,INE953L01027
119418,NWFL-MCX-2-8-27-PCT,INE918K07PD3
119419,SFL-9.10%-18-3-27-PVT,INE721A07RZ1
119420,ORCHASP LIMITED,INE215B01022
119421,SFL-9.15%-19-1-29-PVT,INE721A07RY4
119432,752RAJSDL34,IN2920240016
119433,SFL-8.75%-5-1-34-PVT,INE721A07RX6
119441,MFL-9.15%-31-1-27-NCD,INE549K07DH3
119442,SFL-T-BILL+SPREAD-29-4-26-PVT,INE721A07RW8
119450,MFL-9.35%-31-1-29-NCD,INE549K07DG5
119451,MFL-9.75%-31-1-29-NCD,INE549K07DF7
119452,TVS MOTOR COMPANY LTD.,INE494B01023
119469,NWFL-Nifty 50 Index-21-1-28-PV,INE918K07PH4
119473,COLGATE-PALMOLIVE (INDIA) LTD.,INE259A01022
119481,NWFL-NIFTY 50-2-11-27-PVT,INE918K07PG6
119482,MFL-9.50%-31-1-27-NCD,INE549K07DE0
119494,SAMMAAN CAPITAL LIMITED,INE148I01020
119495,JAINCO PROJECTS (INDIA) LTD.,INE966C01010
119500,EAVCL-9.90%-30-6-27-PVT,INE657N07613
119501,NWFL-13-7-27-PVT,INE918K07PF8
119502,MFL-ZC-31-1-32-NCD,INE549K07DC4
119503,SIDDHIKA COATINGS LIMITED,INE0A1E01018
119504,ECSL-9.90%-30-6-27-PVT,INE657N07621
119524,VALOR ESTATE LIMITED,INE879I01012
119526,MFL-9.75%-21-12-28-PVT,INE549K07DB6
119550,SFL-3MOIS+SPREAD-30-5-26-PVT,INE721A07SC8
119553,SDL TS 6.85% 2050,IN4520250106
119556,HILIKS TECHNOLOGIES LIMITED,INE966Q01010
119559,NWFL-30-8-27-CP,INE918K07PL6
119564,MFL-1-11-31-NCD,INE549K07DA8
119571,SFL-9.20%-22-5-26-PVT,INE721A07SB0
119579,NWFL-29-6-26-PVT,INE918K07PK8
119588,KUNSTSTOFFE INDUSTRIES LTD.,INE638D01021
119590,SDL TS 6.92% 2044,IN4520250114
119594,SFL-9.20%-22-5-29-PVT,INE721A07SA2
119604,AJMERA REALTY & INFRA INDIA LT,INE298G01035
119605,NWFL-9.85%-9-8-27-PVT,INE918K07PJ0
119606,SHIVALIK BIMETAL CONTROLS LTD.,INE386D01027
119619,NWFL-ZC-30-7-27-PVT,INE918K07PI2
119624,SFL-9.10%-11-9-34-PVT,INE721A07SG9
119626,NWFL-9.5%-9-11-26-PVT,INE918K07PP7
119631,SFL-8.857%-RESET RATE-2-9-27-P,INE721A07SF1
119632,795GJSDL28,IN1520180028
119633,NWFL-9.61%-26-10-26-PVT,INE918K07PO0
119634,SUPREME INFRASTRUCTURE INDIA L,INE550H01011
119644,EFCL-A8A801A-9.25%-4-1-28-PVT,INE241O08208
119649,NWFL-9.61%-23-4-26-PVT,INE918K07PN2
119651,MFL-1-11-28-NCD,INE549K07CZ7
119654,ICIC M6-DDB-21/7/2026,INE090A08SP8
119664,SFL-9.15%-28-6-29-PVT,INE721A07SD6
119667,NWFL-Nifty 50-24-3-28-PVT,INE918K07PM4
119671,MFL-1-11-26-NCD,INE549K07CY0
119676,MCFPL-7.35%-25-9-28-PVT,INE0DBJ07226
119682,NWFL-NIFTY 50-30-6-28-PVT,INE918K07PT9
119685,SDL TS 7.09% 2060,IN4520250189
119693,SFL-8.90%-04-01-30-PVT,INE721A07SK1
119702,NUVOCO VISTAS CORP LTD,INE118D01016
119703,ICICI Lombard General Insuranc,INE765G01017
119715,SFL-8.8912%-24-1-28-PVT,INE721A07SJ3
119716,SDL TS 7.09% 2061,IN4520250197
119718,NWFL-9.85%-20-8-26-PVT,INE918K07PS1
119723,MFL-9.44%-1-11-28-NCD,INE549K07CW4
119726,MFL-9.27%-1-11-26-NCD,INE549K07CV6
119729,SFL-8.9267%-20-7-27-PVT,INE721A07SI5
119738,NABARD 6.66% 2028 SR 26A,INE261F08EP4
119741,SDL TS 7.09% 2058,IN4520250163
119745,NWFL-9.62%-16-6-27-PVT,INE918K07PR3
119746,PICCADILY AGRO INDUSTRI L,INE546C01010
119747,SFL-8.96%-24-10-27-PVT,INE721A07SH7
119750,NBRD 7.37% 2035 SR 25F,INE261F08EN9
119755,NABARD 7.48% 2028 SR 25G,INE261F08EO7
119758,816GUJ2028,IN1520180044
119763,SDL TS 7.09% 2059,IN4520250171
119764,NWFL-Nifty 50-19-5-28-CP,INE918K07PQ5
119766,SDL TS 7.08% 2056,IN4520250148
119773,SFL-Reset Rate-29-09-28-PVT,INE721A07SO3
119774,MFL-9.05%-1-11-28-NCD,INE549K07CT0
119778,NWFL-NIFTY-22-1-29-PVT,INE918K07PX1
119786,SDL TS 7.08% 2057,IN4520250155
119791,SFL-8.75%-31-7-34-PVT,INE721A07SN5
119793,NABARD 6.85% 2029 SR 26B,INE261F08EQ2
119794,MFL-8.9%-1-11-26-NCD,INE549K07CS2
119795,NWFL-9.75%-16-4-27-PVT,INE918K07PW3
119796,SFL-8.69%-19-7-30-PVT,INE721A07SM7
119799,SDL TS 6.92% 2045,IN4520250122
119800,NWFL-9.52%-24-2-27-PVT,INE918K07PV5
119807,SFL-8.70%-9-4-28-PVT,INE721A07SL9
119808,MFL-8.90%-20-9-26-NCD,INE549K07CQ6
119810,SDL TS 7.1% 2055,IN4520250130
119816,NWFL-9.75%-17-1-28-PVT,INE918K07PU7
119817,FFSL-9-3-26-CP,INE007N14EN8
119818,VICTORIA MILLS LTD.,INE203D01016
119819,VENUS REMEDIES LTD.,INE411B01019
119827,MFCL-9.05%-16-7-28-NCD,INE549K07GX3
119829,MFCL-8.85%-16-7-27-NCD,INE549K07GW5
119832,FFSL-5-3-26-CP,INE007N14EM0
119840,KFIL-25-3-26-CP,INE884B14721
119843,FFSL-27-2-26-CP,INE007N14EL2
119850,MFCL-9.40%-16-7-31-NCD,INE549K07GV7
119852,736RJSDL46,IN2920240180
119853,SDL ML 7.63% 2032,IN2420230061
119854,JK CEMENT LIMITED,INE823G01014
119861,NABARD 7.62% 2029 SR 24H,INE261F08EH1
119862,KCD INDUSTRIES INDIA LIMITED,INE185U01035
119869,GLOBUS SPIRITS LTD,INE615I01010
119872,KFIL-26-2-26-CP,INE884B14713
119883,NATCO PHARMA LTD.,INE987B01026
119889,URJA GLOBAL LIMITED,INE550C01020
119891,KFIL-30-1-26-CP,INE884B14705
119896,MFCL-9.20%-16-7-27-NCD,INE549K07GU9
119897,NABARD 7.80% 2027 SR 24E,INE261F08EF5
119898,FFSL-26-2-26-CP,INE007N14EK4
119901,736RJSDL34,IN2920240198
119919,MFCL-9.45%-16-7-28-NCD,INE549K07GT1
119920,SDL ML 7.72% 2031,IN2420230046
119928,NABARD 7.70% 2027 SR 25A,INE261F08EI9
119947,MFCL-9.70%-16-7-30-NCD,INE549K07GS3
119954,SDL ML 7.66% 2032,IN2420230053
119959,ICICI PRUDENTIAL NV20 ETF,INF109KC11V0
119971,SFL-9.38%-6-2-29-NCD,INE721A07ON4
119975,MFCL-16-7-28-NCD,INE549K07GR5
119976,SDL ML 7.42% 2032,IN2420230020
119992,FFSL-18-3-26-CP,INE007N14EO6
119996,SDL ML 7.44% 2031,IN2420230038
119998,MFCL-9.80%-16-7-31-NCD,INE549K07GQ7
120000,ICICIPRAMC - ICICIM150,INF109KC11W8
120005,IZMO Limited,INE848A01014
120006,NBRD 7.44% 2028 SR 25C,INE261F08EK5
120021,Authum Investment & Infrastruc,INE206F01022
120025,GLOBAL PET INDUSTRIES LTD,INE0PS501019
120027,MFCL-16-7-30-NCD,INE549K07GP9
120031,AFL-9.95%-31-12-26-PVT,INE501X07653
120039,SDL ML 7.36% 2032,IN2420230012
120042,MFCL-16-7-31-NCD,INE549K07GO2
120044,KAKATIYA CEM SUGAR &IND L,INE437B01014
120046,Nanavati Ventures Limited,INE0E5R01017
120051,LATTEYS INDUSTRIES LTD,INE262Z01023
120057,AFL-10.10%-31-3-27-PVT,INE501X07646
120069,MFCL-9.30%-16-7-30-NCD,INE549K07GN4
120086,Diggi Multitrade Limited,INE158R01012
120087,AFL-10.50%-9-10-27-PVT,INE501X07638
120089,SFL-9.7%-6-2-29-NCD,INE721A07OQ7
120101,ASIAN PETROPRODUCTS & EXPORTS,INE810M01019
120106,MFL-9.65%-26-6-28-PVT,INE549K07GM6
120110,MFL-9.25%-19-5-28-NCD,INE549K07GL8
120115,ALFA ICA (INDIA) LTD.,INE042C01010
120120,AFL-10.50%-28-8-26-PVT,INE501X07620
120127,AFL-10.40%-30-03-28-PVT,INE501X07695
120142,MFL-19-5-31-NCD,INE549K07GK0
120143,PATE 10.25% 2028,INE244B07243
120144,732RJSDL34,IN2920240172
120152,AFL-11%-17-4-29-PVT,INE501X07687
120157,COMMITTED CARGO CARE LTD,INE597Z01014
120160,Naperol Investments Limited,INE585A01020
120162,MFL-19-5-30-NCD,INE549K07GJ2
120176,AFL-10.35%-20-12-27-PVT,INE501X07679
120181,AFL-9.95%-20-3-27-PVT,INE501X07661
120186,MFL-19-5-28-NCD,INE549K07GI4
120190,MFL-10%-19-5-31-NCD,INE549K07GH6
120191,PANAMA PETROCHEM LTD.,INE305C01029
120194,WEBSOL ENERGY SYSTEM LTD.,INE855C01023
120210,SDL RJ 7.84% 2032,IN2920220190
120211,Denta Water and Infra Solution,INE0R4L01018
120212,MFL-19-5-27-NCD,INE549K07GG8
120213,Maximus International Limited,INE544W01021
120222,UPPCL-8.97%-15-2-27-PVT,INE540P07103
120223,SDL RJ 7.74% 2042,IN2920220182
120225,ALICON CASTALLOY LIMITED,INE062D01024
120236,MFL-9.9%-17-5-30-NCD,INE549K07GF0
120238,MFL-9.65%-19-5-28-NCD,INE549K07GE3
120251,MFL-9.55%-19-5-31-NCD,INE549K07GD5
120259,SFL-9.31%-22-8-26-NCD,INE721A07PA8
120270,MFL-9.4%-19-5-27-NCD,INE549K07GC7
120273,KIRLOSKAR INDUSTRIES LTD,INE250A01039
120303,MFL-9.45%-19-5-30-NCD,INE549K07GB9
120309,AFL-10.25%-20-3-26-PVT,INE501X07604
120313,ESSEX MARINE LIMITED,INE1IBY01019
120320,MFL-9%-19-5-27-NCD,INE549K07GA1
120322,UNIVERSUS PHOTO IMAGINGS LIMIT,INE03V001013
120323,Sprayking Limited,INE537U01037
120330,KAY POWER AND PAPER LTD.,INE961B01013
120333,SDL PN 7.94% 2042,IN2820220043
120334,SDL RJ 8.05% 2037,IN2920220109
120344,SDL TS 6.79% 2053,IN4520250064
120345,SFL-9.7%-22-8-26-NCD,INE721A07PE0
120350,MEDICAMEN ORGANICS LTD,INE0PE401018
120356,Kalpataru Limited,INE227J01012
120367,SDL PN 7.85% 2032,IN2820220050
120374,WAGEND INFRA VENTURE LIMITED,INE786K01023
120390,SDL TS 6.8% 2057,IN4520250072
120399,SDL PN 7.76% 2037,IN2820220027
120405,BHARTI AIRTEL LTD.,INE397D01024
120409,SDL TS 6.79% 2052,IN4520250049
120410,UPPCL-8.48%-15-03-27-PVT,INE540P07178
120418,SDL PN 7.48% 2042,IN2820220019
120421,SDL RJ 7.82% 2044,IN2920220133
120426,SDL RJ 7.97% 2042,IN2920220117
120427,SDL PN 8.04% 2042,IN2820220035
120429,UPPCL-8.48%-13-03-26-PVT,INE540P07160
120441,SDL TS 6.79% 2056,IN4520250056
120450,SDL RJ 7.65% 2032,IN2920220125
120457,VASWANI IND LTD,INE590L01019
120458,FFSL-24-2-26-CP,INE007N14EJ6
120465,SDL TS 6.87% 2055,IN4520250023
120470,MFLIV-9.65%-24-2-28-NCD,INE549K07FZ0
120472,SDL RJ 7.93% 2045,IN2920220158
120475,FFSL-23-2-26-CP,INE007N14EI8
120482,TITAN COMPANY LIMITED,INE280A01028
120486,SDL TS 6.84% 2056,IN4520250031
120487,SFL-ZC-22-8-26-NCD,INE721A07PH3
120490,SDL RJ 7.77% 2032,IN2920220141
120492,GE POWER INDIA LIMITED,INE878A01011
120494,THFL-9.32%-2-5-31-PVT,INE432R07273
120495,MFLIV-9.40%-24-2-27-NCD,INE549K07FY3
120496,MFLIV-9.90%-24-2-30-NCD,INE549K07FX5
120497,THFL-9.42%-15-1-31-PVT,INE432R07265
120498,STELLAR-9.5%-19-4-27-PTC,INE1UUF15013
120502,FFSL-18-02-26-CP,INE007N14EH0
120509,SDL RJ 7.79% 2032,IN2920220174
120512,THFL-9.6%-11-12-30-PVT,INE432R07257
120513,MFLIV-10.10%-24-2-31-NCD,INE549K07FW7
120516,FFS-29-1-26-CP,INE007N14EG2
120518,SDL TS 6.87% 2047,IN4520250015
120525,SDL RJ 7.65% 2032,IN2920220166
120534,MFLIV-9.30%-24-8-26-NCD,INE549K07FV9
120543,SAGAR SYSTECH LTD.,INE771Z01015
120546,DAMODAR INDUSTRIES LTD.,INE497D01022
120559,ERCSL-9.25%-22-12-27-PVT,INE657N07431
120563,MFLIV-9.25%-24-2-28-NCD,INE549K07FU1
120564,MFLIV-9.65%-24-2-31-NCD,INE549K07FT3
120570,AFL-11.30%-30-5-29-PVT,INE501X07596
120594,CAPILLARY TECHNO INDIA L,INE0ILV01024
120598,SFL-8.75%-28-1-27-NCD,INE721A07PK7
120622,KEMP & COMPANY LTD.,INE060E01018
120626,MFLIV-24-2-31-NCD,INE549K07FS5
120632,ICICI Prudential Nifty ETF,INF109K012R6
120639,SDL MN 7.49% 2035,IN2320230013
120644,The Bombay Burmah Trading Corp,INE050A01025
120653,AFL-10.50%-17-11-26-PVT,INE501X07588
120673,SDL PN 7.58% 2042,IN2820220084
120676,MFLIV-9.45%-24-2-30-NCD,INE549K07FR7
120681,GARWARE HI-TECH FILMS LTD,INE291A01017
120715,MFLIV-24-8-26-NCD,INE549K07FQ9
120721,Jubilant Ingrevia Limited,INE0BY001018
120724,SDL PN 7.68% 2042,IN2820220092
120747,SDL PN 7.82% 2042,IN2820220068
120748,RISHABH DIGHA STEEL & ALLIED P,INE864D01015
120750,MFLIV-24-2-30-NCD,INE549K07FP1
120782,SDL PN 7.75% 2042,IN2820220076
120783,MFLIV-24-2-27-NCD,INE549K07FO4
120788,SFL-9.10%-28-1-27-NCD,INE721A07PN1
120795,STEEL STRIPS WHEELS LTD.,INE802C01033
120815,MFLIV-24-2-28-NCD,INE549K07FN6
120826,DANGEE DUMS LIMITED,INE688Y01022
120830,722RJSDL34,IN2920240248
120832,SMIL-11-3-26-CP,INE775A14806
120856,Gland Pharma Limited,INE068V01023
120858,MFLIV-9%-24-2-27-NCD,INE549K07FM8
120876,HATHWAY CABLE & DATACOM LTD,INE982F01036
120880,MFLIII-10-1-31-NCD,INE549K07FL0
120881,ALMONDZ GLOBAL SEC LTD,INE326B01035
120895,MFLIII-10-1-30-NCD,INE549K07FK2
120904,TATAAML - TNIDETF,INF277KA1364
120917,AFL-10.50%-30-4-27-PVT,INE501X07570
120921,Rachit Prints Limited,INE0ZN101029
120922,SFL-9%-29-10-30-PVT,INE721A07PZ5
120929,MFLIII-9.25%-10-1-28-NCD,INE549K07FJ4
120933,MFLIII-10-9-32-NCD,INE549K07FI6
120946,PB Fintech Limited,INE417T01026
120950,SILICON RENTAL SOLUTIONS LIMIT,INE0MNV01014
120955,MFLIII-9.45%-10-1-30-NCD,INE549K07FH8
120956,U. H. ZAVERI LIMITED,INE556Z01010
120977,Virgo Global Limited,INE400B01020
120980,AFL-10.75%-6-3-26-PVT,INE501X07554
120991,Neueon Corporation Limited,INE333I01044
121001,MFLIII-10-1-28-NCD,INE549K07FG0
121010,ORGANIC COATINGS LTD.,INE412E01011
121026,Travels & rentals Limited,INE0SG001011
121031,MFLIII-9.65%-10-1-31-NCD,INE549K07FF2
121033,MFLIII-10-1-27-NCD,INE549K07FE5
121037,SJT2024-25-6-30-PTC,INE0YWN15017
121038,SDL RJ 7.81% 2047,IN2920220075
121039,ZF Commercial Vehicle Control ,INE342J01019
121040,Indo Cotspin Limited,INE407P01017
121043,MFLIII-10.10%-10-1-31-NCD,INE549K07FD7
121044,SDL RJ 7.85% 2039,IN2920220067
121046,SHRYDUS INDUSTRIES LIMITED,INE488C01015
121047,SDL RJ 7.81% 2032,IN2920220091
121048,HERITAGE FOODS LTD,INE978A01027
121049,MFLIII-9.40%-10-1-27-NCD,INE549K07FC9
121050,Medi Assist Healthcare Service,INE456Z01021
121073,MFLIII-9.65%-10-1-28-NCD,INE549K07FB1
121074,SDL RJ 7.98% 2042,IN2920220083
121075,Glen Industries Limited,INE0UMC01019
121076,769KSDL27,IN1920170124
121088,709RJSDL35,IN2920240321
121089,MFLIII-9.90%-10-1-30-NCD,INE549K07FA3
121151,SDL PN 7.63% 2039,IN2820220167
121152,SFL-8%-28-3-31-PVT,INE721A07QG3
121167,SDL PN 7.68% 2039,IN2820220175
121188,SDL PN 7.65% 2042,IN2820220142
121194,MFLIII-9%-10-1-27-NCD,INE549K07EZ3
121196,AIPPL-7.25%-2-1-29-PVT,INE0OJ808028
121201,SDL PN 7.62% 2032,IN2820220159
121209,TEXMACO INFRA & HOLDG LTD,INE435C01024
121216,MFL-30-6-32-NCD,INE549K07EY6
121220,MFL-30-10-30-NCD,INE549K07EX8
121221,SDL PN 7.83% 2042,IN2820220126
121229,SDL PN 7.85% 2042,IN2820220118
121231,SDL RJ 7.9% 2042,IN2920220034
121234,SDL RJ 7.7% 2032,IN2920220018
121243,Jio Financial Services Limited,INE758E01017
121244,MFL-30-10-29-NCD,INE549K07EW0
121245,SDL RJ 7.72% 2035,IN2920220026
121248,SDL PN 7.7% 2042,IN2820220100
121249,UPPCL-8.97%-13-2-26-PVT,INE540P07095
121250,EFCL-NIFTY-H7A701A -8-1-27-PVT,INE241O08042
121251,MFL-30-10-27-NCD,INE549K07EV2
121252,SDL RJ 7.85% 2037,IN2920220059
121253,Sportking India Ltd.,INE885H01029
121254,MFCL-9%-30-10-26-NCD,INE549K07EU4
121255,SHIVAM CHEMICALS LIMITED,INE0SGR01013
121256,SDL RJ 7.83% 2032,IN2920220042
121258,SDL TN 7.58% 2054,IN3120230393
121260,CLEAN SCIENCE & TECH LTD,INE227W01023
121261,MUNJAL SHOWA LTD.,INE577A01027
121263,RECL-8.63%-25-8-28-PVT,INE020B08BB9
121264,RAYMOND REALTY LIMITED,INE1SY401010
121265,Akums Drugs and Pharmaceutical,INE09XN01023
121267,ECL-9.65%-18-03-26-PVT,INE804I07O32
121268,ECL-9.50%-13-3-26-PVT,INE804I07O24
121269,SHIVALIK RASAYAN LIMITED,INE788J01021
121270,RECL-8.7%-28-9-28-PVT,INE020B08BC7
121271,Embassy Office Parks REIT,INE041025011
121272,SDL TN 7.56% 2054,IN3120230377
121277,BRADY & MORRIS ENGINEERING CO.,INE856A01017
121281,VISA STEEL LIMITED,INE286H01012
121282,SDL TN 7.59% 2044,IN3120230385
121283,GS15DEC39C,IN001239C044
121288,RECL-8.55%-9-8-28-PVT,INE020B08BA1
121291,NLC-6.85%-13-4-32-PVT,INE589A08043
121292,826MHSDL29,IN2220180060
121293,RECL-8.37%-7-12-28-PVT,INE020B08BH6
121294,NLCIL-6.05%-12-2-26-PVT,INE589A08035
121296,808MHSDL28,IN2220180052
121298,REC-8.56%-29-11-28-PVT,INE020B08BG8
121303,ICICI Prudential Mutual Fund,INF109KC18O0
121314,ICICI Prudential Mutual Fund,INF109KC18M4
121315,A2Z INFRA ENGINEERING LIMITED,INE619I01012
121316,TRANSCHEM LTD.,INE019B01010
121321,ENVAIR ELECTRODYNE LTD.,INE601C01013
121325,RECL-8.54%-15-11-28-PVT,INE020B08BE3
121327,SDL TN 7.65% 2030,IN3120230310
121328,RECL-8.06%-27-3-28-PVT,INE020B08AZ0
121334,COASTAL ROADWAYS LTD.,INE229E01019
121349,RECL-8.01%-24-3-18-PVT,INE020B08AY3
121350,TEJAS CARGO INDIA LIMITED,INE17WC01013
121352,GS19MAR2048,IN000348C036
121354,AAFS MARKET LINKED 2029,INE0L6807211
121355,DHANUKA AGRITECH LTD,INE435G01025
121357,SDL TN 7.68% 2030,IN3120230328
121358,Maiden Forgings Limited,INE0O1T01010
121359,SPICEJET LTD.,INE285B01017
121360,AAFS MARKET LINKED 2029,INE0L6807203
121368,RECL-8.09%-21-3-28-PVT,INE020B08AX5
121382,EDELWEISS FINANCIAL SERVICES L,INE532F01054
121394,SDL TN 7.68% 2030,IN3120230302
121399,AAFS MARKET LINKED 2029,INE0L6807229
121407,MCHPPL-ZC-15-12-30-PVT,INE09T907019
121416,SDL TN 7.56% 2053,IN3120230351
121421,ICICI Prudential Mutual Fund,INF109KC18U7
121422,TCH-SERIESVI-14-1-30-NCD,INE033L08270
121429,SDL TN 7.72% 2034,IN3120230369
121435,A B Cotspin India Limited,INE08PH01015
121446,SDL TN 7.67% 2030,IN3120230336
121452,ICICI Prudential Mutual Fund,INF109KC18W3
121455,NORRIS MEDICINES LTD.,INE744C01029
121456,SDL TN 7.66% 2033,IN3120230344
121470,AMD INDUSTRIES LTD.,INE005I01014
121471,ICICI Prudential Mutual Fund,INF109KC18V5
121472,FERVENT SYNERGIES LTD.,INE258M01011
121476,NIP IND ETF MIDCAP 150,INF204KB1V68
121494,WHIRLPOOL OF INDIA LTD,INE716A01013
121527,REC-7.70%-10-12-27-PVT,INE020B08AQ9
121570,ESSEN SPECIALITY FILMS L,INE0ITO01014
121603,AAFS MARKET LINKED SR Q,INE0L6807245
121604,IND MOTOR PART & ACC LTD,INE547E01014
121605,AAFS MARKET LINKED 2029,INE0L6807237
121626,AAFS MARKET LINKED CAR-H,INE0L6807252
121627,HHFL 8.32% 2027 SR 11,INE800X07105
121629,GHFL 8.15% 2035 SR SD1,INE02JD08015
121630,INTER GLOBE FINANCE LTD.,INE661M01016
121645,SRI LOTUS DEVLPRS N RTY L,INE0V9Q01010
121652,ASHIANA HOUSING LTD.,INE365D01021
121658,AAFS MARKET LINKED 2030,INE0L6807260
121659,KARNIKA INDUSTRIES LTD,INE0MGA01012
121662,THINKING HATS ENTER SOL L,INE0SHE01019
121682,AAFS MARKET LINKED 2030,INE0L6807278
121708,LMC-MUNIBOND-8.5%-18-11-28-MB,INE05OC24058
121713,DVC-14B-9.3%-30-3-27-B-PVT,INE753F07038
121716,DVC-14A-9.3%-30-3-27-A-PVT,INE753F07046
121728,INDO SMC Limited,INE0WKY01013
121744,LMC-MUNIBOND-8.5%-18-11-27-MB,INE05OC24041
121774,LMC-MUNIBOND-8.5%-18-11-30-MB,INE05OC24074
121778,BALKRISHNA INDUSTRIES LTD.,INE787D01026
121783,NAMO EWASTE MANAGEMENT L,INE08NZ01012
121785,REC-7.95%-12-3-27-PVT,INE020B08AH8
121790,LMC-MUNIBOND-8.5%-18-11-29-MB,INE05OC24066
121791,AARTI INDUSTRIES LTD.,INE769A01020
121798,GANESHA ECOVERSE LIMITED,INE369Q01017
121841,GENERIC ENG CONS PROJ LTD,INE854S01022
121873,LMC-MUNIBOND-8.5%-18-11-26-MB,INE05OC24033
121878,KRISHANA PHOSCHEM LIMITED,INE506W01012
121881,SICCL 8.05% 2035 SR 22,INE535H08819
121938,SDL TN 7.68% 2030,IN3120230278
121942,NHFL-10-09-30-NCD,INE530L07BH5
121948,SDL TN 7.72% 2033,IN3120230286
121951,ICICI Prudential Mutual Fund,INF109KC17M6
121954,NHFL-10.25%-10-09-30-NCD,INE530L07BG7
121955,REC-7.52%-7-11-26-PVT,INE020B08AA3
121956,JM FINANCIAL LTD.,INE780C01023
121960,SDL TN 7.62% 2053,IN3120230252
121965,Kush Industries Limited,INE979D01011
121966,SDL TN 7.65% 2033,IN3120230260
121967,BF INVESTMENT LTD.,INE878K01010
121968,NHFL-10.03%-10-09-35-NCD,INE530L07BI3
121973,VIVIANA POWER TECH LTD,INE0MEG01014
121979,NHFL-9.35%-10-09-28-NCD,INE530L07BD4
121999,NHFL-10-09-27-NCD,INE530L07BC6
122004,R M DRIP AND SPRINKLERS SYSTEM,INE219Y01026
122006,MUTHOOT CAPITAL SERVICES LTD.,INE296G01013
122019,RRCL-7.54%-30-12-2026-PVT,INE020B08AC9
122020,ICICI Prudential Mutual Fund,INF109KC17L8
122021,SDL TN 7.66% 2043,IN3120230294
122022,PLASTIBLENDS INDIA LTD,INE083C01022
122028,NHFL-10-09-28-NCD,INE530L07BF9
122041,KMTL-30-6-27-PVT,INE483Z08012
122051,NHFL-9.75%-10-09-28-NCD,INE530L07BE2
122057,GABRIEL INDIA LTD,INE524A01029
122058,Shree Ajit Pulp And Paper Ltd.,INE185C01017
122064,GS22AUG35,IN000835C016
122066,SDL TN 7.43% 2053,IN3120230203
122067,ICICI Prudential Mutual Fund,INF109KC17V7
122077,NHFL-9%-10-09-27-NCD,INE530L07BB8
122078,IKIO TECHNOLOGIES LIMITED,INE0LOJ01019
122087,NHFL-9.80%-10-09-30-NCD,INE530L07BA0
122089,739TNSDL33,IN3120230021
122091,Bandhan Mutual Fund,INF194KA1T91
122092,NHFL-10.50%-10-09-35-NCD,INE530L07AZ9
122093,SDL TN 7.43% 2053,IN3120230237
122094,TRANSWARRANTY FINANCE LTD.,INE804H01012
122095,735TNSDL33,IN3120230070
122096,SDL TN 7.52% 2033,IN3120230245
122099,SDL TN 7.44% 2033,IN3120230211
122100,SHALIMAR PAINTS LTD.,INE849C01026
122101,UNITECH INTERNATIONAL LTD.,INE929K01011
122105,SDL TN 7.43% 2033,IN3120230229
122107,GO DIGIT GENERAL INS LTD,INE03JT01014
122115,AAFS MARKET LINKED 2028,INE0L6807161
122144,AAFS UNDERINVSTR 28 SR L,INE0L6807179
122176,AAFS MARKET LINKED 2028,INE0L6807187
122178,OBJECTONE INFORMATION SYSTEMS,INE860E01011
122197,KPI GREEN ENERGY LIMITED,INE542W01025
122203,BLISS GVS PHARMA LTD.,INE416D01022
122207,AAFS28C MARKET LINKED 28,INE0L6807195
122237,AAFS MKT LINK2027SRCAR D,INE0L6807120
122261,AAFS MARKET LINK2027 SRJ,INE0L6807146
122266,AAFS MARKET LINK2027SR I,INE0L6807138
122287,Lasa Supergenerics Limited,INE670X01014
122290,AAFS MARKET LINKED 2027,INE0L6807153
122299,Duncan Engineering Limited,INE340F01011
122328,BHAGIRADHA CHEMICALS & INDUSTR,INE414D01027
122330,OLECTRA GREENTECH LIMITED,INE260D01016
122436,RSWM LIMITED,INE611A01016
122472,Yarn Syndicate Ltd.,IN9564C01011
122509,PLUM256-9.10%-25-2-28-PTC,INE13OZ15010
122517,3C IT Solutions and Telecoms (,INE0R7D01018
122551,SFIL-8.75%-25-9-28-NCD,INE244L07150
122552,DPSC LIMITED,INE360C01024
122553,REC-6.9%-31-1-31-PVT,INE020B08DG4
122558,RECL-6.80%-20-12-30-PVT,INE020B08DE9
122563,ADCOUNTY MEDIA INDIA LIMITED,INE0W1601012
122565,SREECHEM RESINS LTD.,INE377C01010
122577,686APSDL35,IN1020210275
122582,ICICI Prudential Mutual Fund,INF109KC16M8
122583,NEW DELHI TELEVISION LTD.,INE155G01029
122597,SFIL-9.20%-25-9-28-NCD,INE244L07184
122601,RECL-7.97%-PERPETUAL-PVT,INE020B08DL4
122615,ASK AUTOMOTIVE LIMITED,INE491J01022
122616,UFO MOVIEZ INDIA LTD.,INE527H01019
122619,EYANTRA VENTURES LIMITED,INE750G01019
122639,UPL LIMITED,INE628A01036
122640,SFIL-8.84%-25-9-28-NCD,INE244L07168
122642,AMBO AGRITEC LIMITED,INE0N6V01016
122661,3M INDIA LTD.,INE470A01017
122662,HP Adhesives Limited,INE0GSL01024
122663,Diffusion Engineers Limited,INE184O01015
122664,ICICI Prudential Mutual Fund,INF109KC16I6
122665,SFIL-9.10%-25-9-28-NCD,INE244L07176
122668,REC-6.45%-7-1-31-PVT,INE020B08DI0
122674,CREST,INE559D01011
122704,SIPPL-15%-30-6-27-PVT,INE0CKK08019
122711,GVMC-10%-21-12-28-MB,INE423G07051
122725,SKYLINE MILLARS LTD.,INE178E01026
122734,SDL RJ 6.49% 2030,IN2920200085
122754,HGIEL-8.55%-29-8-28-PVT,INE926X08015
122759,ICICI Prudential Nifty 100 ETF,INF109KC16V9
122777,743TNSDL43,IN3120230195
122780,RECL-7.25%-30-9-23-PVT,INE020B08DB5
122782,SUNIL AGRO FOODS LTD.,INE224D01012
122788,INDO AMINES LTD.,INE760F01028
122792,RECL-6.90%-31-3-31-PVT,INE020B08DA7
122793,BANDHANAMC - IDFNIFTYET,INF194KA1U07
122797,CHAMAN LAL SETIA EXP LTD,INE419D01026
122799,739TNSDL33A,IN3120230179
122827,BARODA EXTRUSION LTD.,INE927K01023
122830,GVPTECH RE.1 PPD UP,IN9382T01012
122847,LAMBODHARA TEXTILES LTD.,INE112F01022
122848,RECL-7.55%-11-5-30-PVT,INE020B08CU7
122872,SDL RJ 6.58% 2030,IN2920200119
122888,SOURCE INDUSTRIES (INDIA) LTD.,INE695C01015
122909,BLUE STAR LTD.,INE472A01039
122910,SDL RJ 6.57% 2030,IN2920200135
122926,SDL TN 7.43% 2034,IN3120230518
122967,SDL TN 7.5% 2054,IN3120230526
122977,SDL RJ 6.54% 2030,IN2920200150
122980,ICICI Prudential Mutual Fund,INF109KC16X5
122994,REC-7.96%-15-6-30-PVT,INE020B08CX1
123005,SDL RJ 6.59% 2030,IN2920200168
123020,SDL TN 7.4% 2054,IN3120230500
123021,RECL7.79%-21-5-30-PVT,INE020B08CW3
123034,SDL RJ 6.70% 2050,IN2920200176
123037,714APSDL41,IN1020210226
123039,M.K.Proteins Limited,INE964W01021
123059,RUBFILA INTERNATIONAL LTD,INE642C01025
123080,HITECH CORPORATION LTD,INE120D01012
123081,IKFHFL-9.80%-24-3-28-PVT,INE02VP07065
123082,714APSDL36,IN1020210200
123100,SAURASHTRA CEMENT LTD.,INE626A01014
123130,RECL-8.25%-26-3-30-PVT,INE020B08CR3
123135,698APSDL36,IN1020210267
123136,Future Consumer Limited,INE220J01025
123137,CALIFORNIA SOFTWARE CO.LTD.,INE526B01014
123157,Salasar Techno Engineering Lim,INE170V01027
123169,RECL-7.50%-28-2-30-PVT,INE020B08CP7
123181,RECL-7.14%-2-3-30-PVT,INE020B08CO0
123185,ALANKIT LIMITED,INE914E01040
123195,ICICI Prudential Mutual Fund,INF109KC17C7
123196,SDL UK 6.8% 2031,IN3620200094
123198,715APSDL37,IN1020210176
123199,ICICI Prudential Mutual Fund,INF109KC15I8
123207,VASHU BHAGNANI INDUSTRIES LIMI,INE147C01017
123208,SDL TN 7.44% 2044,IN3120230492
123209,JET KNITWEARS LTD.,INE564T01017
123212,ICICI Prudential Mutual Fund,INF109KC15M0
123214,SUBROS LTD.,INE287B01021
123226,Deccan Health Care Limited,INE452W01019
123227,SDL UK 6.62% 2030,IN3620200052
123228,RECL-7.92%-31-03-2030-PVT,INE020B08CJ0
123229,AAYUSH ART AND BULLION LIMITED,INE777X01017
123230,SDL UK 6.44% 2030,IN3620200060
123231,RECL-7.89%-31-3-30-PVT,INE020B08CI2
123232,SATYAM SILK MILLS LTD.,INE07MC01015
123233,MINOLTA FINANCE LTD.,INE514C01026
123234,SDL UK 6.6% 2031,IN3620200078
123235,KOURA FINE DIAMOND JEWELRY LIM,INE0M8R01011
123236,BEST AGROLIFE LIMITED,INE052T01021
123237,712APSDL35,IN1020210192
123238,SDL UK 6.84% 2031,IN3620200086
123247,ICICI Prudential Mutual Fund,INF109KC15R9
123248,SDL TN 7.44% 2034,IN3120230435
123258,SDL TN 7.42% 2034,IN3120230443
123281,SDL TN 7.62% 2034,IN3120230419
123307,SDL TN 7.55% 2054,IN3120230427
123308,NEWMALAYALAM STEEL LTD,INE0TP801012
123323,SDL TN 7.36% 2054,IN3120230476
123325,INTEGRATED INDUSTRIES LIMITED,INE882B01037
123333,Matrimony.com Limited,INE866R01028
123336,LGS10-9.11%-20-8-27-PTC,INE20PW15019
123337,SDL TN 7.44% 2034,IN3120230484
123347,SDL TN 7.4% 2034,IN3120230450
123348,Narmada Agrobase Limited,INE117Z01011
123349,InfoBeans Technologies Limited,INE344S01016
123350,AAREY DRUGS & PHARMACEUTICALS,INE198H01019
123351,GOI LOAN 7.50% 2034,IN0020040039
123356,SDL TN 7.38% 2054,IN3120230468
123380,CHL-9.63%-03-10-30-PVT,INE01W207017
123382,POSITRON ENERGY LIMITED,INE0S3H01017
123400,RECL-8.80%-14-5-29-PVT,INE020B08BS3
123424,ASSTON PHARMACEUTICALS LIMITED,INE0SJX01015
123426,SUBEX LTD,INE754A01055
123455,WEALTH - TWCGOLDETF,INF2F0001370
123457,RECL-8.85%-16-4-29-PVT,INE020B08BQ7
123459,REC LIMITED,INE020B08BX3
123477,SDL RJ 7.90% 2026,IN2920200028
123500,SDL TN 7.6% 2031,IN3120230401
123503,REC-8.18%-22-8-2034-PVT,INE020B08BW5
123510,DE NORA INDIA LTD.,INE244A01016
123511,C.J.GELATINE PRODUCTS LTD.,INE557D01015
123512,SDL RJ 8.31% 2027,IN2920200036
123535,744TNSDL33,IN3120230211
123549,SDL RJ 6.71% 2030,IN2920200044
123556,RECL-8.30%-25-6-29-PVT,INE020B08BU9
123558,743TNSDL33,IN3120230229
123571,SDL RJ 6.78% 2030,IN2920200051
123579,NAGARJUNA AGRI TECH LTD.,INE793H01017
123589,SHANTI SPINTEX LIMITED,INE0QZQ01019
123590,RARL 16.50% 2027 SR III,INE03UZ07015
123591,MAN INFRACONSTRUCTION LTD.,INE949H01023
123595,RECL-8.60%-8-3-29-PVT,INE020B08BL8
123607,IKFFL-1YEARSBIMCLR-28-4-28-PVT,INE859C08103
123615,DHRUVAXXIII-9.50%-15-7-30-PTC,INE14ZT15025
123621,REC-8.80%-22-1-29-PVT,INE020B08BJ2
123627,GOI STRIPS C 220226,IN000226C026
123628,GOI STRIPS C 100226,IN000226C018
123629,INDIAN OIL CORPORATION LTD.,INE242A01010
123630,ICICI Prudential Mutual Fund,INF109KC16E5
123632,DHRUVAXXIII-9.25%-15-7-30-PTC,INE14ZT15017
123644,REC-8.97%-28-3-29-PVT,INE020B08BP9
123645,LTMRHL-6.58%-30-4-26-PVT,INE128M08078
123646,SAILANI TOURS N TRAVELS LIMITE,INE0KHQ01010
123647,RECL-8.3%-25-3-19-PVT,INE020B08BO2
123650,WEPL-30-9-28-PVT,INE07J407014
123653,RARL 16.50% 2028 SR V,INE03UZ07031
123654,LTMRHL-7.55%-28-4-35-PVT,INE128M08094
123661,Raymond Realty Limited,INE1SY401010
123664,Sueryaa Knitwear Limited,INE249U01013
123667,RARL 14% 2030 SR IV,INE03UZ07023
123673,LTMRHL-6.68%-30-4-27-PVT,INE128M08086
123675,IML-10.25%-30-10-28-NCD,INE0BUS07CD5
123676,RATNAMANI METALS & TUBES LTD.,INE703B01027
123677,ICICISL-20-03-26-CP,INE763G14XY7
123678,RL-7.34%-30-4-30-PVT,INE020B08FL9
123679,IML-9.75%-30-10-27-NCD,INE0BUS07CE3
123680,SBI-7.54%-01-08-38-PVT,INE062A08389
123681,RL-7.09%-30-11-39-PVT,INE020B08FK1
123682,ICICISL-20-02-26-CP,INE763G14XZ4
123683,IML-31-10-26-NCD,INE0BUS07CF0
123684,SBI-7.49%-24-9-38-PVT,INE062A08397
123685,IML-9%-31-10-26-NCD,INE0BUS07CB9
123686,Typhoon Financial Services Lim,INE761R01013
123687,WAAREE RENEWABLE TECHNOLOGIES ,INE299N01021
123689,RL-CBDT-ZC-3-11-34-PVT,INE020B08FJ3
123690,IML-11.25%-30-10-30-NCD,INE0BUS07CC7
123691,RECL-7.31%-30-9-39-PVT,INE020B08FI5
123692,WINDSOR MACHINES LTD.,INE052A01021
123693,ISF 9.50% 2027,INE413U07392
123694,RECL-7.99%-PERPETUAL-PVT,INE020B08FP0
123696,Vasudhagama Enterprises Limite,INE583K01016
123700,IML-30-10-31-NCD,INE0BUS07CA1
123703,PRIME URBAN DEVELOPMENT INDIA,INE419E01024
123704,ISF 9.50% 2027,INE413U07384
123705,RECl-7.28%-20-2-40-PVT,INE020B08FO3
123706,TWAMEV CONS AND INFRA LTD,INE388G01026
123707,RECL-7.20%-15-1-35-PVT,INE020B08FN5
123710,SSFBL-12.50%-7-4-27-PVT,INE428Q08073
123711,RECL-7.10%-30-4-35-PVT,INE020B08FM7
123713,RECL-7.70%-31-8-26-PVT,INE020B08FC8
123718,Krishna Capital And Securities,INE897B01019
123719,IIFL SAMASTA 9.50% 2026,INE413U07350
123725,CUMMINS INDIA LTD,INE298A01020
123730,SBI-7.55%-PERPETUAL-PVT,INE062A08306
123737,SURYALATA SPINNING MILLS LTD.,INE132C01027
123743,IIFL SAMASTA 7.85% 2027,INE413U07343
123746,SEC RE NCD 9.60% SR II,INE413U07335
123748,SBI-7.75%-PERPETUAL-PVT,INE062A08314
123757,RECL-7.59%-31-5-27-PVT,INE020B08FA2
123760,IML-30-10-28-NCD,INE0BUS07BY3
123771,ISF 9.70% 2028,INE413U07376
123773,ISF 9.50% 2026,INE413U07368
123776,SBI-7.57%-23-9-37-PVT,INE062A08322
123778,RECL-7.53%-31-5-34-PVT,INE020B08FB0
123781,Power Mech Projects Limited,INE211R01019
123786,IML-30-10-27-NCD,INE0BUS07BZ0
123788,Aashka Hospitals Limited,INE0EAX01014
123806,SBI-7.51%-6-12-32-PVT,INE062A08330
123807,RECL-7.45%-31-8-35-PVT,INE020B08FG9
123812,BOMBAY OXYGEN INVESTMENTS LIMI,INE01TL01014
123813,GS06NOV63,IN001163C012
123816,IML-11.25%-23-4-27-PVT,INE0BUS07BW7
123821,RECL-7.55%-31-10-26-PVT,INE020B08FH7
123822,SBI-7.70%-19-1-2038-PVT,INE062A08348
123827,THE NEW INDIA ASSU CO LTD,INE470Y01017
123828,SEC RE NCD 10.03% SR V,INE413U07301
123830,IML-12%-23-7-28-PVT,INE0BUS07BX5
123835,ASHIANA HOUSING LTD,INE365D01021
123837,SBI-8.20%-PERPETUAL-PVT,INE062A08355
123842,IML-11.25%-03-02-27-PVT,INE0BUS07BU1
123844,SEC RE NCD 9.57% SR III,INE413U07327
123845,AVANA ELECTROSYSTEMS LTD,INE1KU201016
123846,SBI-8.25%-PERPETUAL-PVT,INE062A08363
123847,RECL-7.56%-31-8-27-PVT,INE020B08FF1
123849,RECL-7.58%-31-5-29-PVT,INE020B08FD6
123850,Kenrik Industries Limited,INE0AOG01018
123852,IML-11.25%-17-3-27-PVT,INE0BUS07BV9
123853,SEC RE NCD 10.50% SR VI,INE413U07319
123854,SBI-8.10%-PERPETUAL-PVT,INE062A08371
123856,RECL-7.35%-31-7-34-PVT,INE020B08FE4
123863,RECL-7.45%-29-4-34-PVT,INE020B08EZ2
123879,IML-11.25%-19-11-26-PVT,INE0BUS07BS5
123897,SDL RJ 6.64% 2030,IN2920200341
123905,MOUNT HOUSING AND INFRASTRUCTU,INE444X01014
123908,LACTOSE (INDIA) LTD.,INE058I01013
123913,RL-7.47%-28-2-34-PVT,INE020B08EY5
123915,IML-12.50%-28-5-28-PVT,INE0BUS07BT3
123930,SDL RJ 6.46% 2030,IN2920200358
123943,RL-7.64%-30-4-27-PVT,INE020B08EX7
123946,ELEGANT MARBLES & GRANI INDUST,INE095B01010
123948,IML-11%-11-11-26-PVT,INE0BUS07BQ9
123949,SDL RJ 6.6% 2030,IN2920200366
123966,AARTI INDUSTRIES LTD,INE769A01020
123969,RECL-7.71%-26-2-27-PVT,INE020B08EW9
123970,IML-11.25%-13-11-26-PVT,INE0BUS07BR7
123980,SDL RJ 6.67% 2030,IN2920200374
123994,KARNATAKA BANK LIMITED,INE614B01018
124002,SDL RJ 6.72% 2030,IN2920200382
124006,IML-11%-07-10-26-PVT,INE0BUS07BO4
124018,USHAKIRAN FINANCE LTD.,INE697C01011
124036,IML-13.20%-13-3-30-PVT,INE0BUS07BP1
124039,Elixir Capital Limited,INE785D01012
124070,IML-13%-25-11-27-PVT,INE0BUS07BM8
124076,AMD INDUSTRIES LIMITED,INE005I01014
124077,GS19SEP2034,IN000934C041
124094,IML-11%-18-8-26-PVT,INE0BUS07BN6
124103,AEL 8.75% 2029 SR IV,INE423A07534
124105,RECL-7.71%-30-11-33-PVT,INE020B08ER9
124106,IML-11.25%-6-4-26-PVT,INE0BUS07BK2
124107,SDL UK 7.85% 2030,IN3620200011
124114,AEL 8.90% 2031 SR VII,INE423A07526
124115,RL-7.71%-31-10-33-PVT,INE020B08EQ1
124116,P N GADGIL JEWELLERS LIMITED,INE953R01016
124117,IML-11.25%-8-7-26-PVT,INE0BUS07BL0
124118,SDL UK 6.43% 2030,IN3620200029
124119,AEL 8.62% 2031 SR VI,INE423A07518
124120,RL-7.77%-30-9-26-PVT,INE020B08EP3
124121,SDL UK 6.67% 2030,IN3620200037
124122,IML-11%-7-5-27-NCD,INE0BUS07BI6
124123,AEL 0% 2028 SR II,INE423A07500
124124,TATA MOTORS PASS VEH LTD,INE155A01022
124125,SFIL-9.85%-2-2-28-NCD,INE244L07416
124126,RL-8.03%-PER,INE020B08EO6
124127,SDL UK 6.9% 2030,IN3620200045
124128,SFIL-9.40%-2-2-28-NCD,INE244L07408
124129,TELECANOR GLOBAL LTD.,INE381G01013
124141,RECL-7.64%-31-1-34-PVT,INE020B08EV1
124147,IML-7-5-27-NCD,INE0BUS07BG0
124163,RECL-7.67%-30-11-38-PVT,INE020B08EU3
124165,754KASDL37,IN1920250124
124176,IML-10.5%-7-5-26-NCD,INE0BUS07BD7
124177,UNITED FOODBRANDS LIMITED,INE382M01027
124178,SDL RJ 6.46% 2030,IN2920200317
124180,AEL 0% 2029 SR V,INE423A07559
124183,GS22OCT39,IN001039C030
124185,SDL RJ 6.5% 2030,IN2920200325
124193,IML-12%-7-11-29-NCD,INE0BUS07BE5
124194,AEL 0% 2031 SR VIII,INE423A07542
124204,RECL-7.80%-30-5-26-PVT,INE020B08ES7
124205,754TRSDL40,IN3220250036
124212,IML-7-5-30-NCD,INE0BUS07BF2
124225,ISL-4-2-26-CP,INE763G14WW3
124232,REC-7.98%-PERPECTUAL-PVT,INE020B08EJ6
124239,APOLLO FINVEST (INDIA) LTD.,INE412D01013
124240,RECL-7.51%-31-7-26-PVT,INE020B08EI8
124246,Akar Auto Industries Limited,INE864E01021
124252,SFIL-9%-21-9-26-PVT,INE244L07242
124256,SBI-7.72%-PERPETUAL-PVT,INE062A08280
124257,RECL-7.77%-31-3-28-PVT,INE020B08EH0
124265,SFIL-9.70%-13-7-32-PVT,INE244L07259
124275,Star Cement Limited,INE460H01021
124286,SBI-7.72%-PERPETUAL-PVT,INE062A08298
124292,RECL-7.69%-31-3-33-PVT,INE020B08EG2
124331,RECL-8.25%-26-9-29-PVT,INE020B08EN8
124336,SAMPRE NUTRITIONS LTD.,INE375C01022
124340,MARG TECHNO PROJECTS LIMITED,INE245H01018
124350,RECL-30-6-26-PVT,INE020B08EM0
124358,CMX HOLDINGS LIMITED,INE027F01014
124361,SFIL-10.30%-2-2-28-NCD,INE244L07283
124368,7.44%-RL-30-4-26-PVT,INE020B08EL2
124378,BALRAMPUR CHINI MILLS LTD,INE119A01028
124400,7.46%-RL-30-6-28-PVT,INE020B08EK4
124415,RECL-7.55%-31-3-28-PVT,INE020B08EA5
124423,ISL-6-2-26-CP,INE763G14XA7
124424,SDL RJ 6.55% 2030,IN2920200184
124429,RECL-7.67%-31-11-37-PVT,INE020B08EB3
124430,SHENTRACON CHEMICALS LTD.,INE0OUS01011
124442,SDL RJ 6.67% 2050,IN2920200192
124463,IML-13-2-26-NCD,INE0BUS07AW9
124478,IML-9.75%-13-2-26-NCD,INE0BUS07AX7
124493,PITTI ENGINEERING LIMITED,INE450D01021
124496,GUJARAT NATURAL RESOURCES LIMI,INE207H01018
124499,RECL-7.69%-31-1-33-PVT,INE020B08EE7
124500,SKP BEARING INDUSTRI. LTD,INE0KZA01016
124501,IML-15-2-27-NCD,INE0BUS07AU3
124502,ISF 9.50% 2027,INE413U07426
124503,THE INVEST TRUST OF IND L,INE924D01017
124506,REC-7.60%-28-2-26-PVT,INE020B08EF4
124508,JINDAL DRILLING & INDUSTRIES L,INE742C01031
124509,IRM ENERGY LIMITED,INE07U701015
124510,REC-7.56%-30-6-26-PVT,INE020B08ED9
124511,IML-15-2-30-NCD,INE0BUS07AV1
124517,ISF 9.75% NCD 2028,INE413U07418
124526,SBI-6.80%-21-8-35-PVT,INE062A08231
124534,EURO PRATIK SALES LIMITED,INE198501012
124537,MBEL-8.40%-4-10-27-PVT,INE835H07112
124542,IML-10.75%-15-2-27-NCD,INE0BUS07AS7
124550,MBEL-8.40%-3-10-28-PVT,INE835H07120
124553,MBEL-8.40%-5-10-26-PVT,INE835H07104
124558,ISF 9.25% 2028,INE413U07442
124559,ISF 9.65% 2028,INE413U07434
124560,IML-11.50%-15-2-29-NCD,INE0BUS07AT5
124561,RECL-7.53%-31-3-33-PVT,INE020B08EC1
124562,MBEL-8.40%-3-10-29-PVT,INE835H07138
124568,RECL-7.50%-28-2-33-PVT,INE020B08DX9
124578,RANDER CORPORATION LTD.,INE821D01031
124584,SDL RJ 6.55% 2050,IN2920200226
124588,ISL-27-2-26-CP,INE763G14XI0
124589,CEDAAR TEXTILE LIMITED,INE11J101017
124591,RECL-7.32%-28-2-26-PVT,INE020B08DW1
124595,ISL-3-3-26-CP,INE763G14XJ8
124610,SDL RJ 6.55% 2055,IN2920200234
124624,PRABHHANS INDUSTRIES LIMITED,INE428P01013
124629,REC-6.92%-20-3-32-PVT,INE020B08DV3
124635,746KASDL36,IN1920250058
124660,MBEL-8.40%-29-3-30-PVT,INE835H07146
124665,DR.AGARWALS EYE HOSPITAL LTD.,INE934C01018
124670,ISF 9.50% 2027,INE413U07400
124708,YUVRAAJ HYGIENE PRODUCTS LTD.,INE139D01020
124709,GROOT-10.25%-25-9-29-PTC,INE1TAH15013
124716,SDL RJ 6.2% 2027,IN2920200267
124719,ISL-4-3-26-CP,INE763G14XM2
124740,I G PETROCHEMICALS LTD,INE204A01010
124742,RECL-7.65%-30-11-37-PVT,INE020B08DZ4
124753,751KASDL36,IN1920250090
124769,Pearl Green Clubs and Resorts ,INE0GTX01019
124775,RELIANCE COMMUNICATIONS LTD.,INE330H01018
124778,PNGS GARGI FASHION JEWELLERY L,INE0NT601018
124780,SDL RJ 6.5% 2050,IN2920200291
124791,ISL-11-3-26-CP,INE763G14XP5
124820,SFIL-9.80%-02-02-28-NCD,INE244L07317
124826,RECL-7.40%-15-3-36-PVT,INE020B08DO8
124827,Shashank Traders Limited,INE508R01018
124847,REC-6.63%-28-1-31-PVT,INE020B08DN0
124863,ICICISL-17-03-26-CP,INE763G14XS9
124870,REC-7.02%-31-1-36-PVT,INE020B08DM2
124882,STERLING TOOLS LIMITED,INE334A01023
124886,SUNDRAM FASTENERS LTD.,INE387A01021
124894,REC-6.23%-31-10-31-PVT,INE020B08DT7
124959,HI-TECH PIPES LIMITED,INE106T01025
124983,RECL-6.5%-26-3-31-PVT,INE020B08DQ3
124996,ISL-6-3-26-CP,INE763G14XX9
125008,SDL TN 7.42% 2033,IN3120230153
125019,OMKAR OVERSEAS LTD.,INE680D01015
125024,SDL TN 7.35% 2033,IN3120230161
125026,STL-9.10%-20-2-26-PVT,INE089C07125
125032,MAHALAXMI SEAMLESS LTD.,INE257F01017
125034,SDL TN 7.44% 2033,IN3120230138
125035,RECL-10-6-26-CP,INE020B14698
125046,SDL TN 7.45% 2043,IN3120230146
125048,KOLTE-PATIL DEVELOPERS LTD.,INE094I01018
125049,NATURAL CAPSULES LIMITED,INE936B01015
125051,INDONG TEA COMPANY LIMITED,INE0KN201016
125053,KHANDELWAL EXTRACTION LTD.,INE687W01010
125059,STL-8.25%-25-3-31-PVT,INE089C07109
125063,SDL TN 7.43% 2043,IN3120230195
125104,SDL TN 7.39% 2033,IN3120230179
125128,NRB BEARINGS LTD.,INE349A01021
125133,SDL TN 7.36% 2043,IN3120230187
125171,GS15JUN2035,IN000635C051
125183,BHASKAR AGROCHEMICALS LTD.,INE972C01018
125213,SIKKO INDUSTRIES LIMITED,INE112X01025
125215,KPI Green Energy Limited,INE542W01025
125238,SDL TN 7.42% 2043,IN3120230112
125253,SDL TN 7.39% 2053,IN3120230120
125275,NRB BEARING LIMITED,INE349A01021
125276,Ashoka Metcast Limited,INE760Y01011
125277,UFO Moviez India Limited,INE527H01019
125281,GS17JUN35,IN000635C036
125288,SDL TN 7.34% 2043,IN3120230104
125293,SEC RE NCD SR V,INE423A07377
125328,SEC RE NCD SR II,INE423A07369
125361,SDL RJ 6.61% 2031,IN2920200598
125403,SEC RE NCD 9.25% SR I,INE423A07351
125407,SEC RE NCD 9.90% SR VII,INE423A07344
125409,Mother Nutri Foods Limited,INE0UH001016
125421,CFSL-02-02-26-CP,INE539K14BV5
125466,SUMITOMO CHEM INDIA LTD,INE258G01013
125477,CFSL-27-2-26-CP,INE539K14BX1
125494,CFSL-29-6-26-CP,INE539K14BY9
125501,Dhunseri Tea & Industries Ltd,INE341R01014
125506,AEL 9.3% 2030 SR VII,INE423A07393
125518,SFL-9.60%-07-03-35-PVT,INE244L07614
125522,MAGSON RETAIL AND DIST L,INE0O1S01012
125538,SFL-9.65%-13-1-27-PVT,INE244L07606
125542,SEC RE NCD SR VIII,INE423A07385
125565,SDL RJ 6.62% 2030,IN2920200507
125566,ASL INDUSTRIES LIMITED,INE617I01024
125589,SDL RJ 6.6% 2030,IN2920200515
125590,SDL TN 7.39% 2033,IN3120230096
125592,GIL-7.34%-20-12-27-PVT,INE129A08014
125635,SEC RE NCD 9.56% SR VI,INE423A07336
125680,SDL RJ 6.6% 2030,IN2920200549
125681,SEC RE NCD 9.65% SR IV,INE423A07328
125704,CG Power and Industrial Soluti,INE067A01029
125713,SDL RJ 5.82% 2027,IN2920200556
125724,SEC RE NCD 9.32% SR III,INE423A07310
125744,SDL RJ 6.59% 2031,IN2920200564
125750,MODERN DIAGNOSTIC & RESEARCH C,INE1HK501016
125771,BAL PHARMA LTD.,INE083D01012
125775,SDL RJ 6.61% 2031,IN2920200572
125776,Dhunseri Ventures Limited,INE477B01010
125777,KPR MILL LTD.,INE930H01031
125778,SDL TN 7.33% 2033,IN3120230039
125786,SUPREME HOLDIN N HOSP I L,INE822E01011
125789,INDIA TOURISM DEVELOPMENT CORP,INE353K01014
125791,SDL TN 7.32% 2033,IN3120230047
125798,BRAHMAPUTRA INFRASTRUCTURE LTD,INE320I01017
125802,SDL TN 7.44% 2033,IN3120230013
125807,GS02JUL36C,IN000736C016
125811,ICICI Prudential Nifty Low Vol,INF109KC19U5
125813,MURUDESHWAR CERAMICS LTD.,INE692B01014
125819,SFIL-9.8%-25-4-26-NCD,INE244L07499
125821,SDL TN 7.39% 2033,IN3120230021
125857,SDL TN 7.35% 2033,IN3120230070
125860,SDL TN 7.35% 2043,IN3120230088
125871,ICICI Prudential Mutual Fund,INF109KC19M2
125885,SDL TN 7.32% 2053,IN3120230054
125890,SHALIM PAINTS LTD,INE849C01026
125899,Pine Labs Limited,INE15B701018
125909,ICICI Prudential Mutual Fund,INF109KC19O8
125926,SDL TN 7.29% 2053,IN3120230062
125938,KARMA ENERGY LIMITED,INE725L01011
125947,SGHPL-20%-29-10-28-PVT,INE04AP07024
125949,GS06NOV40,IN001140C010
125951,SGHPL-10%-RESET RATE-31-10-28-,INE04AP07016
125957,PETRONET LNG LTD.,INE347G01014
125967,SGHP-20%-30-10-28-PVT,INE04AP07032
125970,ASHOK LEYLAND LTD.,INE208A01029
125972,GS25NOV40,IN001140C028
125982,Akme Fintrade (India) Limited,INE916Y01027
125986,ICICI Prudential Mutual Fund,INF109KC19W1
125995,ICICI Prudential Mutual Fund,INF109KC19V3
125997,CANARA HSBC LIFE INS CO L,INE01TY01017
126006,THERMAX LTD.,INE152A01029
126008,DCX Systems Limited,INE0KL801015
126014,AMEENJI RUBBER LIMITED,INE14QA01016
126019,Seshaasai Technologies Limited,INE04VU01023
126022,RAJSHREE SUGARS & CHEMICALS LT,INE562B01019
126033,AEL 8.48% 2029 SR III,INE423A07492
126034,SDL RJ 6.75% 2030,IN2920200465
126045,AEL 8.60% 2028 SR I,INE423A07484
126046,SDL RJ 6.61% 2030,IN2920200473
126047,EGFSL-12%-24-3-27-PVT,INE296H08016
126048,RECL-6.60%-30-06-27-PVT,INE020B08FZ9
126056,SDL RJ 6.54% 2030,IN2920200481
126063,AEL 0% 2030 SR VIII,INE423A07468
126069,RECL-6.70%-31-12-29-PVT,INE020B08FY2
126071,GOLDEN CARPETS LTD.,INE595D01015
126077,SDL RJ 6.59% 2030,IN2920200499
126084,VINAYAK VANIJYA LTD.,INE132V01019
126087,SPECTRA INDUSTRIES LTD.,INE848B01012
126088,RECL-7.06%-30-06-35-PVT,INE020B08GA0
126089,SFIL-10.25%-25-4-26-NCD,INE244L07507
126091,SOLARA RS. 7 PPD UP,IN9624Z01022
126092,Tata Mutual Fund - Permitted,INF277KA1976
126095,Delhivery Limited,INE148O01028
126123,SAFIL-25-4-26-NCD,INE244L07549
126128,SDL SK 7.37% 2033,IN3020230014
126131,AEL 0% 2028 SR V,INE423A07419
126137,REC-6.86%-31-5-35-PVT,INE020B08FT2
126159,SFIL-10.50%-25-4-28-NCD,INE244L07556
126160,SDL SK 7.46% 2033,IN3020230022
126162,AEL 0% 2027 SR II,INE423A07401
126190,RECL-7.02%-30-04-40-PVT,INE020B08FS4
126199,SFIL-10.03%-25-4-28-NCD,INE244L07523
126203,THE WESTERN INDIA PLY LTD,INE215F01023
126220,RL-7.44%-29-2-28-PVT,INE020B08FR6
126228,771GUJ2027,IN1520160202
126230,SDL SK 7.75% 2033,IN3020230030
126233,CINELINE INDIA LIMITED,INE704H01022
126234,SDL RJ 6.85% 2030,IN2920200408
126235,ACKNIT INDUSTRIES LTD.,INE326C01017
126236,SDL SK 7.7% 2034,IN3020230048
126238,SHRENIK LIMITED,INE632X01030
126248,SFIL-25-4-26-NCD,INE244L07531
126252,RL-7.32%-28-2-35-PVT,INE020B08FQ8
126255,PITHAMPUR POLY PRODUCTS LTD.,INE747D01012
126264,VASA RETAIL & OVERSEA LTD,INE068Z01016
126270,SDL SK 7.5% 2034,IN3020230055
126271,B.R.GOYAL INFRASTRUCTURE LIMIT,INE00ST01011
126275,RECL-6.37%-31-03-27-PVT,INE020B08FX4
126276,CLN ENERGY LIMITED,INE0WDX01010
126296,STEELCO GUJARAT LTD.,INE629B01032
126297,SDL RJ 6.92% 2030,IN2920200424
126298,AEL 8.95% 2027 SR I,INE423A07450
126299,SFIL-9.80%-6-9-29-PVT,INE244L07598
126300,AEL 9% 2030 SR VI,INE423A07443
126301,RL-6.52%-31-1-28-PVT,INE020B08FW6
126306,EGFSL-11.25%-18-12-27-PVT,INE296H08024
126314,SDL RJ 6.6% 2030,IN2920200432
126315,KSB LIMITED,INE999A01023
126316,MODIPON LTD.,INE170C01019
126318,AEL 9.15% 2028 SR IV,INE423A07435
126321,SFIL-9.57%-25-4-28-NCD,INE244L07564
126329,RL-6.81%-30-4-36-PVT,INE020B08FV8
126333,SDL RJ 6.1% 2027,IN2920200440
126334,IML-12.73%-18-7-30-PVT,INE0BUS07CG8
126337,AEL 8.85% 2028 SR III,INE423A07427
126342,REC-6.87%-31-5-30-PVT,INE020B08FU0
126349,STERLING GREEN WOODS LTD.,INE398F01019
126353,SDL RJ 6.45% 2030,IN2920200457
126374,QVC EXPORTS LIMITED,INE0KZF01015
126383,INVESCO INDIA NIFTY ETF,INF205K01DA9
126407,BETEX INDIA LTD.,INE765L01017
126425,IDENTICAL BRAINS STUDIO L,INE0TD101011
126441,SHAILY ENG PLASTICS LTD,INE151G01028
126464,SFPL-12.50%-27-9-26-PVT,INE551U07332
126468,DSPAMC - DSPBANK,INF740KA1RX3
126486,SFPL-11.5%-19-9-29-PVT,INE551U07324
126509,Sonalis Consumer Products Limi,INE0N5O01013
126516,NHL-8.25%-19-3-29-PVT,INE410P08016
126546,QUANTUM DIGITAL VISION (INDIA),INE373C01019
126561,BAJAJ HINDUSTHAN SUGAR LIMITED,INE306A01021
126565,HINDOOSTAN MILLS LTD.,INE832D01020
126573,N.B.I. IND. FIN. CO. LTD,INE365I01020
126584,THE UGAR SUGAR WORKS LTD,INE071E01023
126589,KCPL-13.20%-25-5-27-PVT,INE200W07407
126602,RICO AUTO INDUSTRIES LTD,INE209B01025
126628,Sanghvi Brands Limited,INE204Y01010
126629,KCPL-13.74%-25-3-26-PVT,INE200W07415
126641,PRIVI SPECIALITY CHE LTD,INE959A01019
126673,SAKSOFT LTD.,INE667G01023
126695,NHL-8.40%-15-2-30-PVT,INE410P08024
126711,SDL UK 7.85% 2032,IN3620220019
126713,CAMBRIDGE TECHNOLOGY ENTERPRIS,INE627H01017
126714,KATARIA INDUSTRIES LTD,INE0SVY01018
126715,GS25NOV38,IN001138C022
126716,SDL UK 7.62% 2033,IN3620220027
126722,CIFCPL-10.10%-10-10-26-PVT,INE140R07181
126729,SDL UK 7.67% 2033,IN3620220035
126735,ICICI Prudential Mutual Fund,INF109KC10S8
126745,INDIA CEMENTS CAPITAL LTD.,INE429D01017
126752,SHFL-11%-14-2-27-PVT,INE02YC07034
126753,GS06NOV38C,IN001138C014
126765,GANESH HOUSING LIMITED,INE460C01014
126769,SHFL-8.93%-27-9-27-PVT,INE02YC07026
126789,SHFL-10.90%-27-2-26-PVT,INE02YC07018
126790,The New India Assurance Compan,INE470Y01017
126826,SHRI TECHTEX LIMITED,INE0OMF01015
126868,VCCL 12.5% 2031,INE04HY08011
126892,BUTTERFLY GANDHIMATHI APPLIANC,INE295F01017
126898,SDL UK 7.74% 2033,IN3620220050
126903,Zelio E Mobility Limited,INE1B3501014
126914,SDL UK 7.76% 2033,IN3620220068
126915,Le Travenues Technology Limite,INE0HV901016
126918,GROARC INDUSTRIES INDIA LIMITE,INE042B01012
126927,ICICI Prudential BSE Midcap Se,INF109KC10W0
126929,CUPID LTD.,INE509F01029
126932,GLANCE FINANCE LTD.,INE580D01017
126933,HINDUSTHAN URBAN INFRASTRUCTUR,INE799B01017
126941,ICICI Prudential Mutual Fund,INF109KC10V2
126948,ICLFL-11.50%-02-12-28-NCD,INE01CYA7195
126956,UNIVERSAL ARTS LTD.,INE464B01018
126972,ICLFL-11.75%-02-12-28-NCD,INE01CYA7179
126991,798GJSDL26,IN1520160046
126997,ICLFL-02-12-28-NCD,INE01CYA7187
127023,ICLFL-11.25%-02-12-27-NCD,INE01CYA7153
127027,FRUITION VENTURE LTD,INE836C01015
127036,RELIANCE POWER LTD.,INE614G01033
127037,ICLFL-12%-02-12-30-NCD,INE01CYA7161
127040,PSSPL-15%-07-07-26-PVT,INE0LLO07012
127050,ICLFL-02-10-31-NCD,INE01CYA7138
127051,SIGNATURE GREEN CORPORATION LI,INE131O01024
127069,76GJSDL26,IN1520160087
127072,ICLFL-02-01-27-NCD,INE01CYA7146
127075,OIL INDIA LTD,INE274J01014
127082,HALDYN GLASS LTD,INE506D01020
127089,APAR INDUSTRIES LTD.,INE372A01015
127103,VXL INSTRUMENTS LTD.,INE756A01019
127124,Eternal Limited,INE758T01015
127194,MADHUSUDAN INDUSTRIES LTD.,INE469C01023
127250,DSPAMC - DSPQ50ETF,INF740KA1QL0
127257,ODYSSEY CORPORATION LTD.,INE839E01023
127258,Greenlam Industries Ltd,INE544R01021
127259,DSPAMC - DSPNEWETF,INF740KA1QK2
127281,ANIRIT VENTURES LIMITED,INE161F01011
127300,WEWORK INDIA MANAGEMENT L,INE085001019
127316,Madhav Infra Projects Limited,INE631R01026
127326,Swastika Castal Limited,INE0PTF01017
127340,SOMI CONVEYOR BELTINGS LTD.,INE323J01019
127402,DEEPAK CHEMTEX LIMITED,INE0RDM01013
127415,SARASWATI SAREE DEPOT LTD,INE0PQ101010
127425,Paras Defence and Space Techno,INE045601023
127451,KCPL-13%-6-12-27-PVT,INE200W07381
127462,Syrma SGS Technology Limited,INE0DYJ01015
127475,IL&FS INVESTMENT MANAGERS LTD.,INE050B01023
127476,ACUTAAS CHEMICALS LIMITED,INE00FF01025
127482,DSPAMC - DSPSILVETF,INF740KA1RE3
127486,SUUMAYA CORPORATION LIMITED,INE0EMB01015
127522,GOLDEN LEGAND LEASING & FINANC,INE088E01019
127548,SPORTKING INDIA LIMITED,INE885H01029
127562,Abram Food Limited,INE0ZDY01011
127585,SDL ML 7.27% 2032,IN2420210063
127598,ICLFL-02-12-27-NCD,INE01CYA7211
127606,CHATHA FOODS LIMITED,INE0AH901011
127615,EXCEL REALTY N INFRA LTD,INE688J01023
127618,ICLFL-10.50%-02-01-27-NCD,INE01CYA7229
127624,KINETIC TRUST LTD.,INE674M01019
127635,PS IT INFRASTRUCTURE & SERVICE,INE953M01033
127643,ICLFL-11%-02-12-27-NCD,INE01CYA7203
127645,SDL ML 7.19% 2041,IN2420210022
127649,798GUJ2026,IN1520160038
127652,MIZZEN VENTURES LIMITED,INE681K01026
127679,SDL ML 7.02% 2041,IN2420210048
127681,PLUM25-9.42%-20-10-27-PTC,INE0Y3215015
127682,ONESOURCE INDUSTRIES AND VENTU,INE125F01032
127683,BRAINBEES SOLUTIONS LTD,INE02RE01045
127699,DEV INFORMATION TECHNOLOGY LIM,INE060X01034
127702,KRISHNA VENTURES LIMITED,INE537L01010
127729,SDL ML 6.82% 2031,IN2420210014
127734,ICICI BANK LTD.,INE090A01021
127751,Digital Fibre Infrastructure T,INE0CDI23017
127785,NBFID-7.15%-13-11-40-PVT,INE0KUG08118
127789,INDIGO045-9.16%-10-10-29-PTC,INE2KK515010
127801,NBFIL-6.86%-13-11-30-PVT,INE0KUG08100
127808,MODULEX CONSTRUCTION TECHNOLOG,INE064R01012
127810,GLITTEK GRANITES LTD.,INE741B01027
127811,CANTABIL RETAIL LTD,INE068L01024
127822,DELAPLEX LIMITED,INE0SK801018
127823,ARIHANT SUPERSTRUCTURES LIMITE,INE643K01018
127825,REETECH INTERNATIONAL LIMITED,INE0MKO01015
127827,RRP SEMICONDUCTOR LIMITED,INE713N01013
127835,NATIONAL FERTILIZERS LTD.,INE870D01012
127888,NATH BIO-GENES (I) LTD,INE448G01010
127900,HAPPY SQUARE OUTSOURC S L,INE0TLP01015
127931,EPL LIMITED,INE255A01020
127950,PNB-7.10%-18-11-31-PVT,INE160A08191
127955,SDL CG 5.88% 2026,IN3520200087
127973,BLS E-SERVICES LIMITED,INE0NLT01010
127983,SDL CG 5.93% 2026,IN3520200079
128016,PRABHU STEEL INDUSTRIES LTD.,INE821R01015
128031,GS19SEP2057,IN000957C026
128032,SDL CG 5.97% 2027,IN3520200095
128036,CarTrade Tech Limited,INE290S01011
128043,JAY BEE LAMINATIONS LTD,INE0SMY01017
128061,ENVIROTECH SYSTEMS LTD,INE0SUH01015
128063,PNB-8.40%-PERP-PVT,INE160A08258
128073,DABUR INDIA LTD.,INE016A01026
128080,GHFL-7.59%-24-8-27-PVT,INE289B07107
128082,PNB-7.89%-1-12-37-PVT,INE160A08241
128090,ABRIL PAPER TECH LIMITED,INE15MX01014
128092,PNB-8.30%-PERPETUAL-PVT,INE160A08233
128122,PNB-8.75%-PERPETUAL-PVT,INE160A08225
128150,SDL HP 7.26% 2029,IN1720230011
128158,PNB-8.55%-PER-31-12-2999-PVT,INE160A08290
128192,PNB-8.59%-PERPETUAL-PVT,INE160A08282
128213,INTERWORLD DIGITAL LTD.,INE177D01020
128224,GIC-7.49%-24-2-27-PVT,INE289B07115
128227,PNB-7.74%-30-6-38-PVT,INE160A08274
128251,PNB-8.75%-PERPETUAL-PVT,INE160A08266
128264,ELGI EQUIPMENTS LTD,INE285A01027
128272,Classic Leasing & Finance Ltd.,INE949C01016
128274,GICHFL-7.65%-29-02-28-PVT,INE289B07123
128297,SDL HP 7.42% 2038,IN1720230052
128300,VEDANT ASSET LIMITED,INE0NC801013
128318,SDL HP 7.62% 2043,IN1720230060
128329,SDL HP 7.45% 2033,IN1720230037
128331,SDL HP 7.29% 2031,IN1720230029
128332,SDL HP 7.5% 2038,IN1720230045
128333,SOUTHERN INFOCONSULTANTS LIMIT,INE298B01010
128335,ESPRIT STONES LIMITED,INE0SBP01018
128341,PITTI ENGINEERING LIMITED,INE450D01021
128355,PNB-8.50%-PERPETUAL-PVT,INE160A08217
128358,SDL HP 7.61% 2038,IN1720230094
128363,PNB-8.40%-PERPETUAL-PVT,INE160A08209
128364,PREMIER LTD.,INE342A01018
128371,Mazagon Dock Shipbuilders Limi,INE249Z01020
128372,OMKAR PHARMACHEM LTD.,INE501C01015
128377,SDL HP 7.74% 2038,IN1720230078
128392,UNIVERSUS IMAGINGS LTD,INE03V001013
128402,SDL HP 7.65% 2035,IN1720230086
128427,SDL CG 6.1% 2027,IN3520200103
128441,MAITREYA MEDICARE LIMITED,INE0PLQ01011
128499,SDL CG 7.06% 2029,IN3520200129
128519,SDL AS 7.5% 2034,IN1220240015
128523,10.18% GOI 2026,INY020010081
128577,SDL CG 7.08% 2029,IN3520200111
128583,SDL AS 7.54% 2034,IN1220240023
128615,BEACON TRUSTEESHIP LTD,INE639X01027
128619,ELGI RUBBER CO. LTD,INE819L01012
128624,SDL AS 7.37% 2034,IN1220240031
128632,BALURGHAT TECHNOLOGIES LTD.,INE654B01014
128659,SDL CG 6.94% 2029,IN3520200137
128664,SDL AS 7.35% 2039,IN1220240049
128679,F MEC INTERNATIONAL FINANCIAL ,INE108T01013
128683,INFOMEDIA PRESS LIMITED,INE669A01022
128705,SDL AS 7.3% 2039,IN1220240056
128719,SDL AS 7.26% 2039,IN1220240064
128726,SFPL-12.16%-15-2-26-PVT,INE551U07209
128768,SBOL-7.36%-27-6-39-PVT,INE062A08421
128796,PEE CEE COSMA SOPE LTD.,INE417E01010
128801,SBI-7.36%-11-7-39-PVT,INE062A08439
128814,INTERARCH BLDNG SOLTN LTD,INE00M901018
128834,SBI-7.42%-29-8-39-PVT,INE062A08447
128856,SBI-7.33%-20-9-39-PVT,INE062A08454
128891,SIMMONDS MARSHALL LTD.,INE657D01021
128904,GODAVARI DRUGS LTD.,INE362C01012
128907,SBI-7.98%-PERPETUAL-PVT,INE062A08462
128936,SBI-7.23%-19-11-39-PVT,INE062A08470
128979,SBI-6.93%-20-10-35-PVT,INE062A08488
129003,SATI POLY PLAST LIMITED,INE0RPM01017
129036,SDL HP 7.67% 2034,IN1720230102
129052,MUTHOOT CAP SERV LTD,INE296G01013
129062,JTL INDUSTRIES LIMITED,INE391J01032
129089,BHARAT PETROLEUM CORPORATION L,INE029A01011
129100,FOCUS LIGHTG & FIXTRS LTD,INE593W01028
129104,RSWM LTD.,INE611A01016
129107,SDL HP 7.41% 2036,IN1720230136
129129,SDL HP 7.39% 2034,IN1720230128
129140,SDL HP 7.52% 2039,IN1720230144
129155,JINDAL DRILLING IND. LTD,INE742C01031
129159,PFL 8.75% 2027,INE202B07JW4
129170,SDL HP 7.64% 2039,IN1720230110
129174,PFL 8.80% AUG 2028,INE202B07JV6
129181,RASHTRIYA CHEMICALS & FERTILIZ,INE027A01015
129185,SBI-7.81%-2-11-38-PVT,INE062A08405
129192,KRISHIVAL FOODS LIMITED,INE0GGO01015
129198,SBI-8.34%-PERPETUAL-PVT,INE062A08413
129199,PFL 9.10% JUN 2030,INE202B07JU8
129201,PFL 9.00% 2027,INE202B07JT0
129202,THE INDIA CEMENTS LIMITED,INE383A01012
129203,DHRUVAXXIV-9.45%-16-2-29-PTC,INE1AC715019
129206,PFL 9.10% APR 2027,INE202B07JS2
129223,SDL SK 7.35% 2032,IN3020210065
129227,PFL 9.15% JUN 2027,INE202B07JR4
129230,SDL SK 7.24% 2032,IN3020210057
129234,RMIL-7%-31-5-26-PVT,INE650D08013
129235,PFL 9.25% JUN 2030,INE202B07JQ6
129258,PFL 9.30%  2027,INE202B07JP8
129259,SDL SK 7.27% 2032,IN3020210040
129261,PNB-7.34%-14-2-35-PVT,INE160A08324
129265,MBFL-11.50%-17-2-27-PVT,INE939X08059
129273,SDL SK 6.87% 2031,IN3020210032
129274,RUPA & COMPANY LTD,INE895B01021
129275,SFIS-12.70%-6-12-27-PVT,INE551U07266
129280,SDL SK 6.8% 2031,IN3020210024
129281,PNB-7.43%-23-12-39-PVT,INE160A08316
129289,RAGHUNATH TOBACCO CO.LTD.,INE754B01012
129290,PNB-8.47%-PERPETUAL-PVT,INE160A08308
129291,GOKAK TEXTILES LTD.,INE642I01014
129293,KOHINOOR FOODS LIMITED,INE080B01012
129295,SDL SK 6.78% 2031,IN3020210016
129298,MFL-11.50%-5-26-PVT,INE939X08034
129307,POLYCHEM LTD.,INE752B01024
129309,SDL TN 7.24% 2032,IN3120210304
129311,364TB27226,IN002024Z461
129314,SDL AS 7.13% 2034,IN1220240114
129320,NREPL-18%-31-3-27-PVT,INE833M07034
129321,364TB20226,IN002024Z453
129326,SDL AS 7.12% 2034,IN1220240122
129340,SDL AS 7.19% 2034,IN1220240130
129342,SDL TN 7.04% 2030,IN3120210320
129345,Sri Lotus Developers and Realt,INE0V9Q01010
129354,364TB50226,IN002024Z438
129375,VADILAL ENTERPRISES LTD.,INE693D01018
129383,SDL AS 7.15% 2035,IN1220240148
129387,SDL TN 7.33% 2052,IN3120210312
129398,364TB12226,IN002024Z446
129401,Virinchi Limited,INE539B01017
129402,SDL TN 7.02% 2030,IN3120210346
129403,SDL AS 7.11% 2045,IN1220240155
129406,364TB19326,IN002024Z495
129407,Abhinav Leasing & Finance Limi,INE211D01027
129408,SDL AS 7.16% 2040,IN1220240163
129409,SDL TN 7.13% 2047,IN3120210338
129421,SDL AS 7.15% 2035,IN1220240171
129423,UCL 7.22% 2034,INE481G08107
129431,SDL TN 7.03% 2030,IN3120210361
129438,364TB05326,IN002024Z479
129441,GS22APR47,IN000447C028
129444,SDL TN 7.1% 2032,IN3120210353
129445,Valiant Organics Limited,INE565V01010
129446,SDL AS 7.2% 2040,IN1220240189
129449,364TB12326,IN002024Z487
129453,SDL BR 7.12% 2037,IN1320240253
129468,HINDUSTAN MEDIA VENTURES LTD.,INE871K01015
129474,ANI INTEGRATED SERV LTD.,INE635Y01015
129485,CPSE ETF,INF457M01133
129486,SDL BR 7.19% 2045,IN1320240261
129498,SDL BR 7.12% 2037,IN1320240238
129510,SDL BR 7.11% 2045,IN1320240246
129520,ICICI Prudential Mutual Fund,INF109KC14R2
129521,WALCHANDNAGAR INDUSTRIES LTD.,INE711A01022
129533,SDL BR 7.15% 2037,IN1320240295
129534,ICICI Prudential Mutual Fund,INF109KC14M3
129549,ETHOS LIMITED,INE04TZ01018
129562,SDL BR 7.14% 2037,IN1320240279
129569,GS02JAN27C,IN000127C018
129576,SDL BR 7.18% 2045,IN1320240287
129584,SDL AS 7.13% 2039,IN1220240106
129615,765TNSDL30,IN3120230310
129618,860GOI2028,IN0020140011
129638,GS06MAY71,IN000571C017
129653,GEM Enviro Management Limited,INE0RUJ01013
129677,Avro India Limited,INE652Z01017
129682,DSPAMC - FLEXIADD,INF740KA1WU9
129689,GS19MAR2046,IN000346C030
129691,SDL BR 7.15% 2037,IN1320240212
129704,MODI'S NAVNIRMAN LIMITED,INE0L0L01012
129720,SDL BR 7.14% 2045,IN1320240220
129721,ACC LIMITED,INE012A01025
129722,Deep Industries Limited,INE0FHS01024
129725,692APSDL41,IN1020210416
129727,GS06MAY48,IN000548C015
129771,SDL BR 7.22% 2040,IN1320240204
129790,LAKE SHORE REALTY LIMITED,INE734D01010
129794,SDL AS 7.25% 2044,IN1220240072
129800,UCL 7.34% 2028 SR I,INE481G08123
129804,SDL TN 6.83% 2031,IN3120210262
129815,SDL TN 6.66% 2029,IN3120210254
129817,UCL 7.34% 2030 SR II,INE481G08115
129822,SDL AS 7.13% 2034,IN1220240080
129825,SDL AS 7.05% 2031,IN1220240098
129835,SDL TN 7.02% 2031,IN3120210288
129845,NMDC STEEL LIMITED,INE0NNS01018
129858,HCCL-0.01%-30-6-31-PVT,INE549A08971
129868,SDL TN 7.07% 2038,IN3120210270
129881,HCCL-0.01%-31-3-29-PVT,INE549A08963
129882,CALSOFT RS.2.50 PPD UP,IN9526B01012
129884,RADICO KHAITAN LTD,INE944F01028
129886,824GOI2033,IN0020140052
129896,SDL TN 7.04% 2030,IN3120210296
129897,SIL-5-2-26-CP,INE195A14CD3
129904,SIL-12-02-26-CP,INE195A14CE1
129905,815GOI2026,IN0020140060
129937,817GOI2044,IN0020140078
129954,LADDERUP FINANCE LTD.,INE519D01015
129973,SDL AS 7.1% 2045,IN1220240239
129985,STANROSE MAFATLAL INVESTMENTS,INE441L01015
129987,SIMPLEX INFRASTRUCTURES LTD.,INE059B01024
130006,HATHWAY CABLE & DATACOM,INE982F01036
130009,SDL TN 6.9% 2031,IN3120210205
130014,SDL BR 7.22% 2035,IN1320240196
130028,7APSDL2038,IN1020210390
130050,SDL TN 6.96% 2031,IN3120210221
130057,ATIT-7.45%-20-04-35-PVT,INE0BWS07045
130070,SDL TN 6.97% 2031,IN3120210213
130082,Bajaj Healthcare Limited,INE411U01027
130089,PNB HOUSING FIN LTD.,INE572E01012
130090,SDL TN 6.92% 2046,IN3120210247
130103,NABFID-7.43%-16-6-33-PVT,INE0KUG08019
130111,SDL TN 6.71% 2029,IN3120210239
130126,FUSION FINANCE LIMITED,INE139R01012
130133,SDL BR 7.18% 2034,IN1320240139
130134,SDL MP 7.07% 2032,IN2120200174
130135,NBFID-7.36%-12-8-44-PVT,INE0KUG08043
130136,NBFID-7.43%-4-7-34-PVT,INE0KUG08035
130154,SDL BR 7.13% 2034,IN1320240147
130157,ATIT-8%-30-8-34-INVIT,INE0BWS07011
130160,SDL MP 6.76% 2033,IN2120200166
130167,NBFID-7.65%-22-12-38-PVT,INE0KUG08027
130173,SDL BR 7.13% 2034,IN1320240113
130179,ATIT-9.99%-09-09-29-PVT,INE0BWS07029
130188,TRANSWORLD SHIP LINES LTD,INE757B01015
130191,SDL MP 6.79% 2033,IN2120200158
130202,SDL BR 7.13% 2034,IN1320240121
130206,NBFID-7.25%-3-2-40-PVT,INE0KUG08050
130207,ATIT-9.99%-10-9-29-PVT,INE0BWS07037
130210,SDL MP 6.61% 2035,IN2120200141
130213,MEHTA INTEGRATED FINANCE LTD.,INE240B01012
130225,SDL BR 7.15% 2035,IN1320240170
130230,NBFID-7.04%-07-04-35-PVT,INE0KUG08084
130231,SDL MP 6.54% 2035,IN2120200133
130232,DSPAMC - TOP10ADD,INF740KA1UR9
130238,SDL BR 7.15% 2040,IN1320240188
130239,Abhijit Trading Co. Ltd.,INE994N01019
130242,SDL AS 7.34% 2035,IN1220240205
130248,NBFID-7.03%-08-04-30-PVT,INE0KUG08076
130251,NBFID-7.15%-28-03-35-PVT,INE0KUG08068
130260,SDL MP 6.52% 2035,IN2120200125
130263,SDL BR 7.12% 2034,IN1320240154
130265,SDL AS 7.24% 2045,IN1220240213
130269,GICHFL-8.25%-19-6-26-PVT,INE289B07081
130272,SDL MP 6.58% 2035,IN2120200117
130273,EXCELLENT WIRES N PACK L,INE0Y4801011
130274,NBFID-6.67%-30-05-30-PVT,INE0KUG08092
130275,SDL AS 7.02% 2030,IN1220240221
130276,SDL BR 7.15% 2034,IN1320240162
130277,GHFL-8.28%21-8-26-PVT,INE289B07099
130279,SDL MP 6.57% 2030,IN2120200109
130281,V003T-9.75%-20-4-29-PTC,INE0S9015015
130299,RRIL LIMITED,INE951M01037
130325,CERA SANITARYWARE LTD.,INE739E01017
130336,INVESCO India Gold Exchange Tr,INF205K01361
130365,SDL MP 6.64% 2030,IN2120200091
130368,JAI CORP LTD.,INE070D01027
130369,PNB-7.10%-9-11-35-PVT,INE160A08175
130372,POPEES CARES LIMITED,INE149B01015
130375,736TNSDL54,IN3120230476
130385,VIDYA WIRES LIMITED,INE14UN01029
130402,SDL BR 7.15% 2034,IN1320240105
130410,SDL MP 6.73% 2030,IN2120200083
130418,ICICI Prudential Mutual Fund,INF109KC13R4
130441,SDL MP 6.69% 2030,IN2120200075
130446,DILIGENT INDUSTRIES LTD.,INE650C01036
130455,LLOYDS METALS N ENERGY L,INE281B01032
130466,PNB-8.15%-26-12-29-PVT,INE160A08142
130470,INFOBEANS TECHNO. LTD.,INE344S01016
130474,714APSD41,IN1020210341
130475,SDL AS 7.2% 2045,IN1220240197
130480,SDL TN 6.97% 2031,IN3120210148
130489,364TB26326,IN002024Z503
130490,SDL TN 7.24% 2051,IN3120210130
130494,709APSDL39,IN1020210325
130496,SDL TN 7.0% 2031,IN3120210163
130498,BOMBAY BURMAH TRADING COR,INE050A01025
130500,SDL TN 6.98% 2031,IN3120210155
130501,704APSDL34,IN1020210317
130507,ICICI Prudential Mutual Fund,INF109KC14A8
130509,SDL TN 6.95% 2031,IN3120210189
130510,ION EXCHANGE (INDIA) LTD.,INE570A01022
130521,708APSDL35,IN1020210374
130522,SEC RED NCD 10.6% SR. VII,INE804IA7022
130531,76TAMSDL31,IN3120230401
130532,SDL TN 6.97% 2031,IN3120210171
130533,DSPAMC - NEXT30ADD,INF740KA1VE5
130540,SEC RED NCD 10.15% SR. VI,INE804IA7014
130546,KRONOX LAB SCIENCES LTD,INE0ATZ01017
130548,702APSDL37,IN1020210366
130557,SOUTHERN MAGNESIUM & CHEMICALS,INE308N01012
130562,FINKURVE FINANCIAL SERV L,INE734I01027
130568,SDL TN 6.76% 2031,IN3120210197
130583,KAVERI SEED CO. LTD.,INE455I01029
130592,IFL-20-8-28-NCD,INE01CYA7070
130597,TIPS MUSIC LIMITED,INE716B01029
130600,SDL MP 6.79% 2040,IN2120200216
130601,NHFL-9.5%-3-4-27-NCD,INE530L07AF1
130602,ICLFL-11.50%-20-8-28-NCD,INE01CYA7088
130614,SDL MP 6.76% 2040,IN2120200208
130615,NHFL-10%-23-2-29-PVT,INE530L07AE4
130616,VPIPL-14%-28-7-27-PVT,INE0I1A07015
130622,IFL-20-9-26-NCD,INE01CYA7054
130628,NHFL-3-4-27-NCD,INE530L07AH7
130629,ZENITH STEEL PIPES AND  INDUST,INE318D01020
130633,IFL-20-8-27-NCD,INE01CYA7062
130642,NHFL-3-4-30-NCD,INE530L07AG9
130644,IFL-11.25%-20-8-27-NCD,INE01CYA7039
130645,BPRPL-7.75%-30-9-35-PVT,INE02AS07022
130648,NHFL-10.50%-6-1-30-NCD,INE530L07AB0
130649,INDUSIND BANK LIMITED,INE095A01012
130650,IFL-12%-20-8-30-NCD,INE01CYA7047
130652,BHARAT COKING COAL LTD,INE05XR01022
130654,BPRPL-7.85%-31-3-30-PVT,INE02AS07014
130655,NHFL-10%-6-1-28-NCD,INE530L07AA2
130656,Antelopus Selan Energy Limited,INE818A01017
130657,HOWARD HOTELS LTD.,INE931B01016
130658,TITAN COMPANY LIMITED,INE280A01028
130659,IFL-11.02%-20-9-26-NCD,INE01CYA7013
130660,ALFA TRANSFORMERS LTD.,INE209C01015
130662,YOGI LIMITED,INE290E01011
130682,NHFL-11%-6-1-35-NCD,INE530L07AD6
130688,IFL-11%-20-8-27-NCD,INE01CYA7021
130696,NHFL-6-1-30-NCD,INE530L07AC8
130753,GULF OIL LUBRICANTS INDIA LTD,INE635Q01029
130762,GINNI FILAMENTS LTD.,INE424C01010
130763,STYLAM INDUSTRIES LIMITED,INE239C01020
130764,Axita Cotton Limited,INE02EZ01022
130784,SDL TN 7.17% 2030,IN3120210502
130797,GUJARAT FLUOROCHEM LTD,INE09N301011
130804,SDL MP 7.03% 2031,IN2120200240
130805,MOHIT INDUSTRIES LTD.,INE954E01012
130809,MCLEOD RUSSEL INDIA LTD.,INE942G01012
130827,SDL TN 7.39% 2042,IN3120210528
130830,IFL-11.75%-20-8-28-NCD,INE01CYA7096
130832,SDL MP 6.61% 2037,IN2120200232
130850,SDL TN 7.3% 2032,IN3120210510
130852,IZMO LIMITED,INE848A01014
130854,AJCON GLOBAL SERVICES LTD.,INE759C01027
130859,NHFL-9.57%-02-07-28-NCD,INE530L07AV8
130865,PFL-7.55%-25-3-27-PVT,INE511C07946
130871,KCP SUGAR & INDUSTRIES CORPORA,INE790B01024
130872,NHFL-02-07-27-NCD,INE530L07AU0
130873,Rishiroop Limited,INE582D01013
130874,PFL-7.58%-8-9-28-PVT,INE511C07938
130883,A.K.CAPITAL SERVICES LTD.,INE701G01012
130884,SUPHA PHARMACHEM LIMITED,INE549S01036
130889,LINK PHARMA CHEM LTD.,INE302F01011
130890,NHFL-02-07-28-NCD,INE530L07AX4
130891,NHFL-9.85%-02-07-30-NCD,INE530L07AY2
130893,PFL-7.52%-25-2-28-PVT,INE511C07920
130901,NHFL-10%-02-07-28-NCD,INE530L07AW6
130902,ABAN OFFSHORE LTD.,INE421A01028
130922,PFL-7.53%-24-9-27-PVT,INE511C07912
130925,RERT-ZC-31-3-28-PTC,INE0H3715027
130927,Parag Milk Foods Limited,INE883N01014
130928,NHFL-02-07-30-NCD,INE530L07AR6
130932,NHFL-10.25%-02-07-35-NCD,INE530L07AQ8
130933,SINDHU TRADE LINKS LTD,INE325D01025
130934,SCHAEFFLER INDIA LIMITED,INE513A01022
130935,PFL-7.6841%-20-3-28-PVT,INE511C07979
130936,SDL MP 6.89% 2040,IN2120200190
130937,NHFL-9.25%-02-07-27-NCD,INE530L07AT2
130938,PFL-7.9%-30-4-31-PVT,INE511C07961
130939,NHFL-10.30%-02-07-30-NCD,INE530L07AS4
130940,SG MART LIMITED,INE385F01024
130941,SDL MP 6.91% 2040,IN2120200182
130942,PFL-7.9%-31-10-30-PVT,INE511C07953
130943,PARSVNATH DEVELOPER LTD,INE561H01026
130944,Anjani Foods Limited,INE096I01021
130945,ICICI Prudential Mutual Fund,INF109KC12R6
130946,DSPAMC - LIQUIDADD,INF740KA1UM0
130947,IFL-11.50%-8-10-28-PVT,INE01CYA7112
130948,NHFL-10.50%-3-4-30-NCD,INE530L07AN5
130949,VENUS REMEDIES LIMITED,INE411B01019
130950,SIHF 7.25% 2028 SR 30,INE213W07327
130951,SIHF 7.40% 2028 SR 29,INE213W07319
130961,DSPAMC - HEALTHADD,INF740KA1UF4
130964,NHFL-10.49%-3-4-35-NCD,INE530L07AM7
130966,SDL TN 7.43% 2047,IN3120210494
130970,IFL-12.25%-8-10-29-PVT,INE01CYA7120
130972,SIHF 7.17% 2028 SR 31,INE213W07335
130981,NHFL-10.75%-02-07-35-NCD,INE530L07AP0
130982,SIHF 7.30% 2028 PP SR 32,INE213W07343
131004,SIHF 7.71% 2035 SR 33,INE213W07350
131005,IFL-12.6%-8-8-31-PVT,INE01CYA7104
131006,NHFL-10.03%-3-4-30-NCD,INE530L07AO3
131009,Trident Lifeline Limited,INE0MKA01014
131028,NHFL-3-4-28-NCD,INE530L07AJ3
131057,PFL-7.70%_24-12-30-PVT,INE511C07904
131100,NHFL-9.58%-3-4-28-NCD,INE530L07AI5
131103,GRP LTD.,INE137I01015
131106,SIHF T-BILL LKD 27 SR 28,INE213W07301
131107,AELEA COMMODITIES LIMITED,INE0T3401029
131125,NHFL-11%-3-4-35-NCD,INE530L07AL9
131134,SST-7.73%-28-9-29-PTC,INE2I7G15010
131135,NHFL-10%-3-4-28-NCD,INE530L07AK1
131157,PARTH ELEC & ENG LTD,INE1H7V01011
131162,SIHFC 8.25% 2027 SR 26,INE213W07285
131165,SDL TN 7.33% 2057,IN3120210429
131169,360OAAML-05-10-26-CP,INE0TQI14012
131176,SMS PHARMACEUTICALS LTD.,INE812G01025
131183,SIHF 8.07% 2027 SR 27,INE213W07293
131185,INDIAN BANK,INE562A01011
131193,GOI LOAN 8.28%2032,IN0020060086
131194,SDL TN 7.33% 2052,IN3120210411
131214,SDL TN 7.19% 2032,IN3120210445
131215,GOI LOAN 8.24%2027,IN0020060078
131221,HHFL 8.65% 30 SR 10 OP I,INE800X07089
131224,GUJARAT INTRUX LTD.,INE877E01015
131225,SDL TN 7.09% 2030,IN3120210437
131240,HHFL 8.32% 2027 SR 11,INE800X07097
131247,MANGALAM CEMENT LTD,INE347A01017
131249,DSPAMC - DSPGOLD,INF740KA1SW3
131256,SDL TN 7.13% 2030,IN3120210460
131258,GS15OCT37C,IN001037C042
131263,DSPAMC - DSPIT,INF740KA1SX1
131264,SDL TN 7.39% 2052,IN3120210452
131265,GOI LOAN 8.33% 2036,IN0020060045
131267,SDL TN 7.4% 2042,IN3120210486
131270,DSPAMC - DSPPSBKETF,INF740KA1SY9
131274,PNB GILTS LIMITED,INE859A01011
131281,Mahalaxmi Fabric Mills Limited,INE0US801024
131285,DSPAMC - DSPSENXETF,INF740KA1SZ6
131288,SMFGH 8.35% 2027 SR 25,INE213W07277
131290,SDL TN 7.23% 2032,IN3120210478
131296,GS22OCT37,IN001037C034
131347,JM FINANCIAL LIMITED,INE780C01023
131372,VIJI FINANCE LIMITED,INE159N01027
131374,COROMANDEL ENGINEERING COMPANY,INE312J01012
131378,SUPREME INDUSTRIES LTD,INE195A01028
131381,OAAML-22-4-26-CP,INE0TQI14061
131383,C.E. Info Systems Limited,INE0BV301023
131386,MANUGRAPH INDIA LTD.,INE867A01022
131397,360OAAML-20-01-27-PVT,INE0TQI14053
131406,HHFL 8.62% 2029 SR 009,INE800X07063
131413,OAAML-19-1-27-CP,INE0TQI14046
131437,HHFL 8.50% 2027 SR 10,INE800X07071
131445,OAAML-16-4-26-CP,INE0TQI14038
131448,SDL TN 7.25% 2032,IN3120210403
131473,MADHUCON PROJECTS LTD.,INE378D01032
131496,360OAAML-08-07-26-CP,INE0TQI14020
131506,FRBGOI2035,IN0020042050
131518,SDL BR 7.18% 2045,IN1320240303
131530,LDL 7.87% 2029,INE670K07315
131532,TOKYO PLAST INTL LTD,INE932C01012
131536,VMVPL-12%-30-4-29-PVT,INE02HF07024
131538,RUDRA GLOBAL INFRA PROD L,INE027T01023
131539,NITIRAJ ENGINEERS LTD,INE439T01012
131540,Vipul Organics Limited,INE834D01018
131541,THOMAS SCOTT (INDIA) LTD,INE480M01011
131552,748APSDL38,IN1020210549
131558,ISL-Nifty-29-5-26-PVT,INE923I07171
131559,SDL BR 7.24% 2037,IN1320240311
131560,V.I.P.INDUSTRIES LTD.,INE054A01027
131574,SUPER SPINNING MILLS LTD,INE662A01027
131578,SDL TN 7.19% 2042,IN3120210387
131608,SDL TN 7.14% 2032,IN3120210379
131659,731APSDL42,IN1020210556
131660,SDL TN 7.12% 2030,IN3120210395
131683,ARMAN FINANCIAL SERVICES LTD.,INE109C01017
131685,SUNDARAM BRAK LININGS LTD,INE073D01013
131695,Vivaa Tradecom Limited,INE0PA601017
131702,ICICI Prudential Mutual Fund,INF109KC11W8
131712,HIKAL LTD.,INE475B01022
131717,DSPAMC - DSPPVBKETF,INF740KA1TA7
131718,ZUARI AGRO CHEMICALS LTD.,INE840M01016
131745,ICICI Prudential NV20 ETF,INF109KC11V0
131752,RBM INFRACON LIMITED,INE0NA301016
131776,PHANTOM DIGITAL EFF LTD,INE0MLZ01019
131790,GLOBESECURE TECHNO LTD,INE00WS01056
131800,SUPREME INFRA. LTD,INE550H01011
131805,CATVISION  LIMITED,INE660B01011
131818,WOCKHARDT LIMITED,INE049B01025
131829,BIRLA CORPORATION LTD,INE340A01012
131878,INDUSTRIAL INV TRUST LTD,INE886A01014
131901,MEDICO REMEDIES LIMITED,INE630Y01024
131988,AEL-7-4-26-CP,INE423A14XB9
132020,SFL-8.45%-6-10-26-PVT,INE916U08012
132084,KISAAN PARIVAR INDUSTRIES LIMI,INE102C01020
132088,SFL-8.45%-6-4-26-PVT,INE916U08038
132096,NORBEN TEA & EXPORTS LTD.,INE369C01017
132106,AEL-17-03-26-CP,INE423A14XF0
132115,KRYSTAL INTEGRATED SERVICES LI,INE0QN801017
132127,SDL AS 7.55% 2032,IN1220220108
132135,RITA FINANCE AND LEASING LIMIT,INE018S01016
132146,APCRDA-10.32%-16-8-28-PVT,INE01E708057
132147,PFL-REPO RATE-27-2-26-PVT,INE511C07789
132164,APCRDA-10.32%-16-8-27-PVT,INE01E708040
132239,KBS INDIA LIMITED,INE883D01023
132262,SUPERHOUSE LIMITED,INE712B01010
132303,BHILWARA TECHNICAL TEXTILES LT,INE274K01012
132309,CARYSIL LIMITED,INE482D01024
132316,669MADH2030,IN2120200075
132329,DYNEMIC PRODUCTS LTD.,INE256H01015
132343,APCRDA-10.32%-16-8-26-PVT,INE01E708032
132365,BHARAT BIJLEE LTD,INE464A01036
132369,Jeena Sikho Lifecare Limited,INE0J5801029
132376,PWFL-8.38%-7-5-26-PVT,INE511C07797
132392,744APSDL36,IN1020230471
132393,SDL AS 7.68% 2032,IN1220220066
132394,SPEEDAGE COMMERCIALS LTD.,INE497M01015
132395,PFL-10.27%-6-5-29-NCD,INE511C07706
132396,LUMAX AUTO TECH LTD,INE872H01027
132397,SDL AS 7.83% 2032,IN1220220058
132398,AEL-26-03-26-CP,INE423A14XX3
132400,AEL-17-2-26-CP,INE423A14XY1
132402,SDL AS 7.82% 2032,IN1220220041
132403,SDL ML 7.20% 2030,IN2420190075
132404,SDL AS 7.85% 2032,IN1220220033
132406,SDL AS 7.53% 2027,IN1220220025
132409,SDL AS 7.86% 2032,IN1220220017
132410,LYKA LABS LTD.,INE933A01014
132413,RAIN INDUSTRIES LIMITED,INE855B01025
132433,CENTRAL BANK OF INDIA,INE483A01010
132444,Latent View Analytics Limited,INE0I7C01011
132447,PRIMA PLASTICS LTD.,INE573B01016
132448,PFL-10.75%-6-5-29-NCD,INE511C07714
132461,TIRUPATI INNOVAR LIMITED,INE812Q01016
132491,Jhandewalas Foods Limited,INE841Y01019
132492,UNISHIRE URBAN INFRA LTD,INE210P01015
132509,NOM 8.25% 2027 SR 01,INE127K08017
132541,726TNSDL35,IN3120250300
132585,NAHAR INDUSTRIAL ENTERPRISES L,INE289A01011
132593,AEL-13-03-26-CP,INE423A14XR5
132601,CYIENT LIMITED,INE136B01020
132621,Styrenix Performance Materials,INE189B01011
132626,SOLAR INDUSTRIES INDIA LTD.,INE343H01029
132648,746TMSDL55,IN3120250367
132662,DDEV PLASTIKS INDUSTRIES LIMIT,INE0HR601026
132670,SDL AS 7.53% 2032,IN1220220090
132680,SDL AS 7.65% 2032,IN1220220082
132688,GEE LTD.,INE064H01021
132690,SDL AS 7.54% 2028,IN1220220074
132692,SUDITI INDUSTRIES LTD.,INE691D01012
132696,Adani Green Energy Limited,INE364U01010
132728,KOKUYO CAMLIN LTD.,INE760A01029
132738,SDL GA 7.64% 2030,IN1420200025
132749,713KARSDL38,IN1920210383
132761,ALLIED BLEND N DISTILS L,INE552Z01027
132780,SDL GA 7.88% 2030,IN1420200017
132798,744KARSDL35,IN1920210359
132813,BIOFIL CHEMICALS & PHARMACEUTI,INE829A01014
132838,716KARSDL36,IN1920210367
132855,745TNSDL55,IN3120250524
132867,SDL GA 6.54% 2030,IN1420200066
132882,732KARSDL34,IN1920210334
132922,Jain Marmo Industries Ltd.,INE780Q01015
132942,SDL GA 6.6% 2030,IN1420200058
132943,73KARSDL32,IN1920210342
132950,RUSHIL DECOR LIMITED,INE573K01025
132982,SDL GA 6.72% 2030,IN1420200033
133001,IML-24-9-27-NCD,INE0BUS08039
133003,SDL AS 7.72% 2033,IN1220220223
133018,Shyam Century Ferrous Limited,INE979R01011
133022,VIJAYA DIAGNOSTIC CEN LTD,INE043W01024
133024,AGRIBIO SPIRITS LIMITED,INE679E01015
133045,GSL SECURITIES LTD.,INE721D01017
133046,TCHE 7.06% 2028,INE092A08089
133071,PFL-7.70%-25-06-30-PVT,INE511C07896
133096,SDL AS 7.71% 2033,IN1220220207
133106,SLONE INFOSYSTEMS LIMITED,INE0SMA01017
133122,IML-12%-24-11-26-NCD,INE0BUS08021
133123,PFL-7.58%-12-9-28-PVT,INE511C07888
133140,KONNDOR INDUSTRIES LIMITED,INE971A01014
133149,PFL-7.60%-28-5-27-PVT,INE511C07870
133164,SDL ML 7.04% 2030,IN2420190067
133182,EPDPL-GSEC-7-12-28-PVT,INE003L07218
133183,SDL ML 7.29% 2029,IN2420190059
133208,RICHA INFO SYSTEMS LTD,INE0J1P01015
133214,EPDL-G SEC-9-12-22-PVT,INE003L07200
133230,IML-12%-24-11-26-NCD,INE0BUS08013
133247,SGFL-9.85%-10-2-28-PVT,INE618R07012
133252,SDL ML 7.2% 2029,IN2420190042
133261,MILESTONE GLOBAL LTD.,INE151H01018
133267,Justo Realfintech Limited,INE0W5Q01017
133301,TCHE 7.81% 2027,INE092A08071
133305,CONSO. FIN. & HOLD. LTD.,INE025A01027
133317,PFL-8.20-5-9-29-PVT,INE511C07821
133318,SDL AS 7.69% 2033,IN1220220181
133319,SIEMENS LTD.,INE003A01024
133321,SDL AS 7.67% 2033,IN1220220173
133322,PFL-8.32%-8-4-26-PVT,INE511C07813
133323,HHPL-65%-RESET RATE-12-3-28-PV,INE0PQT08027
133324,SDL AS 7.57% 2032,IN1220220165
133325,SDL AS 7.62% 2032,IN1220220157
133328,AEL-25-03-26-CP,INE423A14WX5
133329,Affordable Robotic & Automatio,INE692Z01013
133330,SDL TN 7.58% 2056,IN3120250649
133331,HHPL-6%-RESET RATE-10-03-25-PV,INE0PQT08019
133334,IHPL-8-1-27-CP,INE02FN14739
133339,SDL AS 7.67% 2032,IN1220220140
133353,RBZ Jewellers Limited,INE0PEQ01016
133358,PFL-7.65%-19-6-28-PVT,INE511C07862
133362,JUPITER WAGONS LIMITED,INE209L01016
133363,GS22OCT43,IN001043C032
133364,3B BlackBio Dx Limited,INE994E01018
133387,SDL AS 7.82% 2032,IN1220220132
133391,PFL-7.65%-21-04-27-PVT,INE511C07854
133394,IHPL-23-3-26-CP,INE02FN14721
133399,SDL AS 7.84% 2032,IN1220220124
133414,PFL-7.70%-21-04-28-PVT,INE511C07847
133415,SDL AS 7.85% 2032,IN1220220116
133416,IHPL-24-4-26-CP,INE02FN14747
133426,EMBASSY DEVELOPMENTS LIMITED,INE069I01010
133432,PFL-8.03%-07-11-29-PVT,INE511C07839
133435,S. M. Gold Limited,INE00Q901014
133452,IndiGrid Infrastructure Trust,INE219X23014
133458,INCAP LTD.,INE437C01012
133487,744TNSD55A,IN3120250433
133499,IHPL-13-3-26-CP,INE02FN14713
133533,IGHPL-5-3-26-CP,INE02FN14705
133587,SDL TN 7.31% 2033,IN3120250631
133612,SDL TN 7.21% 2032,IN3120250623
133613,SDL CG 7.75% 2031,IN3520220010
133644,SDL AS 7.67% 2033,IN1220220199
133645,SDL TN 7.50% 2036,IN3120250615
133646,SDL TN 7.58% 2056,IN3120250607
133665,GP PETROLEUMS LTD,INE586G01017
133669,SDL BR 7.11% 2033,IN1320240097
133678,SDL SK 7.23% 2035,IN3020250020
133703,APTECH LIMITED,INE266F01018
133708,SDL SK 7.41% 2035,IN3020250012
133712,731KARSDL35,IN1920210268
133728,SDL BR 7.11% 2033,IN1320240071
133739,722KASDL35,IN1920210235
133746,SDL BR 7.14% 2033,IN1320240089
133759,SDL SK 7.21% 2035,IN3020250038
133766,ANTONY WASTE HDG CELL LTD,INE01BK01022
133771,758TNSDL56,IN3120250649
133779,RAJVIR INDUSTRIES LIMITED,INE011H01014
133784,DYNAMATIC TECHNOLOGIES LTD.,INE221B01012
133801,HINDUSTAN APPLIANCES LTD.,INE02XD01011
133813,PUNJAB CHEM & CROP PROT L,INE277B01014
133815,HYPERSOFT TECHNOLOGIES LIMITED,INE039D01014
133818,718KASDL33,IN1920210227
133891,J & K BANK LTD.,INE168A01041
133912,712KARSDL34,IN1920210201
133921,SDL BR 7.26% 2033,IN1320240014
133927,AMS POLYMERS LIMITED,INE345U01019
133945,SDL BR 7.24% 2033,IN1320240022
133951,Reliance Home Finance Limited,INE217K01011
133974,VIKAS PROPPANT & GRANITE LTD.,INE767B01022
133984,SDL BR 7.11% 2033,IN1320240055
133993,733KASDL40,IN1920210292
134022,Shankara Buildpro Limited,INE24OJ01011
134027,SAMBHAAV MEDIA LTD,INE699B01027
134041,SDL BR 7.12% 2033,IN1320240063
134054,Go Fashion (India) Limited,INE0BJS01011
134072,SDL BR 7.25% 2033,IN1320240030
134078,735KASDL36,IN1920210276
134088,733KASDL37,IN1920210284
134098,SDL BR 7.21% 2033,IN1320240048
134109,CANTABIL RETAIL INDIA LTD.,INE068L01024
134117,SICCL 7.30% 2028 SR 114,INE535H07CQ1
134124,BOM-9.20%-27-09-26-PVT,INE457A08035
134137,MANAV INFRA PROJECTS LTD,INE104Y01012
134145,VARROC ENGINEERING LTD.,INE665L01035
134150,SICC 7.80% 2029 SR 111,INE535H07CN8
134158,SICC PPR 7.30%  SR 113,INE535H07CP3
134159,SICCL 7.9742% 2030 112,INE535H07CO6
134172,HCL INFOSYSTEMS LTD,INE236A01020
134173,SKY INDUSTRIES LTD.,INE765B01018
134181,B. P. CAPITAL LTD,INE947C01010
134205,ELEGANT FLORICULTURE & AGROTEC,INE152E01013
134217,SICCL 7.45% 2030 SR 115,INE535H07CR9
134231,Inflame Appliances Limited,INE464Z01017
134232,SICCL MARKET LKD 2028,INE535H07CS7
134247,NETWORK18 MEDIA & INV LTD,INE870H01013
134254,SICCL 8.277% 2027 SR 107,INE535H07CH0
134259,DELTA MANUFACTURING LIMITED,INE393A01011
134284,737KASDL38,IN1920210300
134286,SICCL 8.3040% 2029 SR108,INE535H07CI8
134317,SMFG 8.3044% 2029 SR 105,INE535H07CF4
134329,SAGARDEEP ALLOYS LIMITED,INE976T01013
134344,Prakash Woollen & Synthetic Mi,INE523I01016
134353,SICC 8.15% 2026,INE535H07CM0
134356,BOM-8%-23-3-31-PVT,INE457A08084
134362,BOM-8%-11-2-311-TIERII-PVT,INE457A08076
134365,SICC 8.15% 2027,INE535H07CL2
134392,BOM-7.75%-13-12-30-PVT,INE457A08068
134395,75TNSDL37,IN3120250599
134398,Encash Entertainment Limited,INE552Q01018
134417,TARC LIMITED,INE0EK901012
134422,WONDER ELECTRICALS LIMITED,INE02WG01024
134423,MEDPLUS HEALTH SERV LTD,INE804L01022
134425,Vedant Fashions Limited,INE825V01034
134428,SICCL 8.30% 2027 SR 109,INE535H07CJ6
134436,KIRLOSKAR ELECTRIC CO LTD,INE134B01017
134437,BOM-7.86%-21-10-31-PVT,INE457A08092
134447,SICCL 8.28% 2026 SR 109,INE535H07CK4
134475,AEL-6-3-26-CP,INE423A14YI2
134485,TPI INDIA LTD.,INE578C01021
134512,688KARSDL32,IN1920210144
134553,AEL-29-1-26-CP,INE423A14YL6
134576,NEEPCO-8.68%-30-9-30-PVT,INE636F07209
134578,AEL-24-3-26-CP,INE423A14YE1
134603,687KARSDL31,IN1920210102
134608,AEL-25-02-26-CP,INE423A14YF8
134736,HIGH ENERGY BATTERIES (INDIA),INE783E01023
134748,GS06NOV61,IN001161C016
134773,M.V.K. AGRO FOOD PROD LTD,INE0SGC01015
134787,AIL-26-2-26-CP,INE769A14AB3
134800,AIMCO PESTICIDES LTD.,INE008B01013
134810,702KARSDL33,IN1920210185
134822,AIL-12-2-26-CP,INE769A14AA5
134879,TILAKNAGAR INDUSTRIES LTD.,INE133E01013
134892,YASHO INDUSTRIES LIMITED,INE616Z01012
134908,SARDA PROTEINS LTD.,INE995U01011
134909,SAMBHV STEEL TUBES LTD,INE12NJ01018
134916,AIL-30-3-26-CP,INE769A14AC1
134936,689KARSDL33,IN1920210169
134943,786MAHSDL30,IN2220220080
134945,PSLPL-ZC-27-3-29-PVT,INE0POA08014
134948,KISAN MOULDINGS LTD.,INE017C01012
134968,BOM-7.99%-14-12-33-PVT,INE457A08159
134973,ART NIRMAN LIMITED,INE738V01013
134981,789MAHSDL32,IN2220220098
135009,BOM-7.98%-18-9-33-PVT,INE457A08142
135015,Bluspring Enterprises Limited,INE0U4101014
135017,EPL LIMITED,INE255A01020
135020,77MAHSDL32,IN2220220064
135038,BOM-7.70%-18-2-35-PVT,INE457A08183
135049,BOM-7.8%-5-8-34-PVT,INE457A08175
135065,772MAHSDL34,IN2220220072
135082,BOM-7.89%-4-7-34-PVT,INE457A08167
135095,BOM-8.74%-PERP-PVT,INE457A08118
135106,WINSOME YARNS LTD.,INE784B01035
135110,AEL-25-8-26-CP,INE423A14YV5
135111,AURIONPRO SOLUTIONS LTD.,INE132H01018
135112,BOM-8.75%-PERPETUAL-PVT,INE457A08100
135117,TINNA RUBBER AND INFRASTRUCTUR,INE015C01016
135135,MFIC-9.5%-12-5-26-PTC,INE1PKA15015
135140,BOM-8.74%-PERPETUAL-PVT,INE457A08134
135143,PRITI INTERNATIONAL LTD,INE974Z01015
135169,BOM-8.00%-7-12-32-PVT,INE457A08126
135186,AEL-1-6-26-CP,INE423A14YQ5
135193,CONNPLEX CINEMAS LIMITED,INE0EAS01014
135226,NEEPCO-7.55%-10-6-28-PVT,INE636F07266
135238,PODDAR PIGMENTS LIMITED,INE371C01013
135267,763MAHSDL30,IN2220220049
135275,AEL-11-2-26-CP,INE423A14YM4
135296,AEL-11-11-26-CP,INE423A14YN2
135318,718MAHSDL30,IN2220220023
135324,AEL-30-1-26-CP,INE423A14YO0
135357,AEL-27-11-26-CP,INE423A14YP7
135377,SOVEREIGN GOLD BOND 2019 SERIE,IN0020180033
135399,VCCL 12% 2027,INE04HY07211
135420,VCCL12% 2029,INE04HY07203
135482,LAFFANS PETROCHEMICALS LTD.,INE919B01011
135498,BRIGADE ENTERPRISES LTD.,INE791I01019
135507,PRISM MEDICO AND PHARMACY LTD.,INE730E01016
135562,WELSPUN CORP LIMITED,INE191B01025
135570,BHAVIK ENTERPRISES LIMITED,INE18PB01017
135582,SHREE TIRUPATI BALAJEE AGRO TR,INE0S2G01011
135604,GS19SEP2061,IN000961C010
135613,SDL JK 7.2% 2029,IN1820190131
135646,MAF-9-3-26-CP,INE0JRU14347
135652,SDL GA 6.84% 2031,IN1420200306
135660,BSE LIMITED,INE118H01025
135661,SDL TN 6.55% 2029,IN3120250391
135671,SDL JK 7.28% 2030,IN1820190149
135681,Wardwizard Foods and Beverages,INE761D01021
135683,MAFSIPL-16-03-26-CP,INE0JRU14354
135701,SDL JK 7.30% 2029,IN1820190115
135712,GRM OVERSEAS LIMITED,INE192H01020
135715,MAFSPL-25-2-26-CP,INE0JRU14362
135728,SDL TN 7.01% 2032,IN3120250375
135735,SDL JK 7.19% 2029,IN1820190123
135758,IFL ENTERPRISES LIMITED,INE714U01024
135775,GOI LOAN  6.33% 2035,IN0020250026
135785,MAFSPL-29-1-26-CP,INE0JRU14305
135802,TVS Supply Chain Solutions Lim,INE395N01027
135804,GOLDEN TOBACCO LTD.,INE973A01010
135806,GOI LOAN  5.91% 2028,IN0020250034
135812,MAFS-27-2-26-CP,INE0JRU14313
135819,TOKYO FINANCE LTD.,INE546D01018
135824,SDL JK 7.1% 2030,IN1820190156
135859,SDL JK 7.07% 2030,IN1820190164
135874,GOI LOAN  6.90% 2065,IN0020250018
135881,MAFS-11-2-26-CP,INE0JRU14339
135903,SDL JK 7.95% 2030,IN1820190172
135908,SDL TN 6.58% 2029,IN3120250326
135910,CURA TECHNOLOGIES LTD.,INE117B01020
135911,WORLDWIDE ALUMINIUM LIMITED,INE550D01010
135916,RO Jewels Limited,INE0BDU01028
135917,SDL TN 7.44% 2055,IN3120250318
135918,Mishtann Foods Limited,INE094S01041
135919,ENGDPL-17%-31-12-29-PVT,INE0NM707036
135928,SDL TN 7.26% 2035,IN3120250300
135941,T T LIMITED,INE592B01024
135945,CYIENT LIMITED,INE136B01020
135960,TREE HOUSE EDUCATION & ACCESSO,INE040M01013
135969,SDL TN 7.46% 2055,IN3120250367
135981,Fredun Pharmaceuticals Limited,INE194R01017
135987,SDL TN 7.14% 2035,IN3120250359
136002,XCHANGING SOLUTIONS LTD.,INE692G01013
136004,SDL TN 7.14% 2035,IN3120250342
136017,STELLAR-9.85%-19-9-27-PTC,INE10HU15011
136019,EFL-9.85%-6-8-28-NCD,INE804I079Y6
136023,VCCL 11.6% 2026 SR A,INE04HY07195
136034,JAIN IRRIGATION SYSTEMS LTD.,IN9175A01010
136036,SDL TN 6.99% 2032,IN3120250334
136038,ADANI GREEN ENERGY LTD,INE364U01010
136040,REFEX INDUSTRIES LIMITED,INE056I01025
136047,VCCL 11.80% 2026 SR B,INE04HY07187
136048,JESNPL-9.45%-28-1-28-PVT,INE1EY607018
136054,VCCL 12% 2027 SR C,INE04HY07179
136058,RAJDARSHAN INDUSTRIES LTD,INE610C01014
136064,SBI Mutual Fund,INF200KA10B5
136067,J.KUMAR INFRAPROJECTS LTD.,INE576I01022
136076,VCCL 12% 2027 SR A,INE04HY07161
136081,SBI Mutual Fund,INF200KA10A7
136083,SBI Mutual Fund,INF200KA10E9
136088,BROOKS LAB LIMITED,INE650L01011
136089,VCCL 12% 2029 SR B,INE04HY07153
136091,BIHAR SPONGE IRON LTD.,INE819C01011
136093,PARAS PETROFILS LTD.,INE162C01024
136094,GSEC190962,IN000962P010
136095,VEDIKA CREDIT 11.9% 2026,INE04HY07146
136096,NAGPUR POWER & INDUSTRIES LTD.,INE099E01016
136097,GS06MAY44,IN000544C014
136098,BHARAT TEXTILES & PROOFING IND,INE201N01019
136099,771APSDL33,IN1020230034
136100,VCCL 11.90% 2026,INE04HY07120
136101,WARDWIZARD HEALTHCARE LIMITED,INE048E01013
136104,747APSDL37,IN1020230067
136177,AFCONS INFRASTRUCTURE LTD,INE101I01011
136181,SRIVASAVI ADHESIVE TAPE L,INE0NPI01014
136193,FDC LIMITED,INE258B01022
136208,NPR FINANCE LTD.,INE446D01011
136292,HATSUN AGRO PRODUCT LTD.,INE473B01035
136296,SDL TN 7.15% 2032,IN3120250284
136327,PAPL 8.95% 2027 SR I,INE163K07139
136338,SDL TN 7.05% 2031,IN3120250276
136367,PAPL 8.95% 2028 SR IV,INE163K07162
136406,SDL TN 7.31% 2034,IN3120250250
136417,GS06NOV36C,IN001136C018
136419,PAPL 8.95% 2028 SR III,INE163K07154
136429,694TNSDL55,IN3120250094
136441,PAPL 8.95% 2028 II,INE163K07147
136442,LLOYDS LUXURIES LIMITED,INE0DTQ01028
136501,GS12DEC43,IN001243C061
136553,AXIS BANK LIMITED,INE238A01034
136580,SDL TN 7.19% 2033,IN3120250292
136607,SDL TN 7.09% 2035,IN3120250201
136616,VETO SWITCHGEAR CABLE LTD,INE918N01018
136625,SIMRAN FARMS LTD.,INE354D01017
136655,SDL TN 6.27% 2027,IN3120250243
136663,PVV Infra Limited,INE428B01021
136668,KOHINOOR FOODS LTD.,INE080B01012
136676,GS06MAY69,IN000569C011
136677,EQUILATERAL ENTERPRISES LIMITE,INE060N01019
136685,DOLPHIN OFF ENT (IND) L,INE920A01037
136686,AVANCE TECHNOLOGIES LTD.,INE758A01072
136688,SDL TN 7.0% 2031,IN3120250235
136697,640TNSDL32,IN3120250078
136699,SURAJ ESTATE DEVELOPERS L,INE843S01025
136721,SDL TN 6.84% 2029,IN3120250227
136747,SDL TN 7.44% 2055,IN3120250219
136749,Raghuvansh Agrofarms Limited,INE865P01016
136767,IFL-10.5%-7-2-29-NCD,INE866I08295
136768,IFL-10%-7-2-29-NCD,INE866I08279
136775,THE RUBY MILLS LTD,INE301D01026
136778,ROX HI TECH LIMITED,INE0PDJ01013
136788,DHARAN INFRA-EPC LIMITED,INE278R01034
136791,EP BIOCOMPOSITES LIMITED,INE0D2I01014
136800,WINSOME YARNS LIMITED,INE784B01035
136804,RENOL POLYCHEM LIMITED,INE0VZX01015
136812,ULTRATECH CEMENT LTD.,INE481G01011
136813,SAMAY PROJECT SERVICES L,INE124101010
136864,SBI Mutual Fund,INF200KA11M0
136871,SDL GA 6.89% 2030,IN1420200140
136901,SDL GA 6.74% 2030,IN1420200132
136920,NARMADA GELATINES LTD.,INE869A01010
136952,SDL GA 6.6% 2030,IN1420200124
136962,BOSCH LTD.,INE323A01026
137004,SDL GA 6.68% 2030,IN1420200116
137017,SDL GA 6.57% 2030,IN1420200181
137030,SATCHMO HOLDINGS LIMITED,INE639K01016
137035,IRB INFRASTRUCTURE DEVELOPERS,INE821I01022
137036,MRPL-7.48%-14-4-32-PVT,INE103A08050
137041,MRPL-7.75%-29-01-30-PVT,INE103A08035
137043,KFL-12.75%-25-11-27-PVT,INE104W07203
137051,ARCHIDPLY IND. LTD,INE877I01016
137053,SDL GA 6.55% 2030,IN1420200173
137062,SOVEREIGN GOLD BOND 2019 SERIE,IN0020180249
137065,ALL E TECHNOLOGIES LTD,INE0M2X01012
137079,SDL GA 6.42% 2030,IN1420200165
137096,MRPC-7.40%-12-04-2030-PVT,INE103A08019
137099,T.SPIRITUAL WORLD LTD.,INE541C01037
137108,SDL GA 6.9% 2030,IN1420200157
137124,GRAND FOUNDRY LTD.,INE534A01028
137241,KAJARIA CERAMICS LTD.,INE217B01036
137245,DIAMINES & CHEMICALS LTD,INE591D01014
137260,INDEGENE LIMITED,INE065X01017
137268,SDL GA 6.5% 2030,IN1420200108
137283,Gujarat Hy-Spin Limited,INE578V01013
137293,TASTY BITE EATABLES LTD,INE488B01017
137298,ITALIAN EDIBLES LIMITED,INE0R7R01018
137314,GS15APR28C,IN000428C044
137417,JUPPL-17-2-26-CP,INE936D14394
137418,SDL TN 7.42% 2035,IN3120250565
137419,Nazara Technologies Limited,INE418L01047
137420,KDFL-13%-31-1-27-PVT,INE104W07195
137421,SDL TN 6.86% 2029,IN3120250557
137422,HEALTHCARE GLOB. ENT. LTD,INE075I01017
137424,SBI Mutual Fund,INF200KA12A3
137428,SDL TN 7.47% 2036,IN3120250540
137435,COLINZ LABORATORIES LTD.,INE923C01011
137436,709TNSDL55,IN3120250144
137437,SDL TN 7.34% 2034,IN3120250532
137438,LOKESH MACHINES LTD,INE397H01017
137460,SDL TN 7.5% 2037,IN3120250599
137469,SDL TN 7.22% 2032,IN3120250581
137496,SDL TN 6.92% 2030,IN3120250573
137512,707TNSDL55,IN3120250177
137521,BARAK VALLEY CEMENTS LTD.,INE139I01011
137536,SOVEREIGN GOLD BOND 2019 SERIE,IN0020180314
137538,SDL GA 6.5% 2030,IN1420200090
137546,CHL-8.35%-24-3-28-PVT,INE427F07021
137555,SDL GA 6.41% 2030,IN1420200082
137556,DIGJAM LTD,INE731U01028
137557,GEM AROMATICS LIMITED,INE06XZ01023
137558,SUN PHARMACEUTICAL IND L,INE044A01036
137559,SDL GA 6.58% 2030,IN1420200074
137560,VCCL28A 11.5% 2028,INE04HY07385
137561,THE ANUP ENGINEERING LTD,INE294Z01018
137563,SDL TN 7.45% 2055,IN3120250524
137564,VCCL 11.5% 2028 SR C,INE04HY07377
137568,SBI Mutual Fund,INF200KA12B1
137573,SDL TN 7.23% 2035,IN3120250508
137574,VCCL 11% 2027 SR A,INE04HY07369
137576,V.L.INFRAPROJECTS LIMITED,INE0QXL01015
137580,SBI Mutual Fund,INF200KA12E5
137583,ITC HOTELS LIMITED,INE379A01028
137588,VCCL 11.25% 2027 SR B,INE04HY07351
137599,VCCL 12% 2028,INE04HY07344
137600,GS22AUG31C,IN000831C023
137603,SBI Mutual Fund,INF200KA12C9
137612,SHUKRA JEWELLERS LTD.,INE344E01016
137615,VENUS PIPES & TUBES LTD,INE0JA001018
137617,VCCL 11.8% 2027 SR B,INE04HY07336
137620,SDL GA 6.85% 2031,IN1420200264
137624,SDL HP 7.18% 2032,IN1720190108
137642,NOVA IRON & STEEL LTD.,INE608C01026
137646,VCCL 11.6% 2027 SR A,INE04HY07328
137658,SDL GA 6.62% 2031,IN1420200256
137659,Arrowhead Seperation Engineeri,INE0PP401015
137669,DUROPLY INDUSTRIES LIMITED,INE932D01010
137677,SBI Mutual Fund,INF200KA10M2
137687,VCCL 11.6% 2027 SR A,INE04HY07310
137694,AGRO PHOS INDIA LIMITED,INE740V01019
137703,VCCL 11.8% 2027 SR B,INE04HY07302
137707,SDL GA 6.58% 2031,IN1420200231
137711,SOVEREIGN GOLD BOND 2019 SERIE,IN0020180389
137756,PARAMOUNT DYE TEC LIMITED,INE0TG801013
137763,SDL GA 6.85% 2031,IN1420200298
137776,MAFSPL-11-3-26-CP,INE0JRU14271
137778,SDL GA 7.16% 2031,IN1420200280
137779,ANDHRA PETROCHEMICALS LTD.,INE714B01016
137791,SDL GA 7.2% 2031,IN1420200272
137801,MAFSPL-12-6-26-CP,INE0JRU14297
137839,HINDUSTAN ADHESIVES LTD.,INE074C01013
137858,SDL HP 7.3% 2030,IN1720190181
137871,GOI LOAN  7.43% 2076,IN0020250117
137900,ADANI ENTERPRISES LTD.,INE423A01024
137909,Purple Finance Limited,INE0CYK01015
137910,SDL HP 6.95% 2029,IN1720190173
137912,GAEKWAR MILLS LTD.,INE837X01027
137913,CAPITAL INFRA TRUST,INE0Z8Z23013
137971,SDL TN 7.16% 2032,IN3120250490
138017,SDL HP 6.29% 2026,IN1720190157
138062,SDL HP 6.95% 2034,IN1720190140
138105,SDL HP 6.95% 2033,IN1720190132
138107,SDL GA 6.58% 2030,IN1420200215
138149,SDL GA 6.54% 2030,IN1420200207
138152,SDL HP 7.11% 2030,IN1720190124
138178,OMAXE LIMITED,INE800H01010
138189,SDL HP 7.11% 2028,IN1720190116
138205,SDL TN 7.09% 2032,IN3120250441
138208,GOI LOAN  6.01% 2030,IN0020250067
138214,POCL ENTERPRISES LTD,INE035S01028
138215,PFIZER LTD.,INE182A01018
138216,CANARYS AUTOMATIONS LTD,INE0QG301017
138217,GOI LOAN  7.24% 2055,IN0020250075
138218,SDL TN 7.44% 2055,IN3120250433
138228,GOI LOAN  6.68% 2040,IN0020250042
138237,SDL TN 7.14% 2034,IN3120250425
138251,GOI LOAN  6.28% 2032,IN0020250059
138258,SDL TN 7.2% 2036,IN3120250417
138266,731TNSDL34,IN3120250250
138267,SDL TN 7.16% 2035,IN3120250409
138271,SDL TN 6.77% 2029,IN3120250482
138292,EFL-9.43%-6-8-28-NCD,INE804I078Y8
138293,SBI Mutual Fund,INF200KA10W1
138294,MODERN ENGINEERING AND PROJECT,INE250S01015
138299,SDL TN 7.52% 2055,IN3120250474
138303,UNITECH LTD,INE694A01020
138309,U.P.HOTELS LTD.,INE726E01014
138315,WOODSVILLA LTD.,INE374J01020
138332,SBI Mutual Fund,INF200KA10V3
138346,KNOWLEDGE REALTY TRUST,INE1JAR25012
138351,SDL HP 7.2% 2035,IN1720190090
138355,SDL TN 7.2% 2035,IN3120250466
138382,SDL HP 7.17% 2030,IN1720190082
138398,SDL TN 7.18% 2033,IN3120250458
138402,SBI Mutual Fund,INF200KA10X9
138415,GOI LOAN  6.48% 2035,IN0020250091
138417,SBI Mutual Fund,INF200KA11E7
138421,VCCL 10.25% 2028,INE04HY07294
138422,Orient Electric Limited,INE142Z01019
138424,HOAC FOODS INDIA LIMITED,INE0S6S01017
138427,VETO SWITCHGEARS AND CABLES LI,INE918N01018
138429,VCCL 11.5% 2027 SR II,INE04HY07286
138430,VCCL 12% 2029 SR I,INE04HY07278
138433,KFL-11.55%-05-12-26-PVT,INE104W07211
138436,KFL-11.55%-28-11-27-PVT,INE104W07229
138437,SDL GA 6.55% 2030,IN1420200199
138438,VCCL 11.6% 2026 SR A,INE04HY07260
138460,VCCL 12% 2027 SR C,INE04HY07252
138476,VCCL 11.8% 2027 SR B,INE04HY07245
138481,GANGA PAPERS INDIA LTD.,INE278O01015
138487,WORTH INVESTMENT & TRADING CO,INE114O01020
138488,Aditya Infotech Limited,INE819V01029
138490,THIRUMALAI CHEMICALS LTD.,INE338A01024
138491,SBI Mutual Fund,INF200KA11B3
138492,744TNSDL55,IN3120250219
138499,Milestone Furniture Limited,INE424Z01011
138501,VCCL 12% 2029,INE04HY07229
138507,SBI Mutual Fund,INF200KA11A5
138508,SDL WB 7.15% 2040,IN3420240183
138515,ROSSELL INDIA LIMITED,INE847C01020
138526,769KARSDL33,IN1920230092
138528,SDL WB 7.17% 2042,IN3420240175
138578,ESSAR SHIPPING LTD,INE122M01019
138579,CRANES SOFTWARE INTERNATIONAL,INE234B01023
138580,SDL WB 7.16% 2042,IN3420240191
138581,MTAR TECHNOLOGIES LIMITED,INE864I01014
138587,SFL-10.85%-7-7-27-PVT,INE03K307090
138605,AION-TECH SOLUTIONS LIMITED,INE805A01014
138608,HIKAL LIMITED,INE475B01022
138612,SFL-10.95%-30-6-27-PVT,INE03K307082
138620,KIDFL-7.5168%-28-8-31-PVT,INE905Y07159
138630,SFL-10.95%-29-9-27-PVT,INE03K307074
138638,770KARSDL33,IN1920230068
138647,ETHOS LIMITED,INE04TZ01018
138654,CORONA REMEDIES LIMITED,INE02ZQ01018
138668,SFL-10.95%-10-3-27-PVT,INE03K307066
138683,SFL-10.80%-20-9-26-PVT,INE03K307058
138703,KIF-8.1006%-28-5-31-PVT,INE905Y07134
138719,SFL-10.8%-30-8-26-PVT,INE03K307041
138724,KIDFL-8.0232%-24-1-30-PVT,INE905Y07142
138728,JYOTI STRUCTURES LTD.,INE197A01024
138731,KIDF-8.2030%-21-11-30-PVT,INE905Y07118
138734,SFL-10.85%-28-6-26-PVT,INE03K307033
138745,GOI LOAN 7.95% 2032,IN0020020106
138747,TVS ELECTRONICS LTD.,INE236G01019
138748,KIF-8.1004%-28-5-30-PVT,INE905Y07126
138750,PARAMOUNT SPECIALI FORG L,INE0Q6001012
138754,761CG2030,IN0020160019
138760,AVRO INDIA LIMITED,INE652Z01017
138765,PRADHIN LIMITED,INE656B01027
138791,697GOI2026,IN0020160035
138819,KIDFL-8.07%-26-10-28-PVT,INE905Y07100
138823,SDL BR 7.72% 2033,IN1320220206
138825,SHRINGAR HOU OF MANGALS L,INE1B3L01017
138832,Khadim India Limited,INE834I01025
138850,GS22APR49E,IN000449C024
138857,REFEX INDUSTRIES LTD.,INE056I01025
138861,SDL BR 7.73% 2033,IN1320220222
138872,GS19SEP2036,IN000936C038
138875,MONEYBOXX FINANCE LIMITED,INE296Q01012
138876,SDL BR 7.71% 2033,IN1320220214
138879,CORAL LABORATORIES LTD.,INE683E01017
138883,SUZLON ENERGY LTD.,INE040H01021
138898,662GOI2051,IN0020160092
138913,FELIX INDUSTRIES LTD.,INE901X01013
138932,649MAHSDL31,IN2220200132
138950,FFSPL-ZC-26-9-29-PVT,INE712W08029
138954,SIBAR AUTO PARTS LTD.,INE441C01014
138957,706GOI2046,IN0020160068
138959,667MAHSDL31,IN2220200157
138964,FFSPL-ZC-24-3-27-PVT,INE712W08037
138998,GS02JAN29C,IN000129C014
139005,SDL WB 7.32% 2038,IN3420240225
139006,GMR Airports Limited,INE776C01039
139019,GS19MAR2044,IN000344C035
139037,SDL BR 7.68% 2033,IN1320220198
139038,SHYAMKAMAL INVESTMENTS LTD.,INE203N01015
139040,SDL WB 7.13% 2044,IN3420240217
139041,SDL WB 7.13% 2042,IN3420240209
139067,EDUCOMP SOLUTIONS LTD,INE216H01027
139074,SDL WB 7.29% 2038,IN3420240241
139075,SHUBHSHREE BIOFUELS ENE L,INE0UL701015
139076,IHFCL-8%-24-5-30-PVT,INE071G07330
139090,TCH-8.01%-14-1-28-NCD,INE033L07GR8
139092,SDL WB 7.3% 2039,IN3420240233
139097,TCHF-8.1%-14-1-28-NCD,INE033L07GS6
139101,SDL WB 7.18% 2045,IN3420240266
139105,GS06MAY46,IN000546C019
139114,DCM SHRIRAM IND LTD,INE843D01027
139121,TCHF-8.3%-14-1-28-NCD,INE033L07GT4
139126,SDL WB 7.28% 2039,IN3420240258
139152,SDL WB 7.18% 2047,IN3420240282
139158,TCHF-8.4%-14-1-28-NCD,INE033L07GU2
139177,SDL WB 7.18% 2046,IN3420240274
139191,SDL BR 7.68% 2032,IN1320220123
139197,SDL WB 7.35% 2043,IN3420240068
139210,KIDFL-8.30%-19-05-28-PVT,INE905Y07076
139215,SDL WB 7.35% 2040,IN3420240050
139216,KIDFL-8.29%-20-7-28-PVT,INE905Y07084
139217,SDL BR 7.83% 2032,IN1320220115
139231,DMIFPL-24-7-26-PVT,INE604O07183
139242,SDL WB 7.23% 2049,IN3420240084
139243,SDL BR 7.55% 2032,IN1320220149
139244,KIDF-7.97%-17-12-27-PVT,INE905Y07050
139265,SDL WB 7.24% 2042,IN3420240076
139270,MLDL-13-3-26-CP,INE813A14409
139274,SDL BR 7.7% 2032,IN1320220131
139284,GENESYS INTL CORPN LTD,INE727B01026
139295,KIDF-17-2-28-PVT,INE905Y07068
139302,SDL BR 7.64% 2032,IN1320220164
139315,ASUTOSH ENTERPRISES LTD.,INE508W01018
139316,SDL WB 7.25% 2045,IN3420240092
139317,SDL BR 7.58% 2032,IN1320220156
139319,RUPA & COMPANY LTD.,INE895B01021
139320,Prince Pipes and Fittings Limi,INE689W01016
139342,Creative Castings Limited,INE146E01015
139355,SDL BR 7.72% 2033,IN1320220180
139381,BIRET-7.06%-20-12-30-REIT,INE0FDU07018
139384,SDL BR 7.66% 2033,IN1320220172
139412,SPA Capital Services Limited,INE726X01014
139435,Salem Erode Investments Ltd.,INE894E01028
139437,TIMKEN INDIA LTD.,INE325A01013
139447,LAGNAM SPINTEX LIMITED,INE548Z01017
139452,GOI LOAN 6.01% 2028,IN0020020247
139454,Trejhara Solutions Limited,INE00CA01015
139463,657GOI2033,IN0020160100
139464,Astron Multigrain Limited,INE0RUY01012
139465,SHILPA MEDICARE LTD.,INE790G01031
139468,SVAM SOFTWARE LTD.,INE119B01018
139469,GS12DEC2041,IN001241C032
139470,SDL BR 7.85% 2032,IN1320220107
139480,PINE LABS LIMITED,INE15B701018
139506,679GOI2029,IN0020160118
139511,GIL 8.15% 2029 SR 02,INE233A08147
139513,705MAHSDL32,IN2220200231
139517,GIL 8.10% 2028 SR 01,INE233A08154
139528,GIL 8.36% 2026 SR I,INE233A08121
139534,GIL 8.42% 2027 SR 01,INE233A08139
139547,MLDL-6-3-26-CP,INE813A14391
139552,SAHASRA ELECTRONIC SOLU L,INE0RBQ01018
139557,DELTA AUTOCORP LIMITED,INE0XRN01019
139561,GIL 8.40% 2027 SR II,INE233A08113
139562,Hindware Home Innovation Limit,INE05AN01011
139575,MLDL-10-2-26-CP,INE813A14383
139592,Evoq Remedies Limited,INE0JVD01011
139607,MINDTECK (INDIA) LTD.,INE110B01017
139612,PADAM COTTON YARNS LTD.,INE448D01025
139621,SDL WB 7.15% 2044,IN3420240100
139628,SDL BR 7.85% 2032,IN1320220081
139640,LDL-TBILLS-13-11-28-PVT,INE670K07349
139655,SDL BR 7.69% 2032,IN1320220073
139692,ISHAN DYES N CHEMICALS L,INE561M01018
139696,SDL WB 7.15% 2044,IN3420240126
139710,SDL BR 7.73% 2032,IN1320220099
139718,SDL WB 7.15% 2045,IN3420240118
139723,LDL-8.10%-29-09-30-PVT,INE670K07331
139730,GIL 7.89% 2030 SR 1,INE233A08188
139731,SDL WB 7.18% 2041,IN3420240142
139760,BORANA WEAVES LIMITED,INE16SF01016
139763,LDL-Reset Rate-21-01-28-PVT,INE670K07307
139765,GIL 7.89% 2031,INE233A08196
139769,SDL WB 7.18% 2039,IN3420240134
139791,INFINIUM PHARMACHEM LTD,INE0MRE01011
139795,KIDFL-8.05%-29-8-28-PVT,INE905Y07092
139800,MAHALAXMI FABRIC MILLS LT,INE0US801024
139802,SDL WB 7.16% 2039,IN3420240167
139803,GS06MAY67,IN000567C015
139806,GIL 7.59% 2030 SR 2,INE233A08162
139819,CreditAccess Grameen Ltd.,INE741K01010
139833,INTEGRATED PROTEINS LTD.,INE177M01013
139834,71MAHSDL32,IN2220200207
139847,SDL WB 7.13% 2040,IN3420240159
139848,GIL 7.54% 2029 SR 1,INE233A08170
139860,AUTOMOTIVE AXLES LTD.,INE449A01011
139878,BHANDARI HOSIERY EXP LTD,INE474E01029
139888,GUJARAT AMBUJA EXPORTS LT,INE036B01030
139930,Xelpmoc Design and Tech Limite,INE01P501012
139939,Sasken Technologies Limited,INE231F01020
139942,NDL VENTURES LIMITED,INE353A01023
139943,WINRO COMMERCIAL (INDIA) LTD.,INE837E01019
140090,SDL TN 6.82% 2035,IN3120250169
140095,KIRLOSKAR FERROUS INDUSTRIES L,INE884B01025
140099,SEIL-24-3-26-CP,INE460M14800
140112,SDL TN 6.80% 2035,IN3120250151
140131,SDL TN 7.09% 2055,IN3120250144
140150,MLDL-3-2-26-CP,INE813A14375
140159,VIJAYPD CEUTICAL LIMITED,INE0WL901019
140161,SDL TN 6.82% 2036,IN3120250136
140162,TRANSPORT CORPN OF INDIA,INE688A01022
140165,MAHINDRA & MAHINDRA FINANCIAL,INE774D01024
140196,SDL TN 6.27% 2029,IN3120250193
140213,750APSDL45,IN1020250321
140214,LIKHAMI CONSULTING LIMITED,INE920T01011
140215,YASH OPTICS & LENS LTD,INE0TO601017
140216,GODAWARI POW & ISP LTD,INE177H01039
140219,SDL TN 6.14% 2028,IN3120250185
140236,Olatech Solutions Limited,INE0M3901015
140240,BTL 7.30% 2027 SR XXVII,INE403D08306
140246,SDL TN 7.07% 2055,IN3120250177
140267,3M INDIA LIMITED,INE470A01017
140290,708MAHSDL31,IN2220200348
140297,BEML LAND ASSETS LIMITED,INE0N7W01012
140302,BTL 7.45% 2028 SR XXVI,INE403D08280
140307,SDL TN 6.42% 2031,IN3120250128
140320,Spencer's Retail Limited,INE020801028
140321,BTL 7.40% 2029 XXVIII,INE403D08298
140324,SDL TN 6.66% 2035,IN3120250110
140345,BTL 8.75% 2029 SR XXI,INE403D08264
140350,SDL TN 6.0% 2028,IN3120250102
140351,NLBDPL-20.5%-26-07-2025-PVT,INE893N07051
140352,SOUTH WEST PINNACLE LTD,INE980Y01015
140354,REX PIPES AND CABLES LTD,INE00D001018
140362,BTL 7.35% 2027 SR XXV,INE403D08272
140364,JITF INFRALOGISTICS LTD,INE863T01013
140413,YUKEN INDIA LIMITED,INE384C01016
140415,ADF FOODS LTD.,INE982B01027
140427,MILKFOOD LTD.,INE588G01021
140439,MOTILAL OSWAL FIN LTD,INE338I01027
140447,PRIMO CHEMICALS LIMITED,INE607A01022
140503,MML-13.75%-15-12-28-PVT,INE884Q08291
140527,ECL-NIFTY-G6H601A-17-08-26-PVT,INE804I073E1
140548,RPP INFRA PROJECTS LTD.,INE324L01013
140551,SG MART LIMITED,INE385F01024
140553,VARDHMAN CONCRETE LIMITED,INE115C01014
140571,TAMILNADU TELECOMMUNICATIONS L,INE141D01018
140583,ORIENT TECHNOLOGIES LTD,INE0PPK01015
140606,SDL WB 7.1% 2045,IN3420240290
140613,STEEL AUTHORITY OF INDIA LTD.,INE114A01011
140616,UNSEC RED NCD 10.0% SR. V,INE866I08279
140628,ABLBL-18-3-26-CP,INE14LE14061
140660,DAVANGERE SUGAR COMPANY L,INE179G01029
140666,SDL TN 6.94% 2055,IN3120250094
140689,ABLBL-12-02-26-CP,INE14LE14046
140699,Monarch Surveyors and Engineer,INE0V0L01028
140712,ZEE LEARN LIMITED,INE565L01011
140713,PCL-4-2-26-CP,INE602A14489
140721,UNSEC RED NCD 10.5% SR.VI,INE866I08295
140730,SDL TN 6.71% 2035,IN3120250045
140746,BTL 8.90% 2031 SR XXII,INE403D08249
140749,BTL 8.75% 2028 SR XX,INE403D08256
140761,SDL TN 6.54% 2031,IN3120250037
140762,WeWork India Management Limite,INE085001019
140771,MAYASHEEL VENTURES LTD,INE0ZTO01018
140774,BTL 8.25% 2027 SR XIV,INE403D08223
140789,JEYYAM GLOBAL FOODS LTD,INE0RXB01022
140797,SDL TN 6.79% 2055,IN3120250029
140819,BTL 8.65% 2027 SR XIX,INE403D08231
140829,SDL TN 6.71% 2035,IN3120250011
140833,DIXON TECHNO (INDIA) LTD,INE935N01020
140854,SJVN LTD,INE002L01015
140872,SDL TN 6.92% 2045,IN3120250086
140896,PERSISTENT SYSTEMS LTD.,INE262H01021
140897,SDL TN 6.40% 2032,IN3120250078
140915,BTL 8.90% 2034 SR XXIII,INE403D08215
140927,GOI STRIPS C 220850,IN000850C015
140949,SDL TN 6.60% 2035,IN3120250060
140952,SDL TN 6.77% 2040,IN3120250052
140977,SDL UK 7.05% 2032,IN3620240108
141003,Vistar Amar Limited,INE878P01019
141025,KIOCL LIMITED,INE880L01014
141045,LWS KNITWEAR LTD.,INE281M01013
141087,ISL CONSULTING LTD.,INE569B01022
141101,SEIL-18-3-26-CP,INE460M14818
141102,HINDALCO  INDUSTRIES  LTD,INE038A01020
141105,BHARAT GLOBAL DEVELOPERS LIMIT,INE893C01032
141116,SIMBHAOLI SUGARS LTD.,INE748T01016
141123,SDL WB 7.1% 2047,IN3420240316
141125,ROLLATAINERS LTD.,INE927A01040
141126,SDL WB 7.1% 2046,IN3420240308
141154,Samvardhana Motherson Internat,INE775A01035
141163,GS06NOV59,IN001159C010
141170,RAJ OIL MILLS LIMITED,INE294G01026
141189,BAJAJ HEALTHCARE LIMITED,INE411U01027
141190,GCM CAPITAL ADVISORS LTD,INE191P01017
141212,JUPITER WAGONS LIMITED,INE209L01016
141222,PIONEER EMBROIDERIES LTD,INE156C01018
141236,EMBASSY DEVELOPMENTS LTD,INE069I01010
141238,PARAMOUNT COSMETICS (INDIA) LT,INE143I01013
141260,VASHISHTHA LUXURY FASHION LIMI,INE0WRP01016
141261,KOTHARI PETROCHEM LTD,INE720A01015
141266,LOTUS CHOCOLATE CO.LTD.,INE026D01011
141284,KRIDHAN INFRA LIMITED,INE524L01026
141413,PEARL GLOBAL INDUSTRIES LIMITE,INE940H01022
141434,Grovy India Limited,INE343C01012
141437,MODI NATURALS LIMITED,INE537F01012
141459,DWARIKESH SUGAR IND LTD,INE366A01041
141471,K.P. Energy Limited,INE127T01021
141486,CSL Finance Limited,INE718F01018
141493,SHUKRA BULLIONS LTD.,INE561E01015
141496,Quality RO Industries Limited,INE0KAF01018
141515,SUBA HOTELS LIMITED,INE0RYR01018
141527,SDL UK 7.39% 2030,IN3620240025
141532,MUNJAL SHOWA LTD,INE577A01027
141537,UNIWORTH SECURITIES LTD.,INE728J01019
141551,SDL UK 7.5% 2029,IN3620240017
141568,ZEE MEDIA CORPORATION LTD,INE966H01019
141595,SDL UK 7.06% 2030,IN3620240041
141613,SDL UK 7.05% 2029,IN3620240033
141666,SINNAR BIDI UDYOG LTD.,INE896E01023
141667,SMC 8% 2029 STRPP A,INE05NX24023
141668,IGHHPL-12-03-26-CP,INE02FN14457
141712,IGHHPL-10-03-26-CP,INE02FN14440
141734,DSP LIQUID ETF,INF740KA1EU7
141736,JIND POL INV & FIN CO LTD,INE147P01019
141741,HSG & URBAN DEV CORPN LTD,INE031A01017
141748,SMC 8% 2030 STRPP B,INE05NX24031
141765,GS22OCT41,IN001041C036
141767,CORAL NEWSPRINTS LTD.,INE715D01019
141773,UNIFINZ CAPITAL INDIA LIMITED,INE926R01012
141780,IHFCL-7.95%-16-11-27-PVT,INE071G07710
141783,IHFCL-1-10-27-PVT,INE071G07702
141788,SDL UK 7.17% 2032,IN3620240090
141789,Aerpace Industries Limited,INE175N01023
141795,FORCAS STUDIO LIMITED,INE0U2501017
141804,CHETANA EDUCATION LIMITED,INE0U1T01012
141807,IHFC-7.94%-19-9-29-PVT,INE071G07736
141815,TTK HEALTHCARE LTD.,INE910C01018
141846,IHFC-7.95%-20-12-27-PVT,INE071G07728
141872,SUPREME INDUSTRIES LTD.,INE195A01028
141884,SDL UK 7.13% 2032,IN3620240066
141890,IHFCL-3MTBILL+SPREAD-12-11-27-,INE071G07751
141893,Jaykay Enterprises Limited,INE903A01025
141909,IHFCL-7.72%-28-9-29-PVT,INE071G07744
141913,SDL UK 7.15% 2030,IN3620240058
141937,IHFCL-3MTBILLS+SPREAD-25-2-28-,INE071G07777
141946,SDL UK 7.23% 2032,IN3620240082
141972,BALU FORGE INDUSTRIES LIMITED,INE011E01029
141974,IHFCL-7.75%-24-11-34-PVT,INE071G07769
141989,SDL UK 7.14% 2032,IN3620240074
141995,Jigar Cables Limited,INE943X01015
142023,NORBEN TEA &EXPORTS LTD,INE369C01017
142025,IHFCL-7.81%-12-4-28-PVT,INE071G07793
142043,BIRLA CORPORATION LTD.,INE340A01012
142052,IHFCL-7.77%-16-1-30-PVT,INE071G07785
142056,Techno Electric & Engineering ,INE285K01026
142074,GENUS P&B LIMITED,INE949P01018
142086,BF INVESTMENT LIMITED,INE878K01010
142088,SIDC-10%-30-11-26-PVT,INE472C07024
142117,SUNRAJ DIAMOND EXPORTS LTD.,INE459D01014
142131,LYKA LABS LTD,INE933A01014
142132,EMPOWER INDIA LTD.,INE507F01023
142140,GUJARAT COTEX LTD.,INE004C01028
142146,HARYANA LEATHER CHEMICALS LTD.,INE681F01018
142149,NLCIL-8.09%-29-5-29-PVT,INE589A07037
142179,MAHINDRA & MAHINDRA LTD.,INE101A01026
142242,VENTURA TEXTILES LTD.,INE810C01044
142271,SDL GA 7.69% 2032,IN1420220072
142274,STEEL EXCHANGE INDIA LTD,INE503B01021
142291,SDL GA 7.62% 2032,IN1420220080
142299,CROISSANCE LIMITED,INE587J01027
142303,SDL GA 7.55% 2032,IN1420220098
142310,NLCIL-7.36%-25-1-30-PVT,INE589A07045
142345,SDL GA 7.58% 2037,IN1420220031
142382,SDL GA 7.69% 2032,IN1420220049
142414,SDL GA 7.74% 2032,IN1420220056
142432,RUDRA GLOBAL INFRA PRODUCTS LI,INE027T01023
142433,CAMEX LTD.,INE198C01010
142435,SDL GA 7.83% 2032,IN1420220064
142438,UMPL-RESET RATE-31-12-30-PVT,INE0U4E07015
142439,Markolines Pavement Technologi,INE0FW001016
142479,KONTOR SPACE LIMITED,INE0KZ301010
142488,TIL LTD.,INE806C01018
142528,IRB INFRASTRUCTURE TRUST,INE0C8K23012
142544,RASHTRIYA CHEMICALS & FER,INE027A01015
142554,SDL GA 7.81% 2032,IN1420220015
142555,SUPER SALES INDIA LTD.,INE091C01017
142583,Patron Exim Limited,INE0NPA01011
142595,SDL GA 7.58% 2037,IN1420220023
142609,PARNAX LAB LTD.,INE383L01019
142616,RISA INTERNATIONAL LTD.,INE001O01029
142619,OSWAL PUMPS LIMITED,INE0BYP01024
142621,SUPER SPINNING MILLS LTD.,INE662A01027
142635,GMRHIAL-8.71%-11-03-33-PVT,INE802J07027
142649,ATV PROJECTS INDIA LTD.,INE447A01015
142660,VEEDOL CORPORATION LTD,INE484C01030
142683,GMRIAL-8.8050%-13-12-32-PVT,INE802J07019
142704,PC JEWELLER LTD,INE785M01021
142720,MML-0%-18-12-30-PVT,INE884Q08309
142726,IHFCL-12-5-28-CP,INE071G07603
142730,GHIAL-7.60%-RESET RATE-22-1-41,INE802J07043
142732,GOLKUNDA DIAMONDS & JEWELLERY,INE798D01015
142733,INDIAN OIL CORP LTD,INE242A01010
142737,AARTI PHARMALABS LIMITED,INE0LRU01027
142740,GMRHIAL-8.58%-28-3-34-PVT,INE802J07035
142751,SDL CG 7.2% 2034,IN3520240042
142753,IHFC-8.061%-25-3-26-PVT,INE071G07637
142767,GOLDKART JEWELS LIMITED,INE06MH01016
142780,ASHIMA LTD.,INE440A01010
142802,SDL CG 7.14% 2033,IN3520240034
142805,MACHINO PLASTICS LTD.,INE082B01018
142815,GS15APR26C,IN000426C055
142833,SDL CG 7.03% 2030,IN3520240026
142838,IHFCL-8.04%-15-2-29-PVT,INE071G07652
142867,IHFCL-8.0915%-15-9-26-PVT,INE071G07645
142882,SDL CG 7.0% 2029,IN3520240018
142891,STANDARD ENGNG TCNLGY LTD,INE0M4D01010
142913,IHFCL-8.02%-19-4-29-PVT,INE071G07678
142917,SDL CG 7.32% 2037,IN3520240083
142922,EVEREST INDUSTRIES LTD.,INE295A01018
142924,SDL CG 7.27% 2035,IN3520240075
142933,IHFCL-8.10%-5-3-27-PVT,INE071G07660
142935,IHFCL-8.07%-14-9-26-PVT,INE071G07694
142936,SDL CG 7.28% 2034,IN3520240067
142937,INDUSTRIAL INVESTMENT TRUST LT,INE886A01014
142938,Clinitech Laboratory Limited,INE0QMR01015
142939,SDL CG 7.19% 2035,IN3520240059
142940,GS15JUN39C,IN000639C046
142942,IHFCL-8.07%-2-8-27-PVT,INE071G07686
142948,KRISHIVAL FOODS LIMITED,INE0GGO01015
142969,NURECA LIMITED,INE0DSF01015
142979,GS17JUN39C,IN000639C020
142994,SDL CG 7.14% 2032,IN3520240091
143023,RELIANCE HOME FINANCE LTD,INE217K01011
143052,SDL BR 7.65% 2032,IN1320220024
143057,PRISMX GLOBAL VENTURES LIMITED,INE286N01028
143080,SDL BR 7.65% 2032,IN1320220016
143109,SDL BR 7.53% 2032,IN1320220040
143125,SDL BR 7.62% 2032,IN1320220032
143140,661MPSDL37,IN2120200232
143141,SDL BR 7.55% 2032,IN1320220065
143142,PIRAMAL PHARMA LIMITED,INE0DK501011
143149,TARC LIMITED,INE0EK901012
143154,SDL BR 7.45% 2032,IN1320220057
143157,KSR FOOTWEAR LIMITED,INE1SPP01016
143272,Sodhani Academy of Fintech Ena,INE0Q3401017
143282,Atlanta Electricals Limited,INE0Z4F01028
143287,CRAYONS ADVERTISING LTD,INE0OFK01019
143304,INCREDIBLE INDUSTRIES LTD,INE452L01012
143310,IGHPL-2-3-26-CP,INE02FN14697
143337,IGHHPL-20-02-26-CP,INE02FN14689
143350,Zydus Lifesciences Limited,INE010B01027
143358,VALLABH STEELS LTD.,INE457E01016
143371,OSWAL AGRO MILLS LTD,INE142A01012
143421,Vijaya Diagnostic Centre Limit,INE043W01024
143424,AUTO PINS (INDIA) LTD.,INE706C01028
143492,LDL-8.14%-5-6-28-PVT,INE670K07281
143507,IGHHPL-18-02-26-CP,INE02FN14671
143513,C.E. INFO SYSTEMS LIMITED,INE0BV301023
143514,LDL-7.96%-07-07-28-PVT,INE670K07299
143516,GANESHA ECOSPHERE LIMITED,INE845D01014
143539,MCLEOD RUSSEL INDIA LTD.,INE942G01012
143573,LDL-8.60%-10-12-27-PVT,INE670K07273
143592,MADHUCON PROJECTS LTD.,INE378D01032
143621,AADI INDUSTRIES LTD.,INE563D01013
143640,ANSAL PROPERTIES & INFRASTRUCT,INE436A01026
143641,ISFCL-7.85%-26-11-30-PVT,INE922K07112
143643,BILCARE LTD.,INE986A01012
143648,ISFCL-RR-8.65%-3M MCLR-25-3-29,INE922K07104
143659,INVENTURUS KNOWLEDGE SOLUTIONS,INE115Q01022
143678,BIOFIL CHEM & PHARMA LTD,INE829A01014
143679,MOTISONS JEWELLERS LTD,INE0FRK01020
143682,IHFCL-7.88%-27-1-28-PVT,INE071G07579
143684,EPDPL-14.25%-2-3-30-PVT,INE003L07077
143685,ASK Automotive Limited,INE491J01022
143688,EPDPL-15%-2-3-30-PVT,INE003L07069
143690,MUNOTH FINANCIAL SERVICES LTD.,INE348D01019
143697,Shreeji Translogistics Limited,INE402Y01028
143701,BHARAT RASAYAN LTD,INE838B01021
143702,SDL WB 7.34% 2039,IN3420240027
143706,SDL HP 6.93% 2031,IN1720210013
143709,USGICL-9.1%-24-7-35-PVT,INE635M08023
143717,SDL WB 7.37% 2040,IN3420240019
143720,737KARSDL38,IN1920230332
143721,USGICL-9.85%-25-7-34-PVT,INE635M08015
143722,SDL HP 6.98% 2032,IN1720210021
143723,ROOPA INDUSTRIES LTD.,INE443C01010
143724,SDL WB 7.36% 2040,IN3420240043
143736,737KARSDL37,IN1920230324
143745,SDL WB 7.34% 2042,IN3420240035
143750,736KARSDL34,IN1920230316
143772,IHF-7.07%-20-11-30-PVT,INE071G07397
143774,KDM-12.25%-15-9-33-PTC,INE0VCN15015
143781,ISF 9.95% 2035,INE413U08168
143785,SDL HP 6.93% 2032,IN1720210054
143789,ADITYA ULTRA STEEL LTD,INE01YQ01013
143796,ISF 9.95% 2028,INE413U08150
143804,BANK OF INDIA,INE084A01016
143813,SDL HP 6.92% 2033,IN1720210062
143821,ISF 9.50% 2035,INE413U08184
143843,GOYAL ASSOCIATES LTD.,INE912B01032
143844,SDL HP 6.86% 2030,IN1720210039
143854,ISF 9.75% 2035,INE413U08176
143859,Natural Biocon (India) Limited,INE06MM01016
143869,GUJARAT MINERAL DEV CORP,INE131A01031
143876,SDL HP 6.91% 2031,IN1720210047
143898,IIFL SAMASTA10.48% 2027,INE413U08119
143917,Aditya Birla Fashion and Retai,INE647O01011
143944,ISF 9.95% 2028,INE413U08143
143947,SDL HP 7.03% 2031,IN1720210070
143954,774KARSDL34,IN1920230167
143970,IIFL SAMASTA 10% 2026,INE413U08135
143975,IIFL SAMASTA 10.77% 2030,INE413U08127
143979,Saatvik Green Energy Limited,INE13B501022
143982,SDL HP 7.14% 2033,IN1720210088
144033,GS19SEP2059,IN000959C022
144065,Arunjyoti Bio Ventures Limited,INE485K01022
144088,PNB Housing Finance Limited,INE572E01012
144105,SALONA COTSPIN LTD.,INE498E01010
144173,UNION BANK OF INDIA,INE692A01016
144180,GS22AUG29C,IN000829C027
144190,DSPAMC - DSPNIFTY,INF740KA1CL0
144195,EMAMI REALTY LIMITED,INE778K01012
144211,783MHSDL30,IN2220200017
144262,MONOLITHISCH INDIA LTD,INE1DV401010
144274,CEREBRA INTEGRATED TECHNOLOGIE,INE345B01019
144278,STYLAM INDUSTRIES LIMITED,INE239C01020
144297,654MAHSDL30,IN2220200033
144306,TAJ GVK HOTELS & RESORTS,INE586B01026
144311,INOX GREEN ENERGY SERVICES LIM,INE510W01014
144324,76MHSDL30,IN2220200025
144337,MOHIT INDUSTRIES LTD,INE954E01012
144348,657MAHSDL31,IN2220200058
144349,FINKURVE FINANCIAL SERVICES LT,INE734I01027
144360,CAN FIN HOMES LTD,INE477A01020
144361,AA Plus Tradelink Limited,INE0C5901022
144379,ICICIHFCL-7.25%-12-8-31-PVT,INE071G07439
144380,SATHLOKHAR SYN E&C GLOB L,INE0RFP01011
144403,CERA SANITARYWARE LTD,INE739E01017
144405,IKFFL-9.40%-12-08-27-PVT,INE859C07246
144409,SOMI CONVEYOR BELT. LTD.,INE323J01019
144412,767KARSDL42,IN1920230241
144418,ICICIHF-6.27%-28-9-26-PVT,INE071G07447
144419,INVESCO INDIA GOLD ETF,INF205K01361
144420,IKFFL-9.80%-26-9-27-PVT,INE859C07238
144434,TULSYAN NEC LTD.,INE463D01016
144438,InterGlobe Aviation Limited,INE646L01027
144444,IKFFL-9.90%-20-1-27-PVT,INE859C07220
144449,AYM Syntex Limited,INE193B01039
144458,ICHFC-6.55%-23-12-26-PVT,INE071G07462
144460,IKFFL-9.9%-30-12-27-PVT,INE859C07212
144469,ZENITH HEALTH CARE LTD.,INE812B01026
144473,LANDMARK CARS LIMITED,INE559R01029
144479,KPIT TECHNOLOGIES LIMITED,INE04I401011
144486,IKFFL-9.90%-15-3-27-PVT,INE859C07204
144488,FORTIS HEALTHCARE LTD,INE061F01013
144499,NVL03-9.90%-17-2-34-PTC,INE0UV115016
144511,ACCURACY SHIPPING LIMITED,INE648Z01023
144513,726MHSDL50,IN2220240252
144514,CP CAPITAL LIMITED,INE521J01018
144515,SDL GJ 7.11% 2033,IN1520240103
144516,HDFCAMC - HDFCSILVER,INF179KC1DI2
144517,Reliance Mutual Fund,INF204KA15J9
144518,723MHSDL35,IN2220240229
144529,7.36% TAX FREE NCD,INE134E07349
144530,SMCGSL-10.20%-07-08-27-NCD,INE103C07017
144531,CANARA ROBECO AMC LIMITED,INE218I01013
144544,TCSL 7.50% 2028,INE729N07099
144556,SDL UP 7.12% 2032,IN3320210195
144559,TCSL 8.25% 2027,INE729N07073
144566,SAMYAK INTERNATIONAL LTD.,INE607G01011
144567,SMCGSL-ZC-07-08-27-NCD,INE103C07058
144568,TCSL 8.25% 2028,INE729N07081
144569,SMCGSL-10.40%-07-08-29-NCD,INE103C07066
144572,5paisa Capital Limited,INE618L01018
144577,SMCGSL-10%-07-8-26-NCD,INE103C07025
144578,SMCGSL-ZC-07-8-26-NCD,INE103C07033
144581,SDL UP 6.96% 2031,IN3320210179
144586,SDL UP 7.04% 2031,IN3320210187
144587,SMCGSL-9.94%-07-08-29-NCD,INE103C07041
144591,TVS CREDIT 8.35% 2027,INE729N07065
144593,VARUN MERCANTILE LTD.,INE442U01014
144595,PRECISION CAMSHAFTS LTD.,INE484I01029
144597,722MHSDL49,IN2220240211
144600,SDL UP 6.93% 2031,IN3320210153
144604,SMCGSL-10.50%-24-04-30-NCD,INE103C07090
144605,SDL UP 6.93% 2031,IN3320210161
144612,SMCGSL-10%-24-04-27-NCD,INE103C07074
144620,SDL UP 6.97% 2031,IN3320210138
144621,SALORA INTERNATIONAL LTD.,INE924A01013
144629,SDL UP 6.99% 2031,IN3320210146
144631,SMCGSL-10.03%-24-04-30-NCD,INE103C07082
144635,L&T TECHNOLOGY SER. LTD.,INE010V01017
144665,SDL UP 6.84% 2031,IN3320210112
144717,SDL UP 6.92% 2031,IN3320210120
144726,KIRLOSKAR BROTHERS LTD.,INE732A01036
144758,SWIGGY LIMITED,INE00H001014
144766,Bhatia Colour Chem Limited,INE0KQ001017
144781,TCSL 7.55% 2028,INE729N07107
144785,ICICI Prudential Mutual Fund,INF109K1A021
144794,JUNIPER HOTELS LIMITED,INE696F01016
144815,GS15JUN30C,IN000630C052
144822,SDL UP 6.87% 2031,IN3320210104
144836,KINGFA SCI & TEC IND LTD.,INE473D01015
144850,SHOPPERS STOP LIMITED,INE498B01024
144856,SDL GJ 7.04% 2033,IN1520240095
144857,BHARAT ELECTRONICS LTD,INE263A01024
144862,PSP PROJECTS LIMITED,INE488V01015
144877,SHREM INVIT,INE0GTI23014
144885,SDL GJ 7.04% 2032,IN1520240087
144920,SDL GJ 7.05% 2029,IN1520240079
144932,RELIANCE FIXED HORIZON FUND- X,INF204KA16C2
144933,SDL GJ 7.08% 2033,IN1520240061
144948,MVL-18%-31-8-27-PVT,INE387I07013
144953,SDL GJ 7.05% 2031,IN1520240053
144959,CARBORUNDUM UNIVERSAL LTD,INE120A01034
144960,REC LIMITED,INE020B01018
144970,SDL GJ 6.82% 2027,IN1520240046
144988,SDL GJ 7.06% 2029,IN1520240038
145004,RELIANCE MUTUAL FUND- RELIANCE,INF204KA16H1
145026,SDL GJ 7.05% 2028,IN1520240020
145047,RELIANCE CHEMOTEX INDUSTRIES L,INE750D01016
145055,GS17JUN30C,IN000630C037
145066,SDL GJ 7.23% 2027,IN1520240012
145128,SGL RESOURCES LIMITED,INE967B01028
145149,RELIANCE FIXED HORIZON FUND- X,INF204KA16L3
145150,TORRENT PHARMACEUTICALS L,INE685A01028
145151,SAHANA SYSTEM LIMITED,INE0LEX01011
145153,Rail Vikas Nigam Limited,INE415G01027
145157,THE HI-TECH GEARS LIMITED,INE127B01011
145158,SHINING TOOLS LIMITED,INE0D8001018
145174,ABCL-8.85%-23-2-26-PVT,INE860H07CL4
145177,Reliance Mutual Fund,INF204KA16J7
145180,JUPITER LIFE LINE HOSP L,INE682M01012
145182,ABCL-8.9000%-6-3-26-PVT,INE860H07CM2
145189,CES-11.5%-8-6-27-PVT,INE647U08013
145191,Containerway International Lim,INE319U01022
145195,8.92% TAX FREE NCD,INE134E07463
145202,SRF LTD,INE647A01010
145211,8.67% TAX FREE NCD,INE134E07455
145212,ABCL-8.9000%-20-3-26-PVT,INE860H07CS9
145223,CONTINENTAL CONTROLS LTD.,INE545B01022
145224,SDL UP 6.89% 2031,IN3320210096
145225,NAVIN FLUORINE INTERNATIONAL L,INE048G01026
145247,SDL UP 6.97% 2031,IN3320210070
145261,SDL UP 6.98% 2031,IN3320210088
145265,Sai Silks (Kalamandir) Limited,INE438K01021
145272,SDL UP 6.99% 2031,IN3320210054
145291,HHFL-8.35%-27-3-29-PVT,INE401Y07050
145295,SURANA SOLAR LIMITED,INE272L01022
145296,SDL UP 7.02% 2031,IN3320210062
145304,HHFL-8.05%-10-11-30-PVT,INE401Y07068
145307,SAB EVENTS & GOVERNANCE,INE860T01019
145311,SREELEATHERS LTD.,INE099F01013
145312,HHFL-8.4%-29-12-28-PVT,INE401Y07035
145313,SDL UP 6.99% 2031,IN3320210039
145314,TECHKNOWGREEN SOLUTIONS LIMITE,INE0P4P01011
145316,HHFL-8.7%-3-2-30-PVT,INE401Y07043
145317,SDL UP 7.01% 2031,IN3320210047
145319,Windlas Biotech Limited,INE0H5O01029
145321,HHFL-8.85%-1-1-27-PVT,INE401Y07019
145324,SDL UP 6.88% 2031,IN3320210013
145333,SDL UP 6.94% 2031,IN3320210021
145334,BLOOM DEKOR LTD.,INE253C01013
145335,HHFL-8.85%-1-2-27-PVT,INE401Y07027
145339,MAGNUS STEEL AND INFRA LIMITED,INE898E01011
145379,GS22OCT34,IN001034C031
145382,LORENZINI APPARELS LTD,INE740X01023
145393,CITY UNION BANK LTD,INE491A01021
145416,SURANI STEEL TUBES LTD.,INE01ZJ01015
145424,ICICI Prudential Mutual Fund,INF109K1A153
145469,GS15OCT34C,IN001034C049
145477,GUJARAT PIPAVAV PORT LTD,INE517F01014
145481,IFGL REFRACTORIES LIMITED,INE133Y01011
145488,Prabha Energy Limited,INE0I0M01023
145491,RIL-8.65%-11-12-28-PVT,INE002A08567
145502,GS06MAY54,IN000554C013
145537,Exhicon Events Media Solutions,INE0O8901016
145548,BF UTILITIES LIMITED,INE243D01012
145557,SDL JK 7.67% 2038,IN4920250219
145562,KEMISTAR CORPORATION LIMITED,INE971L01029
145594,SDL JK 7.62% 2041,IN4920250227
145597,SDL JK 7.6% 2045,IN4920250201
145598,SDL MH 7.18% 2039,IN2220240468
145599,GS12DEC45,IN001245C041
145608,FOURTH GENERATION INFORMATION,INE739B01039
145621,RIL-8.95%-9-11-28-PVT,INE002A08542
145627,SDL MH 7.19% 2040,IN2220240476
145632,UNIQUE ORGANICS LTD.,INE333E01019
145659,RIL-9.05%-17-10-28-PVT,INE002A08534
145705,G R Infraprojects Limited,INE201P01022
145723,PARIN ENTERPRISES LIMITED,INE00U801010
145734,SANDESH LTD.,INE583B01015
145735,AMC-7.90%-6-2-29-MB,INE117E08029
145737,Reliance Mutual Fund,INF204KA17J5
145760,Siemens Energy India Limited,INE1NPP01017
145787,INDIAN ACRYLICS LTD.,INE862B01013
145837,SDL WB 7.71% 2043,IN3420230143
145838,MMFL-22-11-27-NCD,INE101Q07AM6
145839,MFL-13-3-26-CP,INE522D14OJ4
145840,SDL WB 7.71% 2041,IN3420230135
145847,MMFL-9.50%-22-5-26-NCD,INE101Q07AL8
145848,719MHSDL40,IN2220240476
145849,RHETAN TMT LIMITED,INE0KKN01029
145850,SDL WB 7.63% 2038,IN3420230168
145852,SDL WB 7.72% 2037,IN3420230150
145853,718MHSDL39,IN2220240468
145856,Adroit Infotech Limited,INE737B01033
145858,MMFL-18-1-27-NCD,INE101Q07AR5
145862,SDL WB 7.66% 2043,IN3420230184
145863,7.60% TAX FREE NCD,INE134E07588
145864,MMFL-10%-25-4-27-PVT,INE101Q07AQ7
145881,SDL WB 7.64% 2043,IN3420230176
145888,7.35% TAX FREE NCD,INE134E07570
145900,Kuberan Global Edu Solutions L,INE04CO01018
145907,GMR Power and Urban Infra Limi,INE0CU601026
145910,PANCHMAHAL STEEL LTD.,INE798F01010
145913,MMFL-10%-27-2-26-PVT,INE101Q07AP9
145924,STL GLOBAL LTD.,INE353H01010
145929,ASM TECHNOLOGIES LTD.,INE867C01010
145937,UNIROYAL INDUSTRIES LTD.,INE980D01019
145938,SDL WB 7.67% 2043,IN3420230192
145940,The Phosphate Company Limited,INE398C01016
145949,PARMESHWARI SILK MILLS LIMITED,INE808R01012
145950,MMFL-18-5-30-NCD,INE101Q07AV7
145951,SRFCPL-13.25%-30-3-31-PVT,INE08E808058
145952,KREBS BIOCHEMICALS & IND,INE268B01013
145953,DEUTSCHE MUTUAL FUND - DWS FIX,INF223J01077
145954,713MHSDL37,IN2220240419
145956,MMFL-18-11-27-NCD,INE101Q07AW5
145957,Rhetan TMT Limited,INE0KKN01029
145958,MMFL-9%-18-1-27-NCD,INE101Q07AU9
145962,712MHSDL36,IN2220240401
145963,SRFCPL-13.25%-09-12-30-PVT,INE08E808041
145982,GALADA POWER & TELECOMMUNICATI,INE255C01026
145983,MMFL-9.75%-13-9-26-PVT,INE101Q07AS3
145984,BOHRA INDUSTRIES LIMITED,INE802W01023
145994,HDFCAMC - HDFCSML250,INF179KC1FB2
146000,MMFL-10%-18-11-28-NCD,INE101Q07AT1
146001,SHREE TIRUPATI BALAJEE,INE238Y01018
146014,SDL GA 7.62% 2032,IN1420220114
146019,717MHSDL37,IN2220240443
146020,MMFL-9.75%-6-2-27-PVT,INE101Q07AZ8
146021,SDL GA 7.64% 2038,IN1420220122
146022,SDL JK 7.18% 2045,IN4920250086
146027,714MHSDL39,IN2220240435
146028,SDL GA 7.64% 2033,IN1420220130
146029,DEUTSCHE MUTUAL FUND - DWS FIX,INF223J01051
146030,MMFL-9.50%-18-11-27-NCD,INE101Q07AY1
146032,SDL JK 6.84% 2031,IN4920250094
146035,CONART ENGINEERS LTD.,INE714D01020
146044,712MHSDL38,IN2220240427
146048,MMFL-8.50%-12-2-26-NCD,INE101Q07AX3
146054,SDL JK 7.51% 2040,IN4920250185
146060,SULA VINEYARDS LIMITED,INE142Q01026
146077,OLYMPIC OIL INDUSTRIES LTD.,INE286E01019
146096,HDFCAMC - HDFCBSE500,INF179KC1EZ4
146113,SDL JK 7.65% 2037,IN4920250193
146161,MFL-3-12-26-CP,INE522D14OZ0
146186,INVICTA DIAGNOSTIC LTD,INE0XJ501010
146206,SDL JK 7.46% 2045,IN4920250177
146208,MFL-26-11-26-CP,INE522D14OY3
146253,SDL GA 7.65% 2032,IN1420220106
146255,SDL JK 7.41% 2042,IN4920250169
146256,MFL-16-02-26-CP,INE522D14OX5
146259,KREON FINNANCIAL SERVICES LTD.,INE302C01018
146260,SDL JK 7.39% 2037,IN4920250144
146288,MFL-13-2-26-CP,INE522D14OW7
146291,SDL JK 7.47% 2040,IN4920250136
146293,SDL JK 7.31% 2045,IN4920250151
146296,KOTAK MAHINDRA MUTUAL FUND - K,INF174K014P6
146314,DIVINE HIRA JEWELLERS LTD,INE0NA501011
146320,MFL-21-09-26-CP,INE522D14OV9
146331,AMALGAMATED ELECTRICITY CO.LTD,INE492N01022
146344,MFL-15-9-26,INE522D14OU1
146348,HINDUSTAN UNILEVER LTD.,INE030A01027
146356,GUJARAT LEASE FINANCING L,INE540A01017
146364,SDL JK 7.51% 2045,IN4920250128
146367,MFL-16-9-26-CP,INE522D14OT3
146370,SDL JK 7.35% 2040,IN4920250102
146371,DCM NOUVELLE LIMITED,INE08KP01019
146394,AMANAYA VENTURES LIMITED,INE0G1V01016
146396,Popular Vehicles and Services ,INE772T01024
146398,SDL JK 7.82% 2042,IN4920250110
146439,CMEESL-10.20%-30-6-27-PVT,INE647U08039
146451,SDL WB 7.67% 2044,IN3420230200
146472,LIBORD FINANCE LTD,INE212B01011
146485,MFL-17-8-26-CP,INE522D14OP1
146520,RELIANCE MUTUAL FUND- RELIANCE,INF204KA14C7
146536,MFL-10-6-26-CP,INE522D14OO4
146550,SDL WB 7.48% 2044,IN3420230226
146556,ADARSH PLANT PROTECT LTD.,INE627D01016
146584,UPDATER SERVICES LIMITED,INE851I01011
146598,SDL WB 7.48% 2043,IN3420230218
146635,SDL WB 7.44% 2044,IN3420230242
146640,2025PLF-10.20%-25-10-29-PTC,INE1X4I15015
146692,MMFL-ZC-2-7-27-NCD,INE101Q07AG8
146699,MFL-22-5-26-CP,INE522D14OL0
146701,SDL WB 7.44% 2041,IN3420230234
146710,LAXMI INDIA FINANCE LTD,INE06WU01026
146717,SDL WB 7.46% 2046,IN3420230028
146722,ALL TIME PLASTICS LIMITED,INE0GV601021
146724,MMFL-9.25%-18-9-27-PVT,INE101Q07BO0
146731,Neil Industries Ltd.,INE396C01010
146732,Hilltone Software and Gases Lt,INE168C01013
146733,RELIANCE MUTUAL FUND- RELIANCE,INF204KA14H6
146734,SDL WB 7.47% 2043,IN3420230010
146738,MMFL-10.25%-29-8-30-NCD,INE101Q07BN2
146744,KPIL-8.32%-12-11-27-PVT,INE220B08142
146745,PHARMAIDS PHARMACEUTICALS LTD.,INE117D01018
146746,SDL WB 7.36% 2041,IN3420230044
146761,BAJAJ AUTO LTD.,INE917I01010
146762,MMFL-9.75%-29-8-28-NCD,INE101Q07BM4
146763,KPIL-8.32%-5-2-27-PVT,INE220B08126
146764,KPIL-8.35%-11-6-27-PVT,INE220B08134
146765,ISIPL-8.80%-07-11-29-PVT,INE04ZW07019
146768,SDL WB 7.36% 2043,IN3420230036
146775,MMFL-9.25%-13-11-27-PVT,INE101Q07BT9
146797,SDL WB 7.4% 2042,IN3420230069
146803,SDL AS 7.30% 2029,IN1220190095
146812,KIRLOSKAR OIL ENGINES LTD.,INE146L01010
146822,SDL WB 7.41% 2039,IN3420230051
146832,SDL AS 7.27% 2029,IN1220190087
146836,SANDESH LTD,INE583B01015
146850,MMFL-9.75%-27-10-28-PVT,INE101Q07BR3
146860,Reliance Mutual Fund,INF204KA14J2
146865,SDL WB 7.46% 2039,IN3420230085
146866,CELLA SPACE LIMITED,INE266H01014
146867,KPIL-8.07%-29-6-26-PVT,INE220B08100
146869,MMFL-9.30%-27-1-28-PVT,INE101Q07BS1
146880,MMFL-9.25%-27-10-27-PVT,INE101Q07BQ5
146895,SDL WB 7.41% 2042,IN3420230077
146916,SDL WB 7.44% 2042,IN3420230093
146917,ASIAN ENERGY SERVICES LTD,INE276G01015
146919,MFL-10-3-26-CP,INE522D14PC6
146930,MMFL-9.25%-13-1-28-PVT,INE101Q07BU7
146931,MFL-2-3-26-CP,INE522D14PB8
146954,POKARNA LTD.,INE637C01025
146955,Ducon Infratechnologies Ltd,INE741L01018
146956,SRF LTD.,INE647A01010
146957,JINDAL STEEL LIMITED,INE749A01030
146966,Decorous Investment and Tradin,INE183R01010
146972,SDL JK 7.08% 2046,IN4920250060
147008,SDL JK 7.14% 2040,IN4920250078
147038,Share India Securities Limited,INE932X01026
147041,SDL JK 6.84% 2042,IN4920250045
147042,SDL AS 7.22% 2029,IN1220190103
147064,SDL AS 7.2% 2029,IN1220190111
147067,SDL JK 6.42% 2031,IN4920250037
147069,SDL JK 6.42% 2031,IN4920250052
147118,MMFL-9.5%-12-5-27-NCD,INE101Q07BD3
147121,Manaksia Aluminium Company Ltd,INE859Q01017
147136,MMFL-12-11-26-NCD,INE101Q07BC5
147143,SDL JK 6.83% 2042,IN4920250029
147149,MMFL-10%-12-5-28-NCD,INE101Q07BB7
147153,CAPTAIN POLYPLAST LTD,INE536P01021
147160,SDL JK 6.76% 2031,IN4920250011
147164,TANLA PLATFORMS LIMITED,INE483C01032
147165,BIL VYAPAR LIMITED,INE071A01013
147167,MMFL-10%-21-3-28-PVT,INE101Q07BA9
147175,MMFL-9.75%-12-6-27-PVT,INE101Q07BH4
147187,GANDHAR OIL REFINE IND L,INE717W01049
147218,MMFL-10.50%-12-5-30-NCD,INE101Q07BG6
147250,MMFL-10.75%-12-5-30-NCD,INE101Q07BF8
147281,MMFL-10.25%-12-5-29-NCD,INE101Q07BE1
147284,QUICKTOUCH TECHNOLOGIES L,INE0K4D01020
147289,SHIVALIK BIMETAL CON. LTD,INE386D01027
147300,SHILP GRAVURES LTD.,INE960A01017
147309,SW INVESTMENTS LTD,INE948K01011
147313,HARMONY CAPITAL SERVICES LTD.,INE264N01017
147337,HDFCAMC - HDFCQUAL,INF179KC1DL6
147341,MMFL-9.25%-29-8-27-NCD,INE101Q07BL6
147365,SDL WB 7.59% 2039,IN3420230101
147366,IRT-9.855%-A2-10-3-44-PTC,INE05UI15050
147382,MMFL-9%-28-2-27-NCD,INE101Q07BK8
147401,IRT-9.855%-A3-10-3-44-PTC,INE05UI15068
147407,MMFL-10.5%-29-8-30-NCD,INE101Q07BJ0
147415,HDFCAMC - HDFCGROWTH,INF179KC1DJ0
147448,Integra Essentia Limited,INE418N01035
147451,SDL WB 7.79% 2040,IN3420230127
147459,HDFCAMC - HDFCVALUE,INF179KC1DK8
147469,MMFL-10%-27-06-28-PVT,INE101Q07BI2
147484,ASIA PACK LTD.,INE784M01016
147485,SDL WB 7.64% 2043,IN3420230119
147509,5PAISA CAPITAL LIMITED,INE618L01018
147530,HCL TECHNOLOGIES LTD,INE860A01027
147535,LLOYDS ENGINEERING WORKS LIMIT,INE093R01011
147538,VINYL CHEMICALS (INDIA) LTD.,INE250B01029
147583,SDL MH 7.25% 2044,IN2220240203
147596,THIRANI PROJECTS LTD,INE901C01017
147605,MULLER & PHIPPS (INDIA) LTD.,INE003F01015
147610,HOMESFY REALTY LIMITED,INE0N7F01017
147611,SDL MH 7.22% 2049,IN2220240211
147633,BEST EASTERN HOTELS LTD.,INE553F01035
147648,RELIANCE MUTUAL FUND- RELIANCE,INF204KA11C3
147689,NILKAMAL LIMITED,INE310A01015
147691,SDL MP 7.14% 2043,IN2120240063
147705,SDL AS 7.24% 2030,IN1220190178
147707,HFL 8.60% 2029 SR 62,INE957N07773
147716,MSFL-0%-9-9-27-PVT,INE138I08109
147726,SDL MP 7.15% 2035,IN2120240071
147727,SDL AS 7.18% 2030,IN1220190160
147729,SHREE OSFM E-MOBILITY LTD,INE02S501018
147734,SDL MP 7.15% 2043,IN2120240089
147748,HFL 8.8871% 2026 SR 66,INE957N07799
147750,SDL AS 6.9% 2030,IN1220190194
147754,GVK POW. & INFRA LTD.,INE251H01024
147755,SDL MP 7.19% 2038,IN2120240097
147760,JFSL-8.49%-17-11-28-PVT,INE012I07090
147776,SDL AS 7.11% 2030,IN1220190186
147777,ARUNA HOTELS LTD.,INE957C01019
147783,SDL AS 7.18% 2029,IN1220190129
147805,SDL AS 7.22% 2030,IN1220190152
147806,Dynamic Cables Limited,INE600Y01019
147807,SDL AS 7.26% 2029,IN1220190137
147830,SDL AS 7.02% 2030,IN1220190202
147840,MOFL-15-06-26-CP,INE01WN14BU3
147842,SDL AS 7.05% 2030,IN1220190210
147845,MSFL-ZC-29-8-26-PVT,INE138I08083
147867,MSFL-ZC-2-3-26-PVT,INE138I08075
147869,MOFL-27-05-26-CP,INE01WN14BV1
147876,SDL AS 6.95% 2030,IN1220190228
147878,SDL MH 7.20% 2034,IN2220240187
147879,MOFL-12-06-26-CP,INE01WN14BW9
147893,SDL MP 7.26% 2035,IN2120240014
147902,SDL MH 7.24% 2039,IN2220240195
147916,MSFL-ZC-18-12-26-PVT,INE138I08091
147919,NAVKAR URBANSTRUCTURE LIMITED,INE268H01044
147927,SDL MP 7.28% 2045,IN2120240022
147950,SDL MP 7.26% 2038,IN2120240030
147956,Lemon Tree Hotels Limited,INE970X01018
147976,DREAMFOLKS SERVICES LTD,INE0JS101016
147982,SDL MP 7.22% 2045,IN2120240048
147984,ASIAN TEA & EXPORTS LTD.,INE822B01017
148003,Aadhar Housing Finance Limited,INE883F01010
148004,2.50%GOLDBONDS2030SR-III,IN0020220110
148028,FOSECO INDIA LTD.,INE519A01011
148029,SDL MP 7.12% 2036,IN2120240055
148031,GOI LOAN  7.41% 2036,IN0020220102
148047,ASHRAM ONLINE.COM LTD.,INE293C01019
148052,BFSL-20-3-26-CP,INE01C314EA7
148057,SDL MH 7.27% 2044,IN2220240120
148064,FEDERAL BANK LTD.,INE171A01029
148068,GOI LOAN  7.10% 2028,IN0020220136
148071,SDL MH 7.26% 2049,IN2220240138
148077,PREMIER ENERGIES LIMITED,INE0BS701011
148078,L&T Technology Services Limite,INE010V01017
148081,KIFS FINANCIAL SERVICES LTD.,INE902D01013
148095,SWIGGY LIMITED,INE00H001014
148096,DUCOL ORGS AND COLOURS LT,INE0LZO01015
148100,SDL MH 7.22% 2034,IN2220240104
148105,BFSL-10-4-26-CP,INE01C314EC3
148106,MOFL-30-1-26-CP,INE01WN14BO6
148111,GOI LOAN  7.26% 2033,IN0020220151
148127,BLOOM INDUSTRIES LTD.,INE373E01015
148130,SDL MH 7.27% 2039,IN2220240112
148132,SISL-8.50%-25-3-28-PVT,INE285J07058
148133,GOI LOAN  7.29% 2033,IN0020220144
148137,KILBURN ENGINEERING LTD.,INE338F01015
148145,BFSL-30-01-26-CP,INE01C314EE9
148153,SDL MH 7.22% 2045,IN2220240161
148155,Kingfa Science & Technology (I,INE473D01015
148158,JFSL-8.40%-18-11-27-PVT,INE012I07108
148169,SDL MH 7.22% 2050,IN2220240179
148177,JMFSL-8.30%-27-05-27-PVT,INE012I07116
148178,2.50%GOLDBONDS2031SR-IV,IN0020220169
148189,SDL MH 7.21% 2035,IN2220240146
148196,BANSWARA SYNTEX LTD.,INE629D01020
148203,SDL MH 7.23% 2040,IN2220240153
148208,SIMANDHAR IMPEX LIMITED,INE0VI201010
148209,HFL 8.7% 27 SR 70 OP II,INE957N07815
148215,GOI LOAN  7.4% 2062,IN0020220094
148216,HALEOS LABS LIMITED,INE320X01016
148222,Ksolves India Limited,INE0D6I01023
148224,HFL 8.7% 2026 SR 70,INE957N07807
148229,GOI LOAN  7.36% 2052,IN0020220086
148239,SNL BEARINGS LTD.,INE568F01017
148240,CHENNAI PETROLEUM CORP LT,INE178A01016
148248,HFL 8.42% 2027 SR71 OPII,INE957N07823
148249,REC LIMITED,INE020B01018
148251,STN23II-8.75%-17-3-28-PTC,INE0RVR15014
148253,RELIANCE MUTUAL FUND- RELIANCE,INF204KA12C1
148254,752APSDL37,IN1020250420
148255,BANK OF MAHARASHTRA,INE457A01014
148264,HFL 7.80% 2027 SR 75,INE957N07856
148269,RELIANCE MUTUAL FUND- RELIANCE,INF204KA12H0
148270,GOWRA LEASING & FINANCE LTD.,INE225G01012
148276,NEXUS SURGICAL AND MEDICARE LI,INE370Q01015
148284,HFL 7.99% 2027 SR 073,INE957N07849
148286,MANOJ VAIBHAV GEM N JEW L,INE0KNT01012
148332,HMTL-TBILL+SPREAD-8-5-26-PVT,INE419U08025
148361,Gokul Agro Resources Ltd,INE314T01033
148371,SDL MP 7.26% 2039,IN2120240188
148411,SDL MP 7.27% 2045,IN2120240196
148458,OLYMPIA INDUSTRIES LTD.,INE482O01021
148500,759ADSDL47,IN1020250495
148508,GS22AUG28C,IN000828C029
148569,REXPRO ENTERPRISES LTD,INE113601012
148591,SDL AS 7.20% 2030,IN1220190236
148598,LENSKART SOLUTIONS LTD,INE956O01016
148599,SRG HOUSING FINANCE LTD.,INE559N01010
148602,SDL AS 7.50% 2030,IN1220190244
148603,MICROSE INDIA LTD.,INE809F01015
148641,AVT NATURAL PRODUCTS LTD.,INE488D01021
148646,SDL MP 7.16% 2044,IN2120240105
148650,ELECTROSTEEL CASTINGS LTD,INE086A01029
148655,SDL MH 7.30% 2039,IN2220240088
148662,Defrail Technologies Limited,INE0ZE201010
148668,SDL MP 7.17% 2041,IN2120240113
148689,SDL MH 7.33% 2044,IN2220240096
148698,INTL CONVEYORS LIMITED,INE575C01027
148703,FIBERWEB INDIA LIMITED,INE296C01020
148711,SDL MH 7.27% 2034,IN2220240062
148712,SDL MP 7.14% 2045,IN2120240121
148724,BENGAL TEA & FABRICS LTD.,INE665D01016
148726,SDL MP 7.17% 2038,IN2120240139
148728,SDL MH 7.30% 2038,IN2220240070
148737,SDL MP 7.12% 2047,IN2120240147
148773,NAGREEKA EXPORTS LTD.,INE123B01028
148783,SDL MP 7.16% 2037,IN2120240154
148815,SDL MP 7.16% 2040,IN2120240162
148817,ADITYA INFOTECH LIMITED,INE819V01029
148819,W.S.INDUSTRIES (INDIA) LTD.,INE100D01014
148825,JMFSL-9.0964%-11-3-26-PVT,INE012I07041
148858,SDL MP 7.18% 2048,IN2120240170
148873,VIKRAM THERMO (INDIA) LTD.,INE337E01010
148876,HMTL-RESET RATE-26-9-26-PVT,INE419U08033
148880,GOI LOAN 7.10% 2029,IN0020220011
148893,SDL MH 7.43% 2039,IN2220240013
148895,KRISHANVEER FORGE LIMITED,INE013J01016
148906,SWELECT ENERGY SYS LTD,INE409B01013
148908,GOI LOAN 7.38% 2027,IN0020220037
148920,GOI LOAN  7.54% 2036,IN0020220029
148930,SDL MH 7.45% 2041,IN2220240047
148931,MANAK ALUMINIUM CO. LTD.,INE859Q01017
148942,ENVIRO INFRA ENGINEERS LIMITED,INE0LLY01014
148955,RAUNAQ INTERNATIONAL LIMITED,INE523K01012
148957,SDL MH 7.44% 2042,IN2220240054
148962,2.50%GOLDBONDS2030SR-I,IN0020220045
148972,SDL MH 7.44% 2041,IN2220240021
148974,DVC25MAR13,INE753F08028
148978,SACHEEROME LIMITED,INE1ARD01016
148979,2.50%GOLDBONDS2030SR-II,IN0020220078
148980,SDL MH 7.44% 2042,IN2220240039
148983,GOI LOAN  7.26% 2032,IN0020220060
148984,AUSTRALIAN PREM SOLAR I L,INE0P0001010
148985,MARUTI SUZUKI INDIA LTD.,INE585B01010
148986,SDL MH 7.12% 2036,IN2220240401
148992,PALASH SECURITIES LTD,INE471W01019
148993,Career Point Edutech Limited,INE0P6P01016
149005,XTGLOBAL INFOTECH LIMITED,INE547B01028
149007,BGR ENERGY SYSTEMS LTD,INE661I01014
149008,SARTHAK INDUSTRIES LTD.,INE074H01012
149010,SDL MH 7.17% 2037,IN2220240443
149026,SDL MH 7.18% 2038,IN2220240450
149033,MADHUR INDUSTRIES LTD.,INE110C01015
149035,SDL MH 7.12% 2038,IN2220240427
149046,SDL MH 7.13% 2037,IN2220240419
149048,CONTINENTAL CHEMICALS LTD.,INE423K01015
149050,SDL MH 7.14% 2039,IN2220240435
149052,UNIPHOS ENTERPRISES LTD,INE037A01022
149076,LORENZINI APPARELS LIMITED,INE740X01023
149096,MAC CHARLES (INDIA) LTD.,INE435D01014
149107,LLOYD RS.0.50 PPD UP,IN9093R01019
149111,HDFCAMC - HDFCLIQUID,INF179KC1JG3
149118,THE SOUTH INDIAN BANK LTD,INE683A01023
149135,SDL MP 7.22% 2042,IN2120240220
149145,ORICON ENTERPRISES LTD,INE730A01022
149148,MOHFL-8.55%-24-03-28-PVT,INE658R07448
149153,091TB190919,IN002019X128
149156,SDL MP 7.23% 2047,IN2120240238
149161,REDINGTON LIMITED,INE891D01026
149171,MOHFL-8.55%-07-01-27-PVT,INE658R07430
149173,Kotak Mahindra Mutual Fund,INF174KA1NH0
149181,SDL MP 7.14% 2032,IN2120240246
149212,SDL MP 7.18% 2046,IN2120240253
149235,Chatterbox Technologies Limite,INE1B4801017
149237,SDL MP 7.18% 2049,IN2120240261
149249,Kotak Mahindra Mutual Fund,INF174KA1NM0
149255,SDL UP 7.14% 2030,IN3320190207
149264,SDL MP 7.05% 2032,IN2120240279
149287,SIMPLEX PAPERS LTD.,INE456H01029
149293,LT 6.35% SB 2028,INE018A08BN0
149308,SDL MP 7.02% 2035,IN2120240287
149326,Kotak Mahindra Mutual Fund,INF174KA1NO6
149331,LT 7.20% 2035,INE018A08BM2
149351,360 ONE WAM LIMITED,INE466L01038
149354,SOBHA LIMITED,INE671H01015
149358,Kotak Mahindra Mutual Fund,INF174KA1NN8
149361,LT 7.19% 2034,INE018A08BL4
149371,SDL UP 6.90% 2030,IN3320190256
149374,SDL MH 7.11% 2038,IN2220240369
149394,SDL UP 7.04% 2030,IN3320190249
149402,SDL MH 7.14% 2043,IN2220240377
149409,DME 7.23% 2034 SR I,INE0J7Q07256
149415,TEXMO PIPES & PRODUCTS LTD.,INE141K01013
149425,SDL UP 7.03% 2030,IN3320190231
149432,SDL MH 7.1% 2032,IN2220240344
149443,DME DEV 7.55% 2039 SR V,INE0J7Q07249
149452,SDL UP 6.91% 2030,IN3320190223
149456,BANK OF MAHARASHTRA,INE457A01014
149461,SPL INDUSTRIES LTD.,INE978G01016
149466,SDL MH 7.13% 2037,IN2220240351
149476,CENTRUM CAPITAL LTD.,INE660C01027
149480,SDL UP 7.09% 2030,IN3320190215
149481,SYSTANGO TECHNOLOGIES LTD,INE0O7R01011
149495,Kotak Mahindra Mutual Fund,INF174KA1NE7
149500,VL E-Governance & IT Solutions,INE03HW01020
149501,JAIN IRRIGATION SYSTEMS LTD.,INE175A01038
149509,SDL UP 7.3% 2030,IN3320190280
149529,MANAKSIA LTD.,INE015D01022
149531,SDL MP 7.27% 2048,IN2120240204
149532,XPRO INDIA LTD.,INE445C01015
149533,CITADEL REALTY AND DEVELOPERS,INE906D01014
149534,SDL UP 7.93% 2030,IN3320190272
149535,SDL MH 7.23% 2041,IN2220240385
149536,Kotak Mahindra Mutual Fund,INF174KA1NG2
149540,SDL UP 7.10% 2030,IN3320190264
149541,SDL MP 7.17% 2031,IN2120240212
149546,SOBHA,INE671H01015
149548,Kotak Mahindra Mutual Fund,INF174KA1NF4
149549,SDL MH 7.24% 2044,IN2220240393
149552,726MHSDL49,IN2220240138
149557,727MHSDL44,IN2220240120
149558,MOHINI HEALTH&HYGIENE LTD,INE450S01011
149559,762JKSDL41,IN4920250227
149560,SIYARAM SILK MILLS LTD,INE076B01028
149564,SANWARIA CONSUMER LIMITED,INE890C01046
149565,SDL UP 7.18% 2030,IN3320190199
149568,727MHSDL39,IN2220240112
149575,NEOCHEM BIO SOLUTIONS LTD,INE21UM01018
149582,SDL UP 7.22% 2030,IN3320190181
149585,LGS13J25-8.42%-20-10-27-PTC,INE29DX15014
149589,SEJAL GLASS LIMITED,INE955I01044
149594,SPL INDUSTRIES LIMITED,INE978G01016
149596,SDL MH 7.12% 2038,IN2220240328
149601,SMCGSL-24-04-27-NCD,INE103C07124
149602,SGSL-30-10-27-NCD,INE103C07132
149610,SDL MH 7.12% 2043,IN2220240336
149612,SGSL-10%-30-10-28-NCD,INE103C07140
149621,SDL MH 7.07% 2032,IN2220240302
149625,SMCGSL-10.25%24-04-28-NCD,INE103C07108
149627,NOUVEAU GLOBAL VENTURES LTD.,INE317B01042
149628,WINDLAS BIOTECH LIMITED,INE0H5O01029
149633,CIGNITI TECHNOLOGIES LTD.,INE675C01017
149641,SDL MH 7.11% 2036,IN2220240310
149643,SMCGSL-24-04-28-NCD,INE103C07116
149645,ABFL-Nifty 50 Index-,INE00ZD07637
149648,KOTHARI SUG & CHEM LTD.,INE419A01022
149649,SGSL-9.8%-30-10-30-NCD,INE103C07173
149656,SGSL-9.75%-30-10-27-NCD,INE103C07181
149675,SGSL-30-10-28-NCD,INE103C07157
149676,SGSL-10.25%-30-10-30-NCD,INE103C07165
149678,TREJHARA SOLUTIONS LTD,INE00CA01015
149685,AMIT INTERNATIONAL LTD.,INE053D01015
149714,DHARIWALCORP LIMITED,INE0YRN01017
149729,DREAMFOLKS SERVICES LIMITED,INE0JS101016
149730,SDL NL 6.85% 2031,IN2620210012
149734,Soverign Gold Bond 2022-23 Sr ,IN0020220110
149743,USHA MARTIN EDU & SOL LTD,INE240C01028
149756,W.S.INDUSTRIES (I) LTD.,INE100D01014
149757,741GOI36,IN0020220102
149785,71GOI2029,IN0020220011
149812,HDFCAMC - HDFCNIFIT,INF179KC1IA8
149816,SDL NL 6.8% 2031,IN2620210046
149838,SDL NL 7.0% 2031,IN2620210053
149844,BIRLANU LIMITED,INE557A01011
149853,R.S.SOFTWARE INDIA LTD.,INE165B01029
149854,RELIANCE FIXED HORIZON FUND XX,INF204KA10N2
149858,738GOI2027,IN0020220037
149865,SDL NL 6.85% 2031,IN2620210020
149875,Jay Kailash Namkeen Limited,INE0MSS01019
149881,754GOI2036,IN0020220029
149911,SDL NL 6.97% 2031,IN2620210038
149933,MBL Infrastructure Ltd,INE912H01013
149935,Sovereign Gold Bonds 2022-23 S,IN0020220045
149955,DRS CARGO MOVERS LIMITED,INE0QZM01018
149957,Sovereign Gold Bonds 2022-23 S,IN0020220078
149974,SDL NL 7.0% 2031,IN2620210061
149986,HDFCAMC - HDFCPVTBAN,INF179KC1HZ7
149991,ICICI Prudential Mutual Fund,INF109K1A344
149993,726GOI2032,IN0020220060
150013,SDL NL 7.34% 2032,IN2620210079
150017,SDL UP 7.19% 2029,IN3320190132
150019,733MHSDL44,IN2220240096
150022,SDL MH 7.25% 2045,IN2220240245
150025,74GOI2062,IN0020220094
150026,HALEOS LABS LIMITED,INE320X01016
150027,SYSTEMATIC INDUSTRIES LIMITED,INE1KLZ01011
150031,HDFCAMC - HDFCSENSEX,INF179KC1HX2
150032,SDL UP 7.28% 2029,IN3320190124
150037,AIPL-RESET RATE-26-2-29-PVT,INE0REQ08017
150049,730MHSDL39,IN2220240088
150050,SDL MH 7.26% 2050,IN2220240252
150051,Sar  Auto Products Limited,INE002E01010
150053,736GOI2052,IN0020220086
150059,HDFCAMC - HDFCNIFBAN,INF179KC1HY0
150060,730MHSDL38,IN2220240070
150061,SDL MH 7.23% 2035,IN2220240229
150063,HDFCAMC - HDFCMOMENT,INF179KC1HV6
150074,SDL MH 7.24% 2040,IN2220240237
150075,CAMPUS ACTIVEWEAR LIMITED,INE278Y01022
150076,727MHSDL34,IN2220240062
150077,IKFHFL-10.85%-31-8-26-PVT,INE02VP08022
150078,HANMAN FIT LIMITED,INE982Q01017
150079,AEGIS VOPAK TERMINALS LIMITED,INE0INX01018
150080,BITS LTD.,INE839A01021
150081,HDFCAMC HDFCPSUBK,INF179KC1HW4
150088,SDL UP 7.18% 2030,IN3320190173
150093,SDL MH 7.13% 2037,IN2220240286
150106,IFGL Refractories Limited,INE133Y01011
150108,JHS SVENDGAARD RETAIL V L,INE03DD01011
150111,HDFCAMC - HDFCMID150,INF179KC1HT0
150113,G. K. P. Printing & Packaging ,INE05QJ01015
150116,SDL UP 7.16% 2029,IN3320190165
150119,HDFCAMC - HDFCLOWVOL,INF179KC1HU8
150128,SDL MH 7.13% 2043,IN2220240294
150148,BHAGYANAGAR INDIA LIMITED,INE458B01036
150149,SDL UP 7.29% 2029,IN3320190157
150157,HDFCAMC - HDFCNIF100,INF179KC1HR4
150165,SDL MH 7.1% 2033,IN2220240260
150175,HDFCAMC - HDFCNEXT50,INF179KC1HS2
150178,TPL PLASTECH LIMITED,INE413G01022
150181,SDL MH 7.12% 2036,IN2220240278
150182,SDL UP 7.26% 2029,IN3320190140
150193,AJAX ENGINEERING LIMITED,INE274Y01021
150196,ALBERT DAVID LIMITED,INE155C01010
150200,FEDERAL BANK LTD,INE171A01029
150201,ANJANI FINANCE LTD.,INE283D01018
150212,Kotak Mahindra Mutual Fund,INF174KA1LU7
150232,Kotak Mahindra Mutual Fund,INF174KA1LT9
150246,EFCL-30-10-28-PVT,INE836K07304
150255,AXISAMC - AXISVALUE,INF846KA1119
150258,Jubilant Agri and Consumer Pro,INE03CC01015
150275,SYLVAN PLYBOARD (INDIA) L,INE01IH01015
150281,Kotak Mahindra Mutual Fund - P,INF174KA1LV5
150285,S.A.L.STEEL LTD.,INE658G01014
150286,DRC SYSTEMS INDIA LIMITED,INE03RS01027
150287,Consecutive Investments & Trad,INE187R01029
150291,EFCL-30-10-28-PVT,INE836K07312
150299,FERTILIZERS & CHEMICALS TRAVAN,INE188A01015
150324,726GOI2029,IN0020180454
150328,SOVEREIGN GOLD BOND 2019 SERIE,IN0020180462
150336,Nexus Select Trust,INE0NDH25011
150369,FERMENTA BIOTECH LIMITED,INE225B01021
150403,RBL BANK LIMITED,INE976G01028
150441,La Tim Metal & Industries Limi,INE501N01020
150471,Kotak Mahindra Mutual Fund,INF174KA1LO0
150479,Bharat Parenterals Limited,INE365Y01019
150506,Kotak Mahindra Mutual Fund,INF174KA1LN2
150516,NEWJAISA TECHNOLOGIES LTD,INE0PW501021
150517,K.P. ENERGY LIMITED,INE127T01021
150522,GIL-7.50%-10-6-27-PVT,INE047A08190
150525,VIVO COLLAB SOLUTIONS LTD,INE0IA701014
150545,INTEGRA CAPITAL LIMITED,INE366H01012
150550,Kotak Mahindra Mutual Fund,INF174KA1LQ5
150551,HITTCO TOOLS LTD.,INE863C01019
150562,GIL-6.99%-4-4-31-PVT,INE047A08182
150577,Kotak Mahindra Mutual Fund,INF174KA1LP7
150615,Kotak Mahindra Mutual Fund,INF174KA1LS1
150632,SHREE RENUKA SUGARS LTD.,INE087H01022
150647,GS06NOV56,IN001156C016
150659,Kotak Mahindra Mutual Fund,INF174KA1LR3
150666,SDL AP 7.6% 2044,IN1020250479
150678,SDL AP 7.6% 2045,IN1020250487
150692,SDL AP 7.59% 2047,IN1020250495
150707,HARRISONS MALAYALAM LTD.,INE544A01019
150726,SDL AP 7.54% 2042,IN1020250438
150760,SDL AP 7.53% 2036,IN1020250446
150765,BHANDERI INFRACON LTD,INE336Q01016
150773,TRIVENI ENTERPRISES LTD,INE916P01025
150779,SDL AP 7.64% 2040,IN1020250453
150790,DYNAMIC CABLES LIMITED,INE600Y01019
150798,815TN2028,IN3120180036
150804,USHA MARTIN EDUCATION & SOLUTI,INE240C01028
150805,SDL AP 7.61% 2042,IN1020250461
150817,805TN2028,IN3120180010
150823,ABCL-7.9413%-7-8-28-PVT,INE860H07JC8
150827,SOVERIEGN GOLD BOND 2019 SERIE,IN0020180561
150836,ABCL-8.0208%-18-2-30-PVT,INE860H07JD6
150844,ABCL-8.1%-7-9-29-PVT,INE860H07JA2
150849,GDPL-9.60%-24-3-26-PVT,INE965R07280
150850,YORK EXPORTS LTD.,INE057Q01018
150851,SHREE RAMA MULTI-TECH LTD.,INE879A01019
150852,MAESTROS ELECTRONICS & TELECOM,INE318N01011
150862,ABCL-7.91%-9-10-34-PVT,INE860H07JB0
150864,Goenka Business & Finance Limi,INE997C01015
150875,DYNACONS SYSTEMS & SOLUTIONS L,INE417B01040
150876,BOMBAY CYCLE & MOTOR AGENCY LT,INE691K01017
150907,SHANMUGA HOSPITAL LIMITED,INE0TD301017
150908,ABCL-8.0163%-18-5-29-PVT,INE860H07JE4
150922,RAMA PETROCHEMICALS LTD.,INE783A01013
150934,JAIN DVR EQUITY SHARES,IN9175A01010
150946,Campus Activewear Limited,INE278Y01022
150960,ROTO PUMPS LTD.,INE535D01037
150962,FEL-10.15%-XXVIB-18-6-27-PVT,INE623B07974
150972,ENCODE PACKAGING INDIA LIMITED,INE900O01014
150976,GDPL-9.60%-11-6-26-PVT,INE965R07330
150986,SDL WB 6.94% 2036,IN3420210202
150988,GDPL-9.60%-12-3-26-PVT,INE965R07348
150989,EFCL-24-04-28-PVT,INE836K07205
150992,PERSISTENT SYSTEMS LTD,INE262H01021
150993,SDL WB 7.05% 2036,IN3420210210
151009,FLEX FOODS LTD.,INE954B01018
151012,SDL WB 7.12% 2036,IN3420210228
151013,FEL-10.15%-30-09-26-PVT,INE623B07933
151023,SDL WB 7.14% 2032,IN3420210236
151034,EFCL-23-04-27-PVT,INE836K07213
151046,SDL WB 7.23% 2032,IN3420210244
151050,EFCL-21-04-28-PVT,INE836K07221
151054,FEL-10.6%-31-12-26-PVT,INE623B07958
151100,EFCL-14-6-27-PVT,INE836K07254
151102,SDL WB 7.48% 2037,IN3420210251
151120,Galada Finance Limited,INE243E01010
151154,BANK OF INDIA,INE084A01016
151157,SDL WB 7.17% 2032,IN3420210269
151169,GS19MAR2041,IN000341C031
151179,SDL WB 7.46% 2040,IN3420210277
151181,EFCL-20-08-27-PVT,INE836K07270
151194,GUJARAT THEMIS BIOSYN LTD,INE942C01045
151199,ASIAN HOTELS (NORTH) LTD,INE363A01022
151202,FEL-10%-31-3-26-PVT,INE623B07917
151223,SDL WB 7.4% 2038,IN3420210285
151226,ARIGATO UNIVERSE LIMITED,INE021N01011
151228,EFCL-20-7-28-PVT,INE836K07262
151266,EFCL-29-5-28-PVT,INE836K07288
151268,STOVE KRAFT LIMITED,INE00IN01015
151271,SDL GA 7.12% 2034,IN1420240070
151295,SDL WB 7.36% 2032,IN3420210293
151311,MANBA FINANCE LIMITED,INE939X01013
151323,SDL GA 7.13% 2034,IN1420240088
151392,SDL GA 7.17% 2035,IN1420240096
151453,SDL GA 7.23% 2034,IN1420240039
151473,SANMITRA COMMERCIAL LTD.,INE896J01014
151475,ABHFL-17-3-26-CP,INE831R14FM1
151488,SDL GA 7.25% 2035,IN1420240047
151505,ABHFL-13-2-26-CP,INE831R14FL3
151507,SAMVRDHNA MTHRSN INTL LTD,INE775A01035
151521,LGS-9.1%-20-1-28-PTC,INE2JYU15015
151526,SDL GA 7.12% 2034,IN1420240054
151530,818TN2028,IN3120180192
151538,HAVELLS INDIA LTD.,INE176B01034
151549,LGS-10.50%-20-1-28-PTC,INE2JYU15023
151552,ABHFL-03-03-26-CP,INE831R14FO7
151554,KAJARIA CERAMICS LTD,INE217B01036
151555,SDL GA 7.12% 2035,IN1420240062
151567,ABHFL-27-2-26-CP,INE831R14FN9
151578,KEI INDUSTRIES LTD.,INE878B01027
151603,ABHF-3-2-26-CP,INE831R14FI9
151612,GODREJ PROPERTIES LTD,INE484J01027
151649,SDL GA 7.33% 2039,IN1420240013
151683,ABHF-10-2-26-CP,INE831R14FK5
151696,SDL GA 7.36% 2034,IN1420240021
151706,ABHFL-5-2-26-CP,INE831R14FJ7
151725,MFIL-12%-25-9-26-PVT,INE911L07139
151732,MFIL-11.5%-30-12-28-PVT,INE911L07147
151765,SASKEN TECHNOLOGIES LTD,INE231F01020
151771,SOLITAIRE MACHINE TOOLS LTD.,INE410A01013
151772,MFIL-11.6%-18-2-27-PVT,INE911L07121
151775,MUKKA PROTEINS LIMITED,INE0CG401037
151783,TMCV 7.65% 2028 SRE TRIII,INE1TAE08023
151793,ELECTROTHERM (INDIA) LTD.,INE822G01016
151800,MFIL-12%-3-7-26-PVT,INE911L07113
151805,TMCV 7.65% 2027 SR E TR I,INE1TAE08015
151857,Platinum Industries Limited,INE0PT501018
151881,JUSTDIAL LTD.,INE599M01018
151892,ONWARD TECHNOLOGIES LTD.,INE229A01017
152028,SDL PY 6.9% 2029,IN3820200027
152045,WONDER ELECTRICALS LTD,INE02WG01024
152052,SDL PY 5.75% 2026,IN3820200035
152080,Karnavati Finance Limited,INE554R01020
152081,SHAH METACORP LIMITED,INE482J01021
152086,SDL PY 6.52% 2030,IN3820200043
152130,XELPMOC DESIGN & TECH LTD,INE01P501012
152149,COMPUCOM SOFTWARE LTD.,INE453B01029
152155,AURO IMPEX & CHEMICALS L,INE0NUL01018
152172,BODHI TREE MULTIMEDIA LIMITED,INE0EEJ01023
152175,INDO COUNT INDUSTRIES LTD,INE483B01026
152178,AVSL INDUSTRIES LIMITED,INE522V01011
152184,PASARI SPINNING MILLS LTD.,INE604F01010
152189,SDL AP 7.62% 2036,IN1020250305
152210,DEE DEVELOPMENT ENGINEERS LIMI,INE841L01016
152224,ABHFL-11-3-26-CP,INE831R14FQ2
152234,EFCL-10%-17-12-27-PVT,INE836K07171
152253,ECO RECYCLING LTD.,INE316A01038
152264,ABHFL-10-3-26-CP,INE831R14FP4
152265,MEP Infrastructure Developers ,INE776I01010
152271,EFCL-27-4-27-PVT,INE836K07189
152276,ABHFL-8-6-26-CP,INE831R14FS8
152278,ABH-10-4-26-CP,INE831R14FR0
152289,SBI-ETF NIFTY 50,INF200KA1FS1
152314,SEC RE NCGB 8.25% STRPP A,INE00QS24019
152315,SDL AP 6.87% 2033,IN1020250230
152324,Shiva Granito Export Limited,INE191V01015
152335,SDL AP 6.88% 2034,IN1020250248
152350,TIMKEN INDIA LTD.,INE325A01013
152357,SDL AP 6.77% 2031,IN1020250255
152380,INTRASOFT TECHNOLOGIES LTD.,INE566K01011
152396,SDL AP 6.96% 2033,IN1020250263
152424,INNOCORP LTD.,INE214B01017
152442,SDL AP 7.08% 2040,IN1020250206
152449,KOTAK MAHINDRA MUTUAL FUND,INF174KA1JD7
152459,SDL AP 6.80% 2035,IN1020250214
152468,NIMBUS PROJECTS LTD.,INE875B01015
152470,ADVIK LABORATORIES LTD.,INE537C01019
152478,HINDUSTAN ZINC LTD.,INE267A01025
152489,SEC RE NCGB 8.25% STRPP B,INE00QS24043
152504,SDL AP 7.00% 2037,IN1020250222
152511,SEC RE NCGB 8.25% STRPP C,INE00QS24027
152521,SEC RE NCGB 8.25% STRPP D,INE00QS24035
152541,SDL PY 6.64% 2032,IN3820200050
152548,Vanta Bioscience Limited,INE695X01011
152549,TATA STEEL LTD.,INE081A01020
152550,REPCO HOME FINANCE LTD.,INE612J01015
152554,MEDIA MATRIX WORLDWIDE LTD.,INE200D01020
152557,TV VISION LIMITED,INE871L01013
152567,Aptus Pharma Limited,INE15XJ01010
152575,SDL PY 6.3% 2026,IN3820200076
152580,ADDICTIVE LEARNING TECH L,INE0RDH01021
152588,SDL PY 6.86% 2034,IN3820200084
152594,VIBHOR STEEL TUBES LIMITED,INE0QTF01015
152604,SDL AP 6.96% 2034,IN1020250271
152611,SDL PY 6.98% 2033,IN3820200092
152619,SDL AP 7.48% 2033,IN1020250289
152644,TANFAC INDUSTRIES LTD.,INE639B01015
152650,SDL AP 7.48% 2034,IN1020250297
152659,SOUTHERN GAS LTD.,INE532U01012
152672,Sovereign Gold Bonds 2020-21 S,IN0020200088
152696,619GOI2034,IN0020200096
152706,BFSL-23-3-26-CP,INE01C314DY9
152707,Mahanagar Gas Limited,INE002S01010
152713,ABCL-8.38%-PERPETUAL-PVT,INE674K08059
152727,SIGMA SOLVE LIMITED,INE0A0S01028
152736,BFSL-18-3-26-CP,INE01C314DZ6
152756,ABCL-8.3710%-PERPETUAL-PVT,INE674K08067
152760,Odigma Consultancy Solutions L,INE054301028
152771,Kotak Mahindra Mutual Fund,INF174KA1KX3
152775,RPG LIFE SCIENCES LTD,INE105J01010
152782,Kotak Mahindra Mutual Fund,INF174KA1KW5
152795,MODI RUBBER LTD.,INE832A01018
152805,Kotak Mahindra Mutual Fund,INF174KA1KV7
152830,Kotak Mahindra Mutual Fund,INF174KA1KY1
152836,GS19SEP2040,IN000940C030
152841,R&B DENIMS LTD,INE012Q01021
152881,RRVUN-9%-I-24-12-2026-PVT,INE891F08018
152899,GS06NOV33,IN001133C023
152902,SDL AP 7.37% 2034,IN1020250404
152931,BFSL-11-3-26-CP,INE01C314DQ5
152937,The Hi-Tech Gears Ltd,INE127B01011
152943,SDL AP 7.44% 2035,IN1020250412
152947,TUNI TEXTILE MILLS LTD.,INE560D01027
152951,Lenskart Solutions Limited,INE956O01016
152972,BFSL-12-3-26-CP,INE01C314DR3
152973,V R INFRASPACE LIMITED,INE0QQM01017
152977,SDL AP 7.52% 2037,IN1020250420
152983,EFCL-10.18%-27-4-27-PVT,INE836K07015
153000,BFSL-13-3-26-CP,INE01C314DS1
153019,ABCL-7.57%-3-8-35-PVT,INE674K08034
153031,EFCL-8-4-27-PVT,INE836K07056
153032,BFSL-16-06-26-CP,INE01C314DT9
153039,DECO-MICA LTD.,INE907E01010
153046,ABCL-8.42%-PERPETUAL-PVT,INE674K08042
153048,OIL COUNTRY TUBULAR LTD.,INE591A01010
153061,BFSL-17-03-26-CP,INE01C314DU7
153067,ABCL-8.03%-4-5-35-PVT,INE674K08018
153090,ABCL-8.4240%-PERPETUAL-PVT,INE674K08026
153093,HIND ALUMINIUM INDUSTRIES LTD.,INE227B01019
153102,RRVUN-8.74%-26-3-27-PVT,INE891F08026
153108,EFCL-09-04-27-PVT,INE836K07064
153110,CREATIVE NEWTECH LIMITED,INE985W01018
153115,SDL AP 7.27% 2036,IN1020250354
153117,FABINO ENTERPRISES LIMITED,INE0DRT01018
153120,BFSL-10-02-26-CP,INE01C314DG6
153134,SDL AP 7.3% 2037,IN1020250362
153135,BFSL-11-02-26-CP,INE01C314DH4
153138,BFSL-13-02-26-CP,INE01C314DI2
153140,AWL AGRI BUSINESS LIMITED,INE699H01024
153148,SDL AP 7.35% 2036,IN1020250370
153153,BFSL-16-02-26-CP,INE01C314DJ0
153160,SDL AP 7.53% 2040,IN1020250388
153166,H.P.COTTON TEXTILE MILLS LTD.,INE950C01014
153177,SDL AP 7.63% 2037,IN1020250313
153181,SRG HOUSING FINANCE L,INE559N01010
153200,BFSL-18-2-26-CP,INE01C314DL6
153210,Quantum Nifty 50 ETF,INF082J01028
153217,SDL AP 7.5% 2045,IN1020250321
153218,YASH TRADING & FINANCE LTD.,INE745A01012
153239,BFSL-24-02-26-CP,INE01C314DM4
153244,SDL AP 7.5% 2046,IN1020250339
153258,BFSL-10-3-26-CP,INE01C314DN2
153271,GIL-6.56%-06-06-30-PVT,INE047A08240
153279,SDL AP 7.14% 2033,IN1020250347
153284,CREDITACCESS GRAMEEN LTD,INE741K01010
153296,GIL-7.21%-19-12-34-PVT,INE047A08232
153297,B.C. POWER CONTROLS LTD,INE905P01028
153298,GTL INFRASTRUCTURE LTD.,INE221H01019
153308,PFC-7.52%-2B-17-10-30-BOND,INE134E07562
153310,LGS17-8.42%-20-04-28-PTC,INE2PA615015
153311,RENAISSANCE GLOBAL LIMITED,INE722H01024
153312,LGS17-9.57%-20-04-28-PTC,INE2PA615023
153317,PFC-7.35%-3A-17-10-35-BOND,INE134E07570
153324,CAPITAL SMALL FIN BANK L,INE646H01017
153326,ASHIMA LTD,INE440A01010
153327,GIL-7.63%-01-2-27-PVT,INE047A08208
153336,719GOI2060,IN0020200039
153344,PFC-7.27%-2A-17-10-30-BOND,INE134E07554
153351,SDL AP 7.59% 2044,IN1020250396
153357,716GOI2050,IN0020200054
153359,BFSL-03-02-26-CP,INE01C314DD3
153375,Sovereign Gold Bonds 2020-21 S,IN0020200062
153377,BFSL-6-2-26-CP,INE01C314DE1
153380,579GOI2030,IN0020200070
153381,PFC-7.60%-3B-17-10-35-BOND,INE134E07588
153382,BFSL-12-02-26-CP,INE01C314DF8
153383,Shoora Designs Limited,INE0OJZ01019
153393,Kotak Mahindra Mutual Fund,INF174KA1HM2
153396,HYBRID FINANCIAL SERVICES LIMI,INE965B01022
153399,Solvex Edibles Limited,INE1IIQ01028
153405,TEESTA AGRO INDUSTRIES LTD.,INE757D01011
153409,GS19SEP2038C,IN000938C034
153413,Kotak Mahindra Mutual Fund,INF174KA1HL4
153421,QUALITY POWER ELECTRICAL EQUIP,INE0SII01026
153426,846PFC28,INE134E07380
153429,TAINWALA CHEMICALS & PLASTICS,INE123C01018
153432,Galaxy Surfactants Limited,INE600K01018
153433,Sumuka Agro Industries Limited,INE311N01016
153437,Kotak Mahindra Mutual Fund,INF174KA1HN0
153474,769MAHSDL31,IN2220220213
153509,PRESSURE SENSITIVE SYSTEMS (IN,INE891E01024
153516,SBI CARDS & PAY SER LTD,INE018E01016
153522,Saptak Chem And Business Limit,INE467X01023
153524,STELLAR134-9.40%-19-05-28-PTC,INE1TQS15016
153529,SDL AR 6.99% 2030,IN1120190039
153530,STELLAR1234-9.40%-19-05-28-PTC,INE1TQS15024
153534,OLA ELECTRIC MOBILITY LTD,INE0LXG01040
153550,SDL AR 7.20% 2030,IN1120190047
153564,RSEJFPL-8.44%-31-8-29-PVT,INE154Z07011
153572,Bandhan Mutual Fund,INF194KB1793
153624,GTL LTD.,INE043A01012
153627,Kotak Mahindra Mutual Fund,INF174KA1HK6
153642,KOTAK MAHINDRA MUTUAL FUND - K,INF174KA1HJ8
153675,ABCL-8.00%-11-6-27-PVT,INE860H07FD4
153722,SDL AP 6.78% 2033,IN1020250016
153742,774MAHSDL33,IN2220220189
153761,770MAHSDL31,IN2220220197
153762,RSOT-15.22%-22-3-61-PTC,INE0GN515015
153766,SDL AP 6.79% 2034,IN1020250024
153769,GMR AIRPORTS LIMITED,INE776C01039
153787,Bandhan Mutual Fund,INF194KB1736
153827,MAHINDRA HOLIDAYS & RESORTS IN,INE998I01010
153846,TRANSFORMERS AND RECTIFIERS (I,INE763I01026
153880,Sovereign Gold Bonds 2020-21 S,IN0020200104
153910,Bandhan Mutual Fund,INF194KB1769
153912,UNIINFO TELECOM SERVI LTD,INE481Z01011
153918,Bandhan Mutual Fund,INF194KB1777
153964,TALBROS ENGINEERING LIMITED,INE717E01013
153968,SDL AP 6.83% 2034,IN1020250073
153969,GS22SEP33,IN0020200120
153973,776MAHSDL30,IN2220220122
153976,EPPL-8%-03-07-45-PVT,INE18ZY08021
153989,GENPHARMASEC LIMITED,INE861N01036
153994,879PFC28,INE134E07448
153996,77MAHSDL30,IN2220220130
154013,SDL AP 6.71% 2035,IN1020250081
154026,867PFC33,INE134E07455
154029,Sovereign Gold Bond 2020-21 IV,IN0020200146
154032,762MHSDL30,IN2220220106
154033,SDL AP 6.79% 2036,IN1020250099
154046,764MHSDL32,IN2220220114
154048,DALAL STREET INVESTMENTS LTD.,INE422D01012
154064,854PFC28,INE134E07430
154077,Sovereign Gold Bonds 2020-21 V,IN0020200161
154079,SDL AP 6.84% 2037,IN1020250032
154088,772MAHSDL31,IN2220220171
154089,SDL AP 6.88% 2040,IN1020250040
154095,SDL AP 6.85% 2041,IN1020250057
154099,68GOI2060,IN0020200187
154102,778MAHSDL30,IN2220220148
154115,MARSONS LIMITED,INE415B01044
154116,892PFC33,INE134E07463
154136,Sovereign Gold Bonds 2020-21 S,IN0020200195
154139,SDL AP 6.67% 2032,IN1020250065
154264,ABCL-8.65%-4-7-29-PVT,INE860H07GU6
154340,ABCL-8.15%-18-1-30-PVT,INE860H07GX0
154349,BFL 7.80% 2027,INE465A08038
154355,PB FINTECH LIMITED,INE417T01026
154364,JASH ENGINEERING LIMITED,INE039O01029
154366,SUMERU INDUSTRIES LTD.,INE764B01029
154404,SANSTAR LIMITED,INE08NE01025
154424,IFCI LTD.,INE039A01010
154465,PARAGON FINANCE LTD.,INE015E01012
154478,ABCL-9.15%-21-12-28-PVT,INE860H07GM3
154479,CITY CROPS AGRO LIMITED,INE0M7501019
154484,HB LEASING & FINANCE CO.LTD.,INE549B01016
154490,SHOPPERS STOP LTD.,INE498B01024
154491,PRAKASH STEELAGE LTD,INE696K01024
154517,RSOT- 16.67%-22-9-69-PTC,INE0GN515031
154519,ABCL-9%-18-5-29-PVT,INE860H07GS0
154527,Entero Healthcare Solutions Li,INE010601016
154543,RSOT-8.1%-22-3-61-PTC,INE0GN515064
154544,LAMOSAIC INDIA LIMITED,INE0R0201012
154558,RSOT-9.47%-22-9-69-PTC,INE0GN515056
154565,SUNLITE RECYCLING IND LTD,INE0U2N01013
154575,VPDPL-ZC-16-11-28-PVT,INE0PO508018
154583,SDL AP 6.61% 2034,IN1020250115
154643,SDL AP 6.82% 2036,IN1020250123
154654,GLAND PHARMA LIMITED,INE068V01023
154718,SDL AP 6.78% 2037,IN1020250131
154737,Ravinder Heights Limited,INE09E501017
154753,SDL AP 6.84% 2038,IN1020250149
154796,S Chand And Company Limited,INE807K01035
154803,Sovereign Gold Bonds 2020-21 S,IN0020200203
154819,JSW HOLDINGS LIMITED,INE824G01012
154902,Bandhan Bank Limited,INE545U01014
154947,RUNGTA IRRIGATION LTD.,INE347C01013
154964,SDL AP 6.74% 2037,IN1020250107
154992,JAIPRAKASH ASSOCIATES LTD,INE455F01025
155020,SDL AP 7.05% 2039,IN1020250198
155032,PFC-7.38%-29-11-27-PVT,INE134E07323
155037,667GOI2050,IN0020200252
155040,773MAHSDL32,IN2220220254
155041,GS22OCT32,IN001032C035
155044,LAXMI INDIA FINANCE LIMITED,INE06WU01026
155077,GS15OCT32C,IN001032C043
155092,QUINTEGRA SOLUTIONS LTD.,INE033B01011
155096,PFC-7.38%-22-11-27-PVT,INE134E07307
155117,772MAH32,IN2220220239
155123,Shriram Finance Limited,INE721A01047
155124,SDL AP 6.84% 2039,IN1020250156
155127,Sovereign Gold Bonds 2020-21 S,IN0020200286
155134,DREDGING CORPORATION OF INDIA,INE506A01018
155141,704PFC2028,INE134E07364
155154,SDL AP 6.65% 2033,IN1020250164
155159,SDL AP 6.65% 2034,IN1020250172
155171,736PFC2028,INE134E07349
155194,SDL AP 6.68% 2035,IN1020250180
155201,SPML INFRA LIMITED,INE937A01023
155214,RAVILEELA GRANITES LTD.,INE427E01027
155235,SODHANI CAPITAL LIMITED,INE0QU501030
155242,Suncare Traders Limited,INE452S01025
155253,PFCBT1S3,INE134E07174
155258,JAYSYNTH ORGOCHEM LIMITED,INE263B01022
155271,PFC-8.16%-25-11-26-PVT,INE134E07141
155314,CIT 7.60% 2038 SR 2,INE0Z8Z07024
155319,SFIL-8.45%-5-1-28-PVT,INE244L08034
155322,RAJ RAYON INDUSTRIES LIMITED,INE533D01032
155324,SDL GJ 7.02% 2033,IN1520240301
155327,CIT 7.75% 2038,INE0Z8Z07016
155330,SFIL-8.85%-28-3-28-PVT,INE244L08042
155337,SDL WB 6.99% 2031,IN3420210103
155338,SFIL-8.45%-8-11-27-PVT,INE244L08018
155339,Mangal Compusolution Limited,INE0RU901015
155342,BUDPL-10%-22-4-37-PVT,INE325U08305
155346,SDL WB 7.12% 2051,IN3420210111
155347,SBIAMC - SETF10GILT,INF200KA1JT1
155348,PFCBT1S4,INE134E07182
155350,BUDPL-10%-21-4-37-PVT,INE325U08313
155351,SFIL-8.45%-30-11-27-PVT,INE244L08026
155360,SDL WB 6.85% 2031,IN3420210129
155390,SDL WB 6.98% 2036,IN3420210137
155392,ABCL-7.10%-3-10-31-PVT,INE860H07HP4
155394,Alldigi Tech Limited,INE835G01018
155399,PRADEEP METALS LTD.,INE770A01010
155400,SDL WB 6.99% 2036,IN3420210145
155403,ABCL-6.45%-1-10-26-PVT,INE860H07HQ2
155409,AVI PRODUCTS INDIA LIMITED,INE316O01021
155413,TFL-15-06-26-CP,INE432R14311
155414,SFIL-8.80%-2-5-28-PVT,INE244L08059
155415,ABCL-6.55%-24-7-26-PVT,INE860H07HN9
155423,SDL WB 7.05% 2036,IN3420210152
155439,JAGSONPAL PHARMACEUTICALS LTD.,INE048B01035
155444,TFL-30-4-26-CP,INE432R14303
155445,SDL WB 7.08% 2041,IN3420210160
155459,Aritas Vinyl Limited,INE1D8001016
155483,SDL WB 7.0% 2031,IN3420210178
155503,SDL WB 6.98% 2037,IN3420210186
155553,SDL WB 6.91% 2031,IN3420210194
155555,QUANTUM GOLD FUND - EXCHANGE T,INF082J01408
155561,NECTAR LIFESCIENCES LTD.,INE023H01027
155632,CB 7.40% 2034,INE476A08233
155661,INVENTURUS KNOWLEDGE SO L,INE115Q01022
155662,ABCL-7.24%-18-2-31-PVT,INE860H07HE8
155718,ATLANTA ELECTRICALS LTD,INE0Z4F01028
155722,SURYO FOODS & INDUSTRIES LTD.,INE565E01016
155895,ABCL-7.26%-31-5-31-PVT,INE860H07HK5
155902,DEN NETWORKS LTD,INE947J01015
155916,AGIO PAPER & INDUSTRIES LTD.,INE112C01011
155917,WCAPL 10.75% 2028,INE0A3007065
155936,BUDPL-10%-3-5-36-PVT,INE325U08321
155961,INVENTURE GROWTH & SECURITIES,INE878H01024
155967,830PFC2027,INE134E07208
155968,SGB 2020-21 Series IX,IN0020200377
155969,BUDPL-10%-4-5-36-PVT,INE325U08339
155977,SDL GJ 6.87% 2028,IN1520240293
155981,PCBL CHEMICAL LIMITED,INE602A01031
155986,Sovereign Gold Bonds 2021-21 S,IN0020200385
155991,BUDPL-10%-1-5-36-PVT,INE325U08347
156009,SDL GJ 6.87% 2028,IN1520240285
156025,SGB 2020-21 SERIES XI,IN0020200393
156042,SDL GJ 7.21% 2035,IN1520240277
156051,PFC-8.72%-30-3-27-PVT,INE134E07240
156052,SDL GJ 7.06% 2030,IN1520240269
156076,SDL GJ 6.98% 2030,IN1520240251
156086,SRI HAVISHA HOSP & INFR L,INE293B01029
156091,GS15APR30C,IN000430C040
156096,SYSTEMATIX SECURITIES LTD.,INE07P301011
156099,SDL GJ 7.12% 2037,IN1520240244
156104,WCAPL 10.75% 2028,INE0A3007057
156105,SDL GJ 7.02% 2031,IN1520240228
156127,HARSHIL AGROTECH LIMITED,INE098E01026
156128,SDL GJ 7.08% 2033,IN1520240236
156132,PFC-8.72-30-3-27-PVT,INE134E07232
156135,NUKLEUS OFFICE SOLUTIONS LIMIT,INE0VYX01018
156138,ABCL-8.0343%-8-8-34-PVT,INE860H07IZ1
156139,Manappuram Finance Ltd,INE522D01027
156155,STATE TRADING CORPORATION OF I,INE655A01013
156159,SDL GJ 7.08% 2034,IN1520240210
156160,ABCL-RESET-FBIL-1.69%-PVT,INE860H07IX6
156172,SDL GJ 7.07% 2032,IN1520240202
156173,ABCL-8.33%-19-5-27-PVT,INE860H07IY4
156174,STANDARD SURFACTANTS LTD.,INE307D01015
156188,KMBL-7.63%-1-12-29-PVT,INE237A08957
156201,SREELEATHERS LIMITED,INE099F01013
156202,KMBL-8.25%-28-4-26-PVT,INE237A08940
156203,PFCBS3,INE134E07091
156205,SALASAR EXTERIOR CONT LTD,INE00Y701026
156228,MACH CONFERENCES AND EVENTS LI,INE0UYT01018
156229,NAGARJUN FERT AND CHE LTD,INE454M01024
156232,HINDUSTAN AGRIGENETICS LTD.,INE092301014
156250,UJAAS ENERGY LIMITED,INE899L01030
156255,SDL WB 6.83% 2031,IN3420210012
156262,ABCL-9-10-26-NCD,INE860H07IR8
156273,KMBL-7.6%-14-2-.31-PVT,INE237A08981
156278,KANISHK STEEL INDUSTRIES LTD.,INE791E01018
156283,PHAARMASIA LTD.,INE486I01016
156286,SDL WB 6.65% 2028,IN3420210020
156293,ABCL-8.10%-9-10-33-NCD,INE860H07IS6
156295,KMBL-7.55%-24-6-30-PVT,INE237A08973
156304,JACKSON INVESTMENTS LTD,INE508N01025
156310,PRIMA INDUSTRIES LTD.,INE723N01012
156318,ABCL-7.8%-9-10-33-NCD,INE860H07IP2
156325,SDL WB 7.06% 2036,IN3420210038
156337,KMBL-7.85%-20-3-30-PVT,INE237A08965
156342,SDL WB 6.79% 2028,IN3420210046
156355,ABCL-8%-9-10-26-NCD,INE860H07IQ0
156367,KIRLOSKAR INDUSTRIES LTD,INE250A01039
156374,ORIENTAL AROMATICS LIMITED,INE959C01023
156377,SDL WB 6.83% 2028,IN3420210053
156384,LINCOLN PHARMA LTD,INE405C01035
156390,Sagility Limited,INE0W2G01015
156393,SDL WB 7.02% 2031,IN3420210061
156403,ABCL-8.16%-14-2-29-PVT,INE860H07IW8
156410,SDL WB 6.99% 2030,IN3420210079
156411,SDL UP 7.39% 2037,IN3320210252
156412,ABCL-8.05%-9-10-28-NCD,INE860H07IT4
156414,ABCL-9-10-28-NCD,INE860H07IU2
156417,BALU FORGE INDUSTRIES LTD,INE011E01029
156424,SDL WB 7.0% 2031,IN3420210087
156428,MINDTECK (INDIA) LIMITED,INE110B01017
156434,676GOI2061,IN0020200401
156446,BUDPL-10%-30-4-36-PVT,INE325U08289
156463,ABCL-8.30%-16-9-26-PVT,INE860H07IJ5
156464,SDL WB 6.79% 2028,IN3420210095
156468,SDL UP 7.34% 2032,IN3320210237
156473,LAST MILE ENTERPRISES LIMITED,INE404B01022
156488,BEFOUND MOVEMENT LIMITED,INE425F01028
156499,BUDPL-10%-23-4-37-PVT,INE325U08297
156502,ABCL-8.01%-2-5-28-PVT,INE860H07IK3
156507,SDL UP 7.35% 2034,IN3320210245
156513,EVEXIA LIFECARE LIMITED,INE313M01030
156514,SGB 2020-21 Series XII,IN0020200427
156541,SDL UP 7.24% 2032,IN3320210211
156548,ABCL-7.88%-12-2-26-PVT,INE860H07IH9
156567,ABCL-8.12%-6-3-28-PVT,INE860H07II7
156574,SDL UP 7.28% 2032,IN3320210229
156608,SDL NL 7.2% 2029,IN2620190032
156657,SDL UP 7.15% 2032,IN3320210203
156659,ABCL-7.97%-13-7-28-PVT,INE860H07IO5
156666,SDL NL 7.29% 2029,IN2620190040
156692,WELSPUN INVESTMENTS AND COMMER,INE389K01018
156715,VALOR ESTATE LIMITED,INE879I01012
156716,SDL NL 7.03% 2030,IN2620190057
156747,SDL GJ 7.07% 2034,IN1520240194
156750,ABCL-7.9%-8-6-28-PVT,INE860H07IM9
156756,SDL NL 7.05% 2030,IN2620190065
156761,ECLERX SERVICES LTD.,INE738I01010
156781,SDL GJ 6.75% 2027,IN1520240186
156784,RAIL VIKAS NIGAM LIMITED,INE415G01027
156788,AMERISE BIOSCIENCES LIMITED,INE673C01020
156799,ABCL-7.95%-18-3-26-PVT,INE860H07IC0
156808,SDL GJ 7.03% 2035,IN1520240178
156833,SDL GJ 7.05% 2034,IN1520240160
156876,SDL GJ 7.12% 2035,IN1520240152
156892,IBPLD-13.25%-25-9-26-PVT,INE696R07059
156903,ABCL-7.95%-3-12-27-PVT,INE860H07IF3
156904,Aether Industries Limited,INE0BWX01014
156908,PFC-7.75%-15-10-11-PVT,INE134E07125
156912,SDL GJ 7.22% 2035,IN1520240145
156915,SDL GJ 7.05% 2032,IN1520240129
156920,HINDWARE HME INOVATON LTD,INE05AN01011
156933,ABCL-7.92%-27-12-27-PVT,INE860H07IG1
156941,SDL GJ 7.06% 2034,IN1520240137
156957,VPPL-8%-20-2-45-PVT,INE1DF208035
156971,CSL FINANCE LIMITED,INE718F01018
156982,PFCBS4,INE134E07109
156987,ABCL-8.12%-18-11-32-PVT,INE860H07ID8
156994,BUDPL-10%-29-4-36-PVT,INE325U08271
156995,IBPL-13.25%-25-9-26-PVT,INE696R07042
156998,SDL GJ 7.01% 2031,IN1520240111
157025,UML-7.85%-26-2-27-PVT,INE405E08036
157028,RKD AGRI AND RETAIL LIMITED,INE552N01023
157043,Earthstahl & Alloys Limited,INE0O4V01010
157045,UNOML-7.75%-04-1-27-PVT,INE405E08051
157056,UNOML-7.75%-24-1-26-PVT,INE405E08044
157076,Fujiyama Power Systems Limited,INE12UR01024
157079,CAPITAL INDIA FINANCE LTD,INE345H01024
157081,DIGISPICE TECHNOLOGIES LIMITED,INE927C01020
157103,UML-7.85%-29-4-27-PVT,INE405E08010
157150,UML-7.88%-6-8-27-PVT,INE405E08028
157185,839RAJSDL26,IN2920150355
157187,Escorp Asset Management Limite,INE953W01016
157194,UML-7.11%-27-11-26-PVT,INE405E08077
157223,669TNSDL50,IN3120200131
157257,BLUSPRING ENTERPRISES LTD,INE0U4101014
157275,PATSPIN INDIA LTD.,INE790C01014
157280,66TNSDL29,IN3120200156
157287,UML-7.12%-29-10-26-PVT,INE405E08069
157304,NITCO LTD.,INE858F01012
157323,KATARE SPINNING MILLS LTD.,INE498G01015
157333,2.50%GOLDBONDS2026SR-I,IN0020180033
157337,SDL WB 6.95% 2035,IN3420190206
157372,SDL MH 7.74% 2033,IN2220220189
157378,BSL LTD,INE594B01012
157379,PLRPL-10%-1-9-35-PVT,INE17UL08054
157393,SDL MH 7.7% 2031,IN2220220197
157424,VIRINCHI LIMITED,INE539B01017
157430,IKOMA TECHNOLOGIES LIMITED,INE164D01010
157486,Khyati Global Ventures Limited,INE0S9501014
157515,DEEP INDUSTRIES LIMITED,INE0FHS01024
157596,Raideep Industries Limited,INE923R01019
157601,SDL MH 7.76% 2030,IN2220220122
157603,PRAJAY ENGINEERS SYNDICATE LTD,INE505C01016
157604,SDL WB 7.18% 2035,IN3420190164
157617,SDL MH 7.7% 2030,IN2220220130
157620,SDL WB 7.23% 2030,IN3420190172
157624,IFCI-SR50-9.70%-04-05-30-PVT,INE039A09LL7
157639,INDO FARM EQUIPMENT LIMITED,INE622H01018
157653,SDL MH 7.62% 2030,IN2220220106
157654,SDL WB 7.31% 2034,IN3420190149
157683,SDL MH 7.64% 2032,IN2220220114
157684,SDL WB 7.29% 2029,IN3420190156
157686,AMANTA HEALTHCARE LIMITED,INE084K01015
157688,SDL WB 7.30% 2029,IN3420190115
157708,SDL MH 7.64% 2033,IN2220220163
157710,SDL WB 7.26% 2034,IN3420190123
157711,DSJ KEEP LEARNING LTD,INE055C01020
157712,UCO BANK,INE691A01018
157719,SDL MH 7.72% 2031,IN2220220171
157722,Unick Fix-A- Form and Printers,INE250G01010
157725,SDL WB 7.19% 2029,IN3420190131
157744,SDL MH 7.78% 2030,IN2220220148
157745,Axis Mutual Fund,INF846K018O8
157763,KESAR ENTERPRISES LTD.,INE133B01027
157765,SDL MH 7.57% 2031,IN2220220155
157768,673TAMSDL30,IN3120200065
157785,GANESH CONSUMER PRODUCT L,INE652V01016
157823,BHARTIYA INTERNATIONAL LTD.,INE828A01016
157834,GODREJ INDUSTRIES LTD.,INE233A01035
157858,SDL WB 7.15% 2035,IN3420190180
157862,SUBHASH SILK MILLS LTD.,INE690D01014
157863,BRIGADE ENTER. LTD,INE791I01019
157864,SDL WB 7.1% 2030,IN3420190198
157873,633TNSDL30,IN3120200222
157888,AUROBINDO PHARMA LTD.,INE406A01037
157917,IFCI-SR52-H-07-07-2033-PVT,INE039A09LZ7
157924,GARNET CONSTRUCTION LTD.,INE797D01017
157929,DHYAANI TRADEVENTTURES LIMITED,INE0K5F01014
157957,Vishal Bearings Limited,INE060T01024
157984,RAJPUTANA BIODIESEL LTD,INE0VHU01019
158032,AFL-9.30%-28-6-26-PVT,INE03W107207
158033,IFCI-SR52-E-07-07-2036-PVT,INE039A09LW4
158051,MVAFL-ZC-17-9-27-NCD,INE00XE07184
158057,IFCI-SR52-C-07-07-2038-PVT,INE039A09LU8
158058,MRF LTD.,INE883A01011
158068,IFCI-SR52-D-07-07-2037-PVT,INE039A09LV6
158073,BENTLEY COMMERCIAL ENTERPRISES,INE496M01017
158099,MAYUR UNIQUOTERS LTD.,INE040D01038
158107,Valley Magnesite Company Limit,INE834E01016
158114,ANN 8.15% 2031 STRPP C,INE1N2P24018
158126,IFCI-SR52-G-07-07-2034-PVT,INE039A09LY0
158156,ANN 8.15% 2032 STRPP D,INE1N2P24026
158158,IFCI-SR52-F-07-07-2035-PVT,INE039A09LX2
158163,INSECTICIDES (INDIA) LTD.,INE070I01018
158179,SDL MH 7.86% 2030,IN2220220080
158184,ANN 8.15% 2029 STRPP A,INE1N2P24034
158186,IFCI-SR52-A-07-07-2040-PVT,INE039A09LS2
158204,SDL MH 7.89% 2032,IN2220220098
158206,ANN 8.15% 2030 STRPP B,INE1N2P24042
158208,DHAMPUR SUGAR MILLS LTD.,INE041A01016
158210,Zerodha Mutual Fund,INF0R8F01166
158238,SDL MH 7.70% 2032,IN2220220064
158244,Zerodha Mutual Fund,INF0R8F01133
158245,EOPR-7.35%5-4-27-PVT,INE041007092
158261,ACE EDUTREND LTD.,INE715F01014
158272,SDL MH 7.72% 2034,IN2220220072
158276,IFCI-SR52-B-07-07-2039-PVT,INE039A09LT0
158285,Zerodha Mutual Fund,INF0R8F01141
158332,AGARWAL TOUGH GLASS IND L,INE0P8X01016
158338,Laxmi Organic Industries Limit,INE576O01020
158343,IFCI-SR51-9.70%-18-05-30-PVT,INE039A09LM5
158383,663TMLSDL55,IN3120200206
158402,EMKAY GLOBAL FIN SERV LTD,INE296H01011
158449,EOPR-7.73%-14-12-29-REIT,INE041007159
158467,EOPR-7.21%-17-3-28-REIT,INE041007167
158468,SDL MH 7.11% 2029,IN2220220015
158470,IFCI-55-9.98%-29-10-2030-PVT,INE039A09MN1
158489,KUNDAN EDIFICE LIMITED,INE0OWX01025
158490,EOPRT-7.96%-27-9-27-REIT,INE041007142
158491,INDERGIRI FINANCE LTD.,INE628F01019
158492,EOPR-RR-24-7-35-REIT,INE041007191
158493,SDL MH 7.63% 2030,IN2220220049
158494,SDL WB 7.99% 2035,IN3420190248
158498,SDL MH 7.62% 2030,IN2220220056
158501,SDL WB 7.35% 2030,IN3420190255
158502,SDL WB 7.05% 2030,IN3420190214
158518,SDL MH 7.18% 2030,IN2220220023
158521,SDL WB 6.98% 2035,IN3420190222
158522,EOPR-7.22%-16-5-28-REIT,INE041007175
158523,TAMILNADU PETROPRODUCTS L,INE148A01019
158524,ANTARIKSH INDUSTRIES LIMITED,INE825M01017
158525,EOPREIT-6.97%-19-3-27-REIT,INE041007183
158526,SDL MH 7.61% 2029,IN2220220031
158528,SDL WB 7.2% 2030,IN3420190230
158530,IFCI-SR54-9.75%-16-7-2030-PVT,INE039A09MD2
158531,Radiant Cash Management Servic,INE855R01021
158532,AFL-9.65%-27-12-26-NCD,INE03W107249
158543,AFL-9.65%-27-12-28-NCD,INE03W107256
158544,IFCI-SR53-9.75%-13-7-2030-PVT,INE039A09MC4
158565,AFL-10%-27-12-28-NCD,INE03W107223
158566,VAGHANI TECHNO-BUILD LTD.,INE554H01021
158572,TRUALT BIOENERGY LIMITED,INE0MWH01014
158578,AFL-9.3%-27-12-26-NCD,INE03W107231
158590,EOP-8.10%-28-8-28-REITS,INE041007118
158593,GS19MAR2039,IN000339C035
158594,AFL-9.4%-19-2-27-PVT,INE03W107280
158595,AFL-9.5%-23-8-34-PVT,INE03W107298
158599,PHOTON CAPITAL ADVISORS LTD.,INE107J01016
158601,IFCI-SR52-J-07-07-2031-PVT,INE039A09MB6
158602,TCI INDUSTRIES LTD.,INE920B01019
158603,AKFL-9.90%-13-3-26-PVT,INE03W107272
158604,IFCI-SR52-I-07-07-2032-PVT,INE039A09MA8
158607,657TAMSDL31,IN3120200347
158608,AONEAMC - AONENIFTY,INF1J2R01064
158622,653TNSDL31,IN3120200339
158623,AONEAMC - AONELIQUID,INF1J2R01056
158635,695TNSDL31,IN3120200362
158638,ANJANI PORTLAND CEM LTD,INE071F01012
158649,PIAICL-06-02-26-CP,INE417C14868
158670,SHANKARA BUILDPRO LIMITED,INE24OJ01011
158677,Kaka Industries Limited,INE0P3N01018
158684,MOLD-TEK TECHNOLOGIES LTD,INE835B01035
158716,PATEL INTEGRATED LOGISTICS LTD,INE529D01014
158726,SANCO TRANS LTD.,INE391G01012
158735,ARFL-9.38%-5-1-29-PVT,INE03W107306
158773,ARFL-9.25%-17-3-35-PVT,INE03W107314
158812,723GS2039,IN0020240027
158848,734GOI2064,IN0020240035
158853,GS19SEP2044,IN000944C032
158870,2.50%GOLDBONDS2026SR-II,IN0020180249
158876,ARC INSULATION & INSU LTD,INE0YDV01010
158900,71GOI2034,IN0020240019
158901,ASIA CAPITAL LIMITED,INE131Q01011
158905,B&A PACKAGING INDIA LIMITED,INE00FM01013
158918,IRB INFRA DEV LTD.,INE821I01022
158927,DYNAMATIC TECHNOLOGIES,INE221B01012
158929,TECHNOJET CONSULTANTS LTD.,INE881P01013
158984,VRAJ IRON AND STEEL LIMITED,INE0S2V01010
158990,BARAK VALLEY CEM. LTD.,INE139I01011
158997,DHAMPUR SUGAR MILLS LTD.,INE041A01016
158998,ENSER COMMUNICATIONS LTD,INE0R9I01021
158999,NAVNEET EDUCATION LTD,INE060A01024
159017,INSECTICIDES (I) LTD,INE070I01018
159033,Gopal Snacks Limited,INE0L9R01028
159034,EOP-18-10-26-REIT,INE041007084
159049,KFL-13.75%-15-9-28-PVT,INE104W08060
159055,INDO CREDIT CAPITAL LTD.,INE147D01015
159058,ALLIED DIGITAL SERVICES LTD.,INE102I01027
159078,EOP-6.80%-07-09-26-REIT,INE041007068
159079,Ultracab (India) Limited,INE010R01023
159086,JAYASWAL NECO INDUSTR LTD,INE854B01010
159108,Trustedge Capital Limited,INE398H01015
159111,COSYN Limited,INE029B01019
159145,Axis Mutual Fund,INF846K016Q7
159218,Kotak Mahindra Mutual Fund - P,INF174K01F59
159221,BOSCH LIMITED,INE323A01026
159228,UFL-11.25%-11-03-27-PVT,INE0O7U07012
159244,AONEAMC - AONETOTAL,INF1J2R01015
159279,USFBL-10.90%-27-11-31-PVT,INE735W08061
159302,USFBL-11%-28-6-31-PVT,INE735W08053
159305,LOYAL TEXTILE MILLS LTD,INE970D01010
159310,PARKHOTELS,INE988S01028
159323,USFB-12.5%-26-6-27-PVT,INE735W08038
159362,SDL NL 7.58% 2033,IN2620230010
159396,709GOI54,IN0020240118
159408,PAN INDIA CORPORATION LTD.,INE376A01032
159472,Gretex Corporate Services Limi,INE199P01028
159499,709GOI74,IN0020240142
159509,SDL NL 7.67% 2033,IN2620230051
159535,SDL NL 7.37% 2033,IN2620230044
159553,SDL NL 7.37% 2033,IN2620230036
159575,SDL NL 7.33% 2033,IN2620230028
159587,Crane Infrastructure Limited,INE176L01017
159603,SDL NL 7.48% 2034,IN2620230085
159610,KANORIA CHEMICALS & INDUSTRIES,INE138C01024
159611,MAYUR UNIQUOTERS LTD,INE040D01038
159613,IL&FS INVESTMENT MANAGERS,INE050B01023
159621,CMS Info Systems Limited,INE925R01014
159623,TAMILNADU PETROPRODUCTS LTD.,INE148A01019
159626,SDL NL 7.49% 2034,IN2620230077
159637,SDL NL 7.78% 2033,IN2620230069
159638,EPACK Durable Limited,INE0G5901015
159639,SDL MH 7.73% 2034,IN2220220247
159640,SDL MH 7.73% 2032,IN2220220254
159651,NEW LIGHT INDUSTRIES LIMITED,INE835U01027
159658,UNIJOLLY INVESTMENTS CO.LTD.,INE130N01010
159662,ZODIAC CLOTHING CO. LTD.,INE206B01013
159664,SDL MH 7.66% 2033,IN2220220221
159666,BARODA RAYON CORPORATION LTD.,INE461A01024
159670,SDL MH 7.72% 2032,IN2220220239
159678,PLRPL-10%-03-04-35-PVT,INE17UL08047
159682,KAIRA CAN CO.LTD.,INE375D01012
159686,VMS TMT LIMITED,INE0SJA01013
159692,PLRPL-10%-27-3-35-PVT,INE17UL08039
159695,AMRAWORLD AGRICO LTD.,INE735C01027
159696,GOLDEN TOBACCO LIMITED,INE973A01010
159697,KERNEX MICROSYS(I) LTD,INE202H01019
159701,MAMATA MACHINERY LIMITED,INE0TO701015
159757,YES BANK LTD.,INE528G01035
159768,BERGER PAINTS INDIA LTD.,INE463A01038
159853,SUPER TANNERY LIMITED,INE460D01038
159880,AFFORD ROBO & AUTO LTD,INE692Z01013
159887,SHRI KALYAN HOLDINGS LTD.,INE079N01019
159897,RDB RASAYANS LTD.,INE123M01017
159909,SDL MH 7.7% 2033,IN2220220205
159915,JAMSHRI REALTY LIMITED,INE462D01034
159930,SDL MH 7.69% 2031,IN2220220213
159945,RITES LIMITED,INE320J01015
159956,Semac Construction Limited,INE617A01013
160005,The Ravalgaon Sugar Farm Limit,INE615A01025
160009,HPL ELECTRIC & POWER LTD,INE495S01016
160022,TVS ELECTRONICS LTD,INE236G01019
160044,ATLAS CYCLES (HARYANA) LTD.,INE446A01025
160076,KOTAK MAHINDRA MUTUAL FUND - K,INF174K01CW3
160077,Arvind SmartSpaces Limited,INE034S01021
160079,ACE ENGITECH LIMITED,INE035401020
160089,GS17JUN32C,IN000632C033
160093,998IFCI37A,INE039A09PD5
160124,KOTAK MAHINDRA MUTUAL FUND - K,INF174K01CX1
160134,GS12JUN32C,IN000632C041
160162,Mobavenue AI Tech Limited,INE622Q01019
160166,PASUPATI ACRYLON LTD.,INE818B01023
160226,INDRAPRASTHA MEDICAL CORP.LTD.,INE681B01017
160291,GALAXY AGRICO EXPORTS LTD.,INE803L01016
160367,CIL SECURITIES LTD.,INE830A01012
160369,SVPL-9%-21-3-33-PVT,INE574G07010
160381,CONTAINER CORPORATION OF INDIA,INE111A01025
160389,MAHAMAYA STEEL INDUSTRIES LTD.,INE451L01014
160392,SJS ENTERPRISES LIMITED,INE284S01014
160402,ARUNIS ABODE LIMITED,INE377D01018
160407,IFCI-8.72%-V-31-3-27-C-PVT,INE039A09OW8
160417,IFCI-8.72%V-31-3-27-D-PVT,INE039A09OX6
160426,Deepak Builders and Engineers ,INE0OPA01019
160432,NAHAR CAPITAL & FINANCIAL SERV,INE049I01012
160446,SDL JK 7.51% 2054,IN4920230286
160517,SDL JK 7.36% 2049,IN4920230260
160519,COMPUTER POINT LTD.,INE607B01012
160528,GAYATRI HIGHWAYS LTD,INE287Z01012
160547,SIHF 8.10% 2035 SR 6,INE213W08069
160553,VT-9.25%-20-9-28-PTC,INE1EJ815024
160572,SDL JK 7.47% 2044,IN4920230278
160578,SDL JK 7.46% 2049,IN4920230237
160605,KOTAK MAHINDRA MUTUAL FUND - K,INF174K01DE9
160612,GOI LOAN 7.26% 2029,IN0020180454
160616,SDL JK 7.45% 2054,IN4920230245
160633,HINDUSTAN PETROLEUM CORPORATIO,INE094A01015
160637,KOTAK MAHINDRA MUTUAL FUND - K,INF174K01DF6
160640,PELATRO LIMITED,INE0VG601013
160653,SDL JK 7.4% 2044,IN4920230252
160659,2.50%GOLDBONDS2027SR-V,IN0020180462
160661,Shahi Shipping Limited,INE825D01016
160662,GS06NOV54,IN001154C011
160663,RELAXO FOOTWEARS LTD.,INE131B01039
160664,975IFCI2028,INE039A09PR5
160685,JSL-8.62%-28-9-26-PVT,INE220G07127
160686,VT-9.25%-20-7-26-PTC,INE1EJ815016
160687,NAHAR INDS ENT LTD,INE289A01011
160688,SBIAMC - LIQUIDSBI,INF200KA13Z8
160691,SEC RED NCD 8.01% SR.IV,INE033L07GR8
160692,990IFCI27B,INE039A09PN4
160702,SEC RED NCD 8.10% SR.IV,INE033L07GS6
160704,SEC RED NCD 8.30% SR.V,INE033L07GT4
160705,990IFCI37D,INE039A09PP9
160706,SEC RED NCD 8.40% SR.V,INE033L07GU2
160707,HINDUSTAN FOODS LIMITED,INE254N01026
160708,990IFCI32C,INE039A09PO2
160709,1010IFCI27C,INE039A09PJ2
160712,PIONEER AGRO EXTRACTS LTD.,INE062E01014
160750,1012IFCI27,INE039A09PI4
160758,Arfin India Limited,INE784R01023
160778,Mitshi India Limited,INE844D01017
160792,NDR AUTO COMPONENTS LTD,INE07OG01012
160796,Mittal Sections Limited,INE833Q01012
160878,GS15JUN32C,IN000632C058
160904,Mahaveer Infoway Limited,INE019D01016
160909,Axis Mutual Fund,INF846K014Q2
160936,KOTAK MAHINDRA MUTUAL FUND - K,INF174K01CS1
160955,KOTAK MAHINDRA MUTUAL FUND - K,INF174K01CT9
161017,DELTA MANUFACTURING LTD,INE393A01011
161034,2.50%GOLDBONDS2026SR-III,IN0020180314
161062,TCHFL 8.0409% 2027 SR.C,INE033L07ID4
161065,EXCELSOFT TECHNOLOGIES L,INE606N01019
161081,POPULAR ESTATE MANAGEMENT LTD.,INE370C01015
161082,EXPLEO SOLUTIONS LIMITED,INE201K01015
161114,TCHFL 8.10% 2027 SR D,INE033L07IE2
161161,TARAPUR TRANSFORMERS LTD,INE747K01017
161162,GANESH INFRAWORLD LIMITED,INE0TVT01024
161163,PIICL-12-3-26-CP,INE417C14934
161183,TCHFL 7.92% 2034 SR E,INE033L07IG7
161184,SDL SK 6.93% 2031,IN3020200074
161199,RAMKY INFRASTRUCTURE LTD.,INE874I01013
161202,MIVEN MACHINE TOOLS LTD.,INE338P01014
161213,TCHFL 8.05% 2029 SR A,INE033L07IH5
161218,SDL SK 7.18% 2031,IN3020200066
161260,TCHFL 7.92% 2034 SR B,INE033L07II3
161265,Assam Entrade Limited,INE165G01010
161271,H.G.INFRA ENGINEERING LTD,INE926X01010
161274,SDL SK 7.19% 2031,IN3020200058
161280,TCHFL 7.86% 2029,INE033L07IJ1
161290,ALBERT DAVID LTD.,INE155C01010
161297,GS22OCT36C,IN001036C036
161316,SDL JK 7.63% 2053,IN4920230187
161335,PFIZER LTD,INE182A01018
161336,MRP Agro Limited,INE0D7801012
161337,SDL JK 7.71% 2048,IN4920230195
161342,HARYANA FINANCIAL CORPORATION,INE737G01016
161367,SDL JK 7.74% 2043,IN4920230161
161371,WINSOME TEXTILE INDUSTRIES LTD,INE837B01031
161380,GS15OCT36C,IN001036C044
161400,2.50%GOLDBONDS2026SR-IV,IN0020180389
161403,SDL JK 7.64% 2050,IN4920230179
161412,SDL JK 7.58% 2050,IN4920230138
161425,EQUIPPP SOC IMP TECH LTD,INE217G01035
161437,SDL JK 7.6% 2053,IN4920230146
161438,AURIONPRO SOLN LTD,INE132H01018
161463,IFCI-8.76%-IB-31-3-29-PVT,INE039A09PU9
161466,SBEC SUGAR LTD.,INE948G01019
161470,SDL JK 7.56% 2048,IN4920230153
161517,SDL JK 7.63% 2053,IN4920230120
161530,SHIVALIC POWER CONTROL L,INE0T7B01010
161546,Axis Mutual Fund,INF846K016C7
161563,PH CAPITAL LTD.,INE160F01013
161564,NEELAM LINENS & GAR (I) L,INE0N1401016
161566,SHREE REFRIGERATIONS LIMITED,INE0FMZ01045
161574,KOTAK MAHINDRA MUTUAL FUND - K,INF174K01DK6
161578,SDL JK 7.48% 2054,IN4920230229
161590,KOTAK MAHINDRA MUTUAL FUND - K,INF174K01DL4
161605,GUJARAT KIDNEY N SUP SP L,INE0V0W01025
161615,SDL JK 7.72% 2043,IN4920230203
161632,HEADS UP VENTURES LIMITED,INE759V01019
161635,DIVIS LABORATORIES LTD.,INE361B01024
161638,SDL JK 7.68% 2044,IN4920230211
161645,SBI-ETF NIFTY BANK,INF200KA1580
161646,CELEBRITY FASHIONS LTD.,INE185H01016
161648,MFSPL-10.65%-12-1-27-PVT,INE956L07084
161650,YARN SYNDICATE LTD.,INE564C01013
161654,SEASONS TEXTILES LTD.,INE707B01010
161659,SBI-ETF NIFTY NEXT 50,INF200KA1598
161660,EMAMI LIMITED,INE548C01032
161661,MONEYBOXX FINANCE LIMITED,INE296Q01012
161670,SDL SK 6.64% 2031,IN3020200041
161701,SDL SK 6.6% 2030,IN3020200033
161709,BHAGWATI AUTOCAST LTD.,INE106G01014
161717,PANACEA BIOTEC LTD.,INE922B01023
161738,BLUE COAST HOTELS LIMITED,INE472B01011
161741,SDL SK 6.73% 2030,IN3020200025
161759,GS06MAY50,IN000550C011
161769,SDL SK 7.14% 2030,IN3020200017
161795,TAI INDUSTRIES LTD.,INE358D01018
161796,NHB-7.42%-5-5-26-PVT,INE557F08FQ0
161797,GS06MAY52,IN000552C017
161821,ANAND PROJECTS LTD,INE134R01013
161822,CRISIL LTD.,INE007A01025
161834,NHB-7.79%-9-3-26-PVT,INE557F08FO5
161839,SARVAMANGAL MERCANTILE CO.LTD.,INE978L01016
161858,PURETROP FRUITS LIMITED,INE795D01011
161867,Axis Mutual Fund,INF846K015Q9
161922,Axis Mutual Fund,INF846K012P8
161923,UNITED LEASING & INDUSTRIES LT,INE357P01014
161973,Axis Mutual Fund,INF846K012Q6
161979,MANGALAM WORLDWIDE LTD,INE0JYY01011
162053,ARVIND PORT AND INFRA LTD,INE0P4T01013
162057,ORIENT GREEN POWER CO LTD,INE999K01014
162082,SCL-7.8%-26-10-30-PVT,INE070A07061
162153,SDL JK 7.43% 2053,IN4920230088
162166,AVISHKAR INFRA REALTY LIMITED,INE433O01024
162174,PRECISION METALIKS LTD,INE0HKW01018
162175,SDL JK 7.41% 2053,IN4920230096
162225,SDL JK 7.43% 2053,IN4920230062
162230,GS12DEC49F,IN001249C043
162266,SDL JK 7.45% 2053,IN4920230070
162267,JAYSHREE CHEMICALS LTD.,INE693E01016
162269,PRIYA LTD.,INE686C01014
162281,SDL JK 7.36% 2035,IN4920230039
162301,Thyrocare Technologies Limited,INE594H01019
162316,SDL JK 7.44% 2038,IN4920230047
162348,Aditya Birla Lifestyle Brands ,INE14LE01019
162352,SDL JK 7.44% 2053,IN4920230054
162368,ABHFL 8.0956% 2026 SR E1,INE831R07474
162393,Virat Leasing Limited,INE347L01022
162410,ABHFL 8.1701% 2027 SR 1,INE831R07466
162414,SDL JK 7.37% 2038,IN4920230021
162439,ABHFL 8.0490% 2027 F1,INE831R07482
162466,ABHFL 8.03% 2029 SR F2,INE831R07490
162557,UNIPHOS ENTERPRISES LTD.,INE037A01022
162562,SDL JK 7.37% 2035,IN4920230013
162570,RAMA PHOSPHATES LTD.,INE809A01032
162573,EAST BUILDTECH LTD.,INE706N01017
162575,SDL JK 7.56% 2053,IN4920230104
162582,INDUSTRIAL & PRUDENTIAL INVEST,INE620D01011
162583,GOPAL IRON & STEELS CO.(GUJARA,INE641H01018
162584,IFCI-SR-I-10.75%-1-8-26-PVT,INE039A09NM1
162585,SPEL SEMICONDUCTOR LTD.,INE252A01019
162597,ABHFL 7.8989% 2027 SR K2,INE831R07557
162600,SDL JK 7.6% 2053,IN4920230112
162607,ABHFL 7.8618% 2028 SR A1,INE831R07573
162617,RUCHI INFRASTRUCTURE LTD,INE413B01023
162621,ABHFL 7.9015% 2028 SR L1,INE831R07565
162630,VITAL CHEMTECH LIMITED,INE0L4K01016
162634,ABHFL 7.3064% 2028 SR B1,INE831R07581
162635,EMMFORCE AUTOTECH LIMITED,INE0SDC01012
162664,SUNCITY SYNTHETICS LTD.,INE584D01019
162665,ABHFL 7.8241% 2029 SR H1,INE831R07508
162698,ABHFL 7.8461% 2028 SR I1,INE831R07516
162709,VERTEXPLUS TECHNOLOGIES L,INE0NLB01018
162724,TAMBOLI INDUSTRIES LIMITED,INE864J01012
162726,IFCI-D-10.75%-01-08-26-PVT,INE039A09NL3
162738,ABHFL 7.8639% 2028 SR K1,INE831R07540
162745,MUKESH BABU FINANCIAL SERVICES,INE596B01017
162750,ABHFL 7.8537% 2030 SR J1,INE831R07532
162760,GENUS POWER INFRASTRUCTURES LT,INE955D01029
162767,JDFIPL-7.25%-18-6-27-PVT,INE00V208132
162768,TATA INVESTMENT CORPORATION LT,INE672A01026
162772,GOI STRIPS C 220230,IN000230C028
162774,TCHFL 7.712% 2028 SR D,INE033L07IK9
162786,JDFIPL-7.41%-05-02-29-PVT,INE00V208140
162790,JMD Ventures Limited,INE047E01031
162797,Kaarya Facilities and Services,INE282Y01016
162814,TCHF 7.685% 2028 E,INE033L07IL7
162817,HDFC GOLD ETF,INF179KC1981
162818,TCHFL 7.73% 2030 SR F,INE033L07IM5
162828,TCHFL 7.27% 2028 SR A,INE033L07IN3
162836,KRISHCA STRAPPING SLTN L,INE0NR701018
162843,IMEC SERVICES LIMITED,INE611C01020
162860,TCHFL 7.123% 2027,INE033L07IO1
162867,LEO DRYFRUITS & SPICES TRADING,INE0RH001011
162868,ALKYL AMINES CHEMICALS LTD.,INE150B01039
162870,HDFCAMC - HDFCNIFTY,INF179KC1965
162875,BULKCORP INTERNATIONAL L,INE0SZ301012
162879,TCHFL 7.17% 2030 SR C,INE033L07IP8
162910,JDFIPL-7.90%-11-9-26-PVT,INE00V208116
162912,TCHFL 7.35% 2035 SR D,INE033L07IQ6
162931,JDFIPL-8.23%-5-5-28-PVT,INE00V208124
163017,2.50%GOLDBONDS2027SR-VI,IN0020180561
163048,Axis Mutual Fund,INF846K013P6
163100,IFCI-III-8.75%-12-12-26-D-PVT,INE039A09OA4
163127,SHREE RAM PROTEINS LTD.,INE008Z01020
163133,775TN2030,IN3120200016
163142,IFCI-III-8.75%-12-12-26-C-PVT,INE039A09NZ3
163162,GS02JUL27C,IN000727C015
163172,Viram Suvarn Limited,INE607V20010
163198,ABHFL 8.03% 2027 SR D1,INE831R07391
163214,IFCI-III-D-10.75%-31-10-26-PVT,INE039A09NW0
163219,GUJARAT STATE FERTILIZERS & CH,INE026A01025
163241,DECCAN POLYPACKS LTD.,INE132E01015
163254,TREE HOUSE EDU LTD,INE040M01013
163262,RACE ECO CHAIN LIMITED,INE084Q01012
163265,Restaurant Brands Asia Limited,INE07T201019
163272,Excelsoft Technologies Limited,INE606N01019
163311,LEHAR FOOTWEARS LIMITED,INE976H01018
163326,GS22APR34,IN000434C034
163367,GS15APR34C,IN000434C042
163408,ABHFL 8.10% 2028 SR A1,INE831R07359
163440,ABHFL 8.02% 2028 SR C2,INE831R07367
163443,HONDA I POWER PRODUCT LTD,INE634A01018
163452,NOIDA TOLL BRIDGE COMPANY LTD.,INE781B01015
163484,Silver Touch Technologies Limi,INE625X01018
163490,GRAND FOUNDRY LTD,INE534A01028
163491,SUYOG TELEMATICS LTD,INE442P01014
163492,ABHFL 8.20% 2027 SR K1,INE831R07425
163493,ABHFL 8.20% 2027 SR L1,INE831R07441
163494,SHREE KARNI FABCOM LTD,INE0S4Y01010
163501,AVFL-7.40%-26-6-30-PVT,INE216P07290
163506,ABHFL  8.1168% 2029 SR 2,INE831R07458
163528,ADPL-RESET RATE-14-4-27-PVT,INE15S307023
163558,ABHFL 8.13% 2028 SR H1,INE831R07409
163572,MAFIA TRENDS LIMITED,INE0KQQ01011
163590,IFCI-10.70%-IV-28-2-27-B-PVT,INE039A09OM9
163592,R SYSTEMS INTERNATIONAL LTD.,INE411H01032
163598,Veerkrupa Jewellers Limited,INE0ID001024
163599,ABHFL 8% 2034 SR J1,INE831R07417
163611,AFL-8.35%-20-7-28-PVT,INE216P07233
163620,IFCI-9.16%-IV-15-2-27-D-PVT,INE039A09OH9
163621,IFCI-9.16%-IV-15-2-27-C-PVT,INE039A09OG1
163622,AFL-8.09%-29-10-29-PVT,INE216P07241
163646,LTIMINDTREE LIMITED,INE214T01019
163647,HAVELLS INDIA LIMITED,INE176B01034
163653,AFL-6.50%-26-11-26-PVT,INE216P07217
163654,SARASWATI COMMERCIAL (INDIA) L,INE967G01019
163669,AFL-6.25%-25-03-27-PVT,INE216P07225
163675,AVFL-8.15%-RESET RATE-26-4-30-,INE216P07274
163677,SARUP INDUSTRIES LTD.,INE305D01019
163694,AVFL-8.11%-RESET RATE-26-4-30-,INE216P07282
163718,AFL-8.42%-15-1-30-PVT,INE216P07258
163721,AFL-8.46%-15-1-30-PVT,INE216P07266
163732,CPSE ETF,INF457M01133
163737,SDL MP 7.72% 2038,IN2120220057
163785,SDL MP 7.67% 2033,IN2120220040
163799,G N A Axles Limited,INE934S01014
163809,RUDRABHISHEK ENTERP LTD,INE364Z01019
163810,Active Clothing Co  Limited,INE380Z01015
163811,HINDUJA GLOBAL SOLUTIONS LTD.,INE170I01016
163815,ADIT BIRL SUN LIF AMC LTD,INE404A01024
163816,KIRAN PRINT-PACK LTD.,INE516D01011
163817,SDL MP 7.88% 2033,IN2120220032
163840,2.50%GOLDBONDS2028SR-IV,IN0020200146
163849,SDL MP 7.46% 2032,IN2120220024
163866,GOI LOAN 5.77% 2030,IN0020200153
163885,2.50%GOLDBONDS2028SR-V,IN0020200161
163888,SDL MP 7.85% 2032,IN2120220016
163894,CGCL-18-3-26-CP,INE180C14474
163904,MANGAL CREDIT AND FINCORP LTD.,INE545L01039
163931,GS12JUN34,IN000634C047
163949,Axis Mutual Fund,INF846K010Q0
163956,TRANSPEK INDUSTRY LTD.,INE687A01016
163963,GS15JUN2034,IN000634C054
163996,GOI LOAN  6.8% 2060,IN0020200187
164012,2.50%GOLDBONDS2028SR-VI,IN0020200195
164055,TIT RESET 2045,INE1JNC07015
164059,CHEMFAB ALKALIS LIMITED,INE783X01023
164061,VLS FINANCE LTD.,INE709A01018
164070,IDEAFORGE TECHNO LTD,INE349Y01013
164073,INTERNATIONAL CONVEYORS LTD.,INE575C01027
164079,Orkla India Limited,INE16NZ01023
164081,GS17JUN34C,IN000634C039
164082,Fino Payments Bank Limited,INE02NC01014
164088,GALAXY SURFACTANTS LTD,INE600K01018
164094,GUJARAT KIDNEY AND SUPER SPECI,INE0V0W01025
164095,SPANDANA SPHOORTY FIN LTD,INE572J01011
164096,Five-Star Business Finance Ltd,INE128S01021
164097,ANONDITA MEDICARE LIMITED,INE0VTV01012
164103,MOSCHIP TECHNOLOGIES LIMITED,INE935B01025
164108,NEPHRO CARE INDIA LIMITED,INE0SUN01013
164113,BANDHAN BANK LIMITED,INE545U01014
164114,SDL MP 7.69% 2043,IN2120220099
164115,IWARE SUPPLYCHAIN SER LTD,INE1AII01014
164119,KABRA JEWELS LIMITED,INE0XOW01017
164126,ICICI Prudential Life Insuranc,INE726G01019
164140,SDL MP 7.59% 2038,IN2120220081
164144,VERTIS INFRASTRUCTURE TST,INE0KXY23015
164159,SDL MP 7.62% 2034,IN2120220073
164160,JAGAN LAMPS LTD.,INE144C01014
164167,ROYAL ARC ELECTRODES LTD,INE0EO401019
164179,VIDYA WIRES LIMITED,INE14UN01029
164181,SDL MP 7.64% 2033,IN2120220065
164193,BOB-7.41%-28-11-39-PVT,INE028A08364
164199,KRL-9.5%-29-9-28-PVT,INE263M07109
164203,LADDU GOPAL ONLINE SERVICES LI,INE546I01025
164206,JKUMAR INFR.LTD.,INE576I01022
164222,BOB-7.26%-9-9-34-PVT,INE028A08356
164224,NEEPCO-7.71%-8-5-34-PVT,INE636F08074
164228,ALEMBIC PHARMACEUTICALS LTD.,INE901L01018
164235,NEEPCL-7.14%-22-3-30-PVT,INE636F08066
164255,BOB-7.3%-27-8-34-PVT,INE028A08349
164264,726GOI2033,IN0020220151
164289,BOB-7.57%-22-2-34-PVT,INE028A08331
164315,BOB-7.57%-25-1-34-PVT,INE028A08323
164319,FIRST FINTEC LIMITED,INE683B01047
164328,AKME FINTRADE (INDIA) LTD,INE916Y01027
164334,Sovereign Gold Bond 2022-23 Sr,IN0020220169
164336,BOB-7.75%-21-12-33-PVT,INE028A08315
164337,GKW LIMITED,INE528A01020
164338,FILMCITY MEDIA LTD.,INE600B01033
164356,BOB-7.68%-1-12-33-PVT,INE028A08307
164358,SREE RAYALSEEMA HHP LTD.,INE917H01012
164373,MARKSANS PHARMA LIMITED,INE750C01026
164415,IOB-9.0802%-24-9-29-PVT,INE565A08035
164433,IOB-8.60%-31-3-32-PVT,INE565A08043
164438,MARVEL DECOR LIMITED,INE575Z01010
164442,Sangam Finserv Limited,INE475D01010
164460,IOB-9%-24-3-33-PVT,INE565A08050
164472,HYBRID FINANCIAL SERVICE,INE965B01022
164480,CGCL-17-2-26-CP,INE180C14573
164494,LKCP-7.0%-26-10-26-PVT,INE999H07074
164513,CGCL-24-3-26-CP,INE180C14565
164517,LKCPL-7%-26-10-26-PVT,INE999H07082
164551,CGCL-3-3-26-CP,INE180C14508
164566,MAHINDRA HOLIDAYS LTD,INE998I01010
164567,STRIDES PHARMA SCIENCE LIMITED,INE939A01011
164613,JAIHIND SYNTHETICS LTD.,INE156E01014
164622,ELPRO INTERNATIONAL LTD.,INE579B01039
164631,2.5%GOLDBONDS2028SR-III,IN0020200104
164634,GS06MAY73,IN000573C013
164642,BOB-7.23%-16-1-35-PVT,INE028A08372
164653,CGCL-25-3-26-CP,INE180C14516
164671,ANDHRA CEMENTS LIMITED,INE666E01020
164684,RANE (MADRAS) LTD.,INE050H01012
164699,THE GROB TEA COMPANY LTD,INE646C01018
164765,SDL MP 7.77% 2047,IN2120220149
164766,QUANTUM NIFTY 50 ETF,INF082J01028
164777,GOI LOAN 7.19% 2060,IN0020200039
164816,SDL MP 7.74% 2043,IN2120220131
164843,SDL MP 7.66% 2048,IN2120220123
164855,GOI LOAN 7.16% 2050,IN0020200054
164870,2.50%GOLDBONDS2028SR-I,IN0020200062
164885,Axis Mutual Fund,INF846K011P0
164887,YASHO INDUSTRIES LIMITED,INE616Z01012
164901,KARUR VYSYA BANK LTD.,INE036D01028
164904,GOI LOAN 5.79% 2030,IN0020200070
164905,SDL MP 7.77% 2043,IN2120220107
164911,THERMAX LTD,INE152A01029
164929,Axis Mutual Fund,INF846K011Q8
164931,PADMANABH ALLOYS & POLYMERS LT,INE630U01014
164940,VEGA JEWELLERS LIMITED,INE603D01017
164943,2.50%GOLDBONDS2028SR-II,IN0020200088
164955,GOI LOAN 6.19% 2034,IN0020200096
164976,POONAWALLA FINCORP LTD,INE511C01022
165005,RPSG VENTURES LIMITED,INE425Y01011
165011,ABHFL 7.08% 2030 SR C1,INE831R07599
165017,FIRST CUSTODIAN FUND (INDIA) L,INE609B01018
165088,Elin Electronics Limited,INE050401020
165093,MAHAMAYA STEEL INDS LTD,INE451L01014
165109,SAPTARISHI AGRO INDUSTRIES LTD,INE233P01017
165135,PRERNA INFRABUILD LTD.,INE426H01014
165148,GULF OIL LUB. IND. LTD.,INE635Q01029
165184,BOB-7.84%-15-1-35-PVT,INE028A08208
165185,ABHFL 7.2841% 2030 SR H1,INE831R07623
165209,SADBHAV ENGINEERING LTD,INE226H01026
165235,PERFECT-OCTAVE MEDIA PROJECTS,INE814L01013
165241,INDBANK MERCH BANK,INE841B01017
165272,ABHFL 7.1104% 2027 SR D1,INE831R07607
165300,ORIENT GREEN POWER COMPANY LTD,INE999K01014
165304,BOB-7.88%-PERPETUAL-PVT,INE028A08299
165311,ABHFL 7.58% 2035 E1,INE831R07615
165314,SANATHNAGAR ENTERPRISES LIMITE,INE367E01033
165316,EQUITAS SMALL FIN BNK LTD,INE063P01018
165343,BOB-8%-PERPETUAL-PVT,INE028A08273
165347,G. G. Dandekar Properties Limi,INE631D01026
165348,GARWARE TECH FIBRES LTD,INE276A01018
165368,BOB-7.39%-17-8-29-PVT,INE028A08281
165372,BOB-9.75%-PERPETUAL-PVT,INE028A08265
165375,TRICOM FRUIT PRODUCTS LIMITED,INE843F01014
165381,EXATO TECHNOLOGIES LIMITED,INE1E4401010
165461,TEXEL INDUSTRIES LTD.,INE594V01028
165464,GS12DEC47,IN001247C047
165466,INSOLATION ENERGY LIMITED,INE0LGX01024
165478,PCBL Chemical Limited,INE602A01031
165479,INDO TECH TRANSFORM LTD.,INE332H01014
165484,2.50%GOLDBONDS2029SR-IX,IN0020200377
165506,2.50%GOLDBONDS2029SR-X,IN0020200385
165512,TFSRL-IRR-31-12-27-PVT,INE681H07110
165516,2.50%GOLDBONDS2029SR-XI,IN0020200393
165537,SUNDARAM-CLAYTON LIMITED,INE0Q3R01026
165583,Tacent Projects Limited,INE149D01011
165651,ITI LTD.,INE248A01017
165662,ACCELERATEBS INDIA LIMITED,INE0POP01017
165675,BARODA BNP PARIBAS MUTUAL FUND,INF251K01SU9
165686,SBFC Finance Limited,INE423Y01016
165691,ABAN OFFSHORE LTD.,INE421A01028
165728,PATEL INT. LOG. LTD,INE529D01014
165739,B. D. Industries (Pune) Limite,INE1LJ801017
165746,GPT Healthcare Limited,INE486R01017
165766,SHIVAM AUTOTECH LTD.,INE637H01024
165772,MAHINDRA LIFESPACE DEVELOPERS,INE813A01018
165796,NIT 8.05% 2032 SR 1,INE0Q7Q07026
165812,HPL-8.95%-1-7-27-PVT,INE105U07030
165852,TV VISION LIMITED,INE871L01013
165853,HPL-8.75%-29-6-29-PVT,INE105U07014
165898,ADITYA ISPAT LTD.,INE570B01012
165915,CARTRADE TECH LIMITED,INE290S01011
165921,ALKYL AMINES CHEM. LTD,INE150B01039
165941,BHARAT AGRI FERT & REALTY LTD.,INE842D01029
165942,GRP LIMITED,INE137I01015
165947,MMFL-ZC-14-8-26-NCD,INE101Q07904
165951,NIT 8.10% 2040 SR 1,INE0Q7Q07018
165952,1018GOI2026,IN0020010081
165962,KUANTUM PAPERS LTD.,INE529I01021
166006,PATEL ENGINEERING LTD.,INE244B01030
166022,RIDHI SYNTHETICS LTD.,INE07LK01010
166043,INDIAN METALS & FERRO,INE919H01018
166049,BOB-7.75%-11-9-34-PVT,INE028A08166
166063,RAMINFO LIMITED,INE357B01022
166080,SHANK-12%-28-10-27-PTC,INE1O3X15025
166108,GVP INFOTECH LIMITED,INE382T01030
166118,SBI-ETF GOLD,INF200KA16D8
166130,VIJAY SOLVEX LTD.,INE362D01010
166191,787TNSDL33,IN3120220071
166195,CARE Ratings Limited,INE752H01013
166217,GOI LOAN  6.22% 2035,IN0020200245
166220,BARODA BNP PARIBAS MUTUAL FUND,INF251K01TL6
166237,764TNSDL29,IN3120220089
166256,GOI LOAN  6.67% 2050,IN0020200252
166258,OMFURN INDIA LIMITED,INE338Y01016
166269,BLUE COAST HOTELS LTD.,INE472B01011
166276,IVALUE INFOSOLUTIONS LIMITED,INE056801025
166291,S. V. J. Enterprises Limited,INE0JZS01010
166296,NACL-19-3-26-CP,INE850M14CK3
166298,ASIAN HOTELS (NORTH) LIMITED,INE363A01022
166326,NAC-17-3-26-CP,INE850M14CJ5
166338,2.5%GOLDBONDS2028SR-VIII,IN0020200286
166352,GOI LOAN  5.85% 2030,IN0020200294
166354,NACL-16-3-26-CP,INE850M14CI7
166356,LKCPL-7%-26-10-26-PVT,INE999H07058
166359,MAZAGON DOCK SHIPBUIL LTD,INE249Z01020
166377,NACL-20-2-26-CP,INE850M14CH9
166378,GS15APR32C,IN000432C046
166384,78TAMSDL32,IN3120220097
166394,LKCPL-7.00%-26-10-26-PVT,INE999H07033
166403,SAI CAPITAL LTD.,INE531X01018
166406,GS22APR32C,IN000432C038
166409,GALLOPS ENTERPRISE LTD.,INE755J01012
166418,ACS TECHNOLOGIES LIMITED,INE366C01021
166425,SURYALAKSHMI COTTON MILLS LTD.,INE713B01026
166467,Sula Vineyards Limited,INE142Q01026
166481,794TNSDL32,IN3120220030
166494,784TNSDL52,IN3120220048
166513,HEMANG RESOURCES LIMITED,INE930A01010
166536,KAIZEN AGRO INFRABUILD LIMITED,INE891N01017
166539,CL 7.20% 2030,INE482A08033
166571,799TNSDL42,IN3120220022
166577,MOXSH OVERSEAS EDUCON LTD,INE0N6D01014
166606,DHP INDIA LTD.,INE590D01016
166608,SHYAM CENTURY FERROUS LTD,INE979R01011
166611,GS19MAR2062,IN000362C011
166621,SGN TELECOMS LTD.,INE266C01023
166628,VIVIMED LABS LTD.,INE526G01021
166632,JINDAL WORLDWIDE LTD.,INE247D01039
166682,MALU PAPER MILLS LTD.,INE383H01017
166800,Metropolis Healthcare Limited,INE112L01020
166823,ADROIT INFOTECH LIMITED,INE737B01033
166827,SPHIR-8.75%-20-8-26-PTC,INE2GPK15010
166829,GUJARAT PIPAVAV PORT LTD.,INE517F01014
166830,2.50%GOLDBONDS2028SR-VII,IN0020200203
166847,UMIYA BUILDCON LIMITED,INE398B01018
166848,SPHIR-9.90%-20-3-28-PTC,INE2GPK15028
166871,SPHIR-11.25%-20-3-28-PTC,INE2GPK15036
166879,BANCO PRODUCTS (I) LTD,INE213C01025
166883,T & I GLOBAL LTD.,INE811B01010
166884,RELIANCE COMMUNICATIONS L,INE330H01018
166896,CLARA INDUSTRIES LIMITED,INE0JJS01014
166898,GARUDA CONSTRUCT N ENG L,INE0JVO01026
166916,TMCV8.50%-29-1-27-PVT,INE1TAE08056
166929,TMCV-8.50%-30-12-26-PVT,INE1TAE08049
166951,MMFL-ZC-29-10-27-NCD,INE101Q07789
166958,TMCV-6.6%-29-5-26-PVT,INE1TAE08031
166960,RAILTEL CORP OF IND LTD,INE0DD101019
166979,SK International Export Limite,INE04ST01013
166990,BTRFLY GANDHI APPL LTD,INE295F01017
166995,A B COTSPIN INDIA LIMITED,INE08PH01015
167005,Manorama Industries Limited,INE00VM01036
167012,ALSL 8.90% 2027,INE563J08023
167031,UN SE RE NCD 8.55% SR.VI,INE033L08270
167032,SAKSOFT LIMITED,INE667G01023
167035,SHREE RENUKA SUGARS LTD,INE087H01022
167051,WHITE HALL COMMERCIAL CO.LTD.,INE416X01012
167122,ANANT RAJ LIMITED,INE242C01024
167147,KFIL-9.75%-5-3-26-PVT,INE192U07343
167162,KFIL-9.75%-27-3-27-PVT,INE192U07350
167181,KFIL-9.65%-10-03-28-PVT,INE192U07368
167189,JMJ Fintech Limited,INE242Q01016
167200,NBSPL-10.25%-30-01-27-PVT,INE681R08125
167211,ENTERTAINMENT NETWORK (INDIA),INE265F01028
167218,NBSPL-10.25%-12-12-26-PVT,INE681R08117
167227,KFIL-9.5%-30-10-27-PVT,INE192U07376
167234,PANORAMA STUDIOS INTERNATIONAL,INE258R01028
167236,CADSYS (INDIA) LIMITED,INE090Y01013
167242,KFIL-9.45%-7-7-28-PVT,INE192U07384
167251,NBSPL-10.75%-13-8-26-PVT,INE681R08109
167253,BPCL-6.27%-26-10-26-PVT,INE322J08040
167257,VMS TMT LIMITED,INE0SJA01013
167281,RADIANT CASH MGMT SER LTD,INE855R01021
167306,PRO FX TECH LIMITED,INE0VJT01017
167350,BAJAJ HINDUSTHAN SUGAR LT,INE306A01021
167358,NBS-10.25%-9-6-27-PVT,INE681R08141
167363,JAYANT AGRO-ORGANICS LTD.,INE785A01026
167384,NBSPL-10.25%-23-3-27-PVT,INE681R08133
167387,TRUE COLORS LIMITED,INE1LDV01015
167393,JARO INS OF TEC MG N RE L,INE00YJ01010
167400,Sirohia & Sons Limited,INE785O01019
167515,KRSNAA DIAGNOSTICS LTD,INE08LI01020
167516,GANGES SECURITIES LIMITED,INE335W01016
167531,FINOLEX CABLES LTD.,INE235A01022
167540,MMFL-ZC-31-7-27-NCD,INE101Q07714
167586,Checkpoint Trends Limited,INE396H01019
167607,Kizi Apparels Limited,INE0RMR01013
167626,MRUGESH TRADING LTD.,INE738D01029
167637,NMFL-11.35%-5-11-27-PVT,INE229U07145
167644,SEYA INDUSTRIES LTD.,INE573R01012
167657,SETUBANDHAN INFRA LTD,INE023M01027
167661,NFL-11%-24-5-26-PVT,INE229U07137
167662,DHANLAXMI FABRICS LTD.,INE953D01016
167669,AARTI SURFACTANTS LIMITED,INE09EO04017
167679,IRCON International Ltd,INE962Y01021
167684,BLT Logistics Limited,INE0W4K01013
167778,K.M.SUGAR MILLS LTD.,INE157H01023
167794,GYAN DEVELOPERS & BUILDERS LTD,INE487G01018
167798,SOLAR INDUSTRIES (I) LTD,INE343H01029
167808,ASHAPURA LOGISTICS LTD,INE0LAA01017
167816,OIL COUNTRY TUBULAR LTD,INE591A01010
167817,CREATIVE NEWTECH LIMITED,INE985W01018
167819,JAGATJIT INDUSTRIES LTD.,INE574A01016
167832,JMG CORPORATION LTD.,INE745F01011
167843,NFL-11.35%-30-12-27-PVT,INE229U07160
167844,CRAVATEX LTD.,INE145E01017
167845,NFL-11.40%-11-11-27-PVT,INE229U07152
167886,RITES Limited,INE320J01015
167892,KIRLOSKAR BROTHERS LTD,INE732A01036
167921,VISAGAR FINANCIAL SERVICES LTD,INE309H01038
167960,Invigorated Business Consultin,INE359A01012
167961,ANUPAM RASAYAN INDIA LTD,INE930P13013
167990,PFC-750%-1-8-26-NCD,INE134E07CF3
168008,AXENTRA CORP LIMITED,INE919M01026
168032,KERNEX MICROSYSTEMS (INDIA) LT,INE202H01019
168033,PFC-7.45%-1-8-26-NCD,INE134E07CG1
168050,PVR INOX LIMITED,INE191H01014
168089,TANEJA AEROSPACE & AVIATION LT,INE692C01020
168095,BIRLASLAMC - ABGSEC,INF209KC1134
168102,PFC-7.50%-1-8-38-NCD,INE134E07CJ5
168103,PFC-7.55%-1-8-38-NCD,INE134E07CK3
168109,Humming Bird Education Limited,INE02PC01027
168123,PFC-7.53%-1-8-33-NCD,INE134E07CH9
168132,PFC-7.47%-1-8-33-NCD,INE134E07CI7
168151,QUANTUM GOLD FUND,INF082J01408
168152,ARYAVAN ENTERPRISE LIMITED,INE360S01012
168158,GS19MAR2037,IN000337C039
168161,JNK INDIA LIMITED,INE0OAF01028
168171,Tejnaksh Healthcare Limited,INE030T01027
168172,AAREY DRUGS & PHARM LTD,INE198H01019
168182,FUTURE ENTERPRISES LTD,IN9623B01058
168221,GOI LOAN  6.76% 2061,IN0020200401
168246,2.50%GOLDBONDS2029SR-XII,IN0020200427
168263,RPG LIFE SCIENCES LTD.,INE105J01010
168271,ODIGMA CONSULTANCY SOL L,INE054301028
168276,PSEPL-7.30%-31-12-26-PVT,INE127V07024
168299,VASUNDHARA RASAYANS LTD,INE406F01010
168303,PSEPL-7.65%-31-12-29-PVT,INE127V07032
168314,VIP INDUSTRIES LTD,INE054A01027
168315,PSEPL-7.75%-31-12-31-PVT,INE127V07040
168316,UTI ASSET MNGMT CO LTD,INE094J01016
168319,PSEPL-7.85%-31-3-34-PVT,INE127V07057
168326,BIRLASLAMC - GSEC10ABSL,INF209KC1142
168329,MMFL-ZC-23-12-27-NCD,INE101Q07854
168331,DCCL 12.25% 2027 SR IIA,INE04Q907108
168347,GINNI FILAMENTS LTD,INE424C01010
168371,BANNARI AMMAN SUGARS LTD.,INE459A01010
168372,NWIL-8.9188%-21-07-28-PVT,INE523L07AT7
168383,SRFCPL-10.25%-1-4-28-PVT,INE08E807100
168384,NWIL-8.95%-10-9-27-PVT,INE523L07AS9
168386,PFCL-7.15%-22-1-36-NCD,INE134E07AT8
168393,AXITA COTTON LIMITED,INE02EZ01022
168409,NWIL-8.95%-04-01-28-PVT,INE523L07AR1
168416,GEMSTONE INVESTMENTS LTD.,INE503D01027
168419,CALIFORNIA SOFTWARE CO LT,INE526B01014
168422,IIFL FINANCE LIMITED,INE530B01024
168432,ZUARI AGRO CHEMICALS LTD,INE840M01016
168437,Zerodha Mutual Fund,INF0R8F01091
168444,TSL-30-3-26-CP,INE081A14GN5
168446,SRFCPL-10.50%-22-01-28-PVT,INE08E807142
168447,TSL-17-2-26-CP,INE081A14GM7
168448,Zerodha Mutual Fund,INF0R8F01059
168452,SFCPL-10.65%-22-6-28-PVT,INE08E807134
168455,GTN TEXTILES LTD.,INE302H01017
168456,Zerodha Mutual Fund,INF0R8F01067
168457,TSL-25-3-26-CP,INE081A14GL9
168462,PURSHOTTAM INVESTOFIN LTD,INE729C01020
168488,Zerodha Mutual Fund,INF0R8F01034
168492,TSL-6-3-26-CP,INE081A14GK1
168520,TSL-28-2-26-CP,INE081A14GJ3
168523,Zerodha Mutual Fund,INF0R8F01042
168546,TSL-10-2-26-CP,INE081A14GI5
168580,ZENITH STEEL PIP IND LTD,INE318D01020
168589,RESONANCE SPECIALTIES LTD.,INE486D01017
168590,RAJ RAYON INDUSTRIES LTD,INE533D01032
168597,MOLD-TEK TECHNOLOGIES LTD.,INE835B01035
168621,SUN TV NETWORK LTD.,INE424H01027
168636,INDIA SHELTER FIN CORP L,INE922K01024
168700,ETERNAL LIMITED,INE758T01015
168707,MUNISH FORGE LIMITED,INE1K8Y01018
168759,DONN25-14%-17-01-27-PTC,INE27JK15012
168806,Shri Keshav Cements and Infra ,INE260E01014
168830,Udayshivakumar infra limited,INE0N0Y01013
168841,SPUNWEB NONWOVEN LIMITED,INE19QH01010
168861,SIMPLEX INFRASTRUCTURES L,INE059B01024
168870,ITC LTD,INE154A01025
168890,SNOWMAN LOGISTICS LTD.,INE734N01019
168892,DR LALCHANDANI LABS LIMITED,INE871Z01013
168900,INTRASOFT TECH. LTD,INE566K01011
168904,POLYCAB INDIA LIMITED,INE455K01017
168913,SPML INFRA LIMITED,INE937A01023
168916,SRM CONTRACTORS LIMITED,INE0R6Z01013
168917,NFL-11.95%-25-5-26-PVT,INE229U07103
168918,MARKET CREATORS LTD.,INE944C01017
168936,ABSLIC-7.45%-25-7-31-PVT,INE951F08028
168941,ABSLICL-7.63%-30-11-31-PVT,INE951F08036
168975,Naksh Precious Metals Limited,INE256S01012
168979,8.30% TAX FREE NCD,INE134E07208
168983,ABSLICL-8.20%-10-7-34-OVT,INE951F08051
168985,QUINTEGRA SOLUTIONS LTD.,INE033B01011
168986,N2N TECHNOLOGIES LIMITED,INE043F01011
168991,TRUALT BIOENERGY LIMITED,INE0MWH01014
169004,Velox Shipping and Logistics L,INE092P01017
169029,MADHUSUDAN MASALA LIMITED,INE0P6701019
169044,ABSLICL-7.78%-11-6-35-PVT,INE951F08077
169065,ABSLICL-8.49%-12-8-34-PVT,INE951F08069
169081,ADHATA GLOBAL LIMITED,INE586D01014
169093,BAJAJ CONSUMER CARE LTD,INE933K01021
169115,TORRENT PHARMACEUTICALS LTD.,INE685A01028
169123,SRFCPL-9.9%-26-10-27-PVT,INE08E807084
169124,PCPL 9.75% 2028,INE389Z07088
169129,AUROBINDO PHARMA LTD,INE406A01037
169148,PCPL 9% 2028,INE389Z07096
169174,CONTINENTAL SEED CHEM LTD,INE340Z01019
169180,GODAVARI BIOREFINERIES L,INE497S01012
169224,GS06NOV29C,IN001129C021
169235,PCPL 10.157% 2027,INE389Z07054
169237,GS19SEP2042,IN000942C036
169266,PCPL 6 M MIBOR-OIS 2027,INE389Z07062
169287,PCPL 9.75% 2027,INE389Z07070
169289,SRFCPL-9.9%-1-11-27-PVT,INE08E807092
169307,OM METALLOGIC LIMITED,INE0R8Q01018
169310,SNEHAA ORGANICS LIMITED,INE1OIC01018
169380,Sona BLW Precision Forgings Li,INE073K01018
169404,VISHNU CHEMICALS LTD.,INE270I01022
169423,VSD CONFIN LTD.,INE489F01016
169429,PFCL-6.63%-22-1-31-NCD,INE134E07AK7
169486,CARRARO INDIA LIMITED,INE0V7W01012
169491,PFCL-7%-22-1-31-NCD,INE134E07AN1
169494,NWIL-9.20%-20-12-27-PVT,INE523L07AM2
169501,TAPARIA TOOLS LTD.,INE614R01014
169506,NWIL-9.50%-25-3-27-PVT,INE523L07AL4
169507,PFCL-6.58%-22-1-31-NCD,INE134E07AO9
169518,NWIL-NIFTY 50-23-8-27-PVT,INE523L07AK6
169526,PFCL-6.82%-22-1-31-NCD,INE134E07AL5
169527,NWIL-ZC-18-1-27-PVT,INE523L07AJ8
169532,WEALTH FRST PORT. MG. LTD,INE658T01017
169536,PFCL-6.8%-22-1-31-NCD,INE134E07AM3
169541,Ola Electric Mobility Limited,INE0LXG01040
169550,PFCL-6.97%-22-1-36-NCD,INE134E07AR2
169551,CGCL-30-04-26-CP,INE180C14631
169552,NWIL-9.07-23-05-28-PVT,INE523L07AQ3
169559,PFCL-6.95%-22-1-36-NCD,INE134E07AS0
169563,CGCL-2-6-26-CP,INE180C14623
169567,NWIL-9.087%-18-10-27-PVT,INE523L07AP5
169568,CGC-9-3-26-CP,INE180C14615
169569,DCCL 12% 2027 SR II,INE04Q907090
169589,CGCL-29-6-26-CP,INE180C14656
169591,NWIL-9%-20-08-27-PVT,INE523L07AO8
169594,CGCL-18-6-26-CP,INE180C14649
169596,PFCL-6.83%-22-1-31-NCD,INE134E07AP6
169615,PFCL-6.78%-22-1-36-NCD,INE134E07AQ4
169619,NWIL-9%-22-06-27-PVT,INE523L07AN0
169622,MMFL-ZC-17-3-27-NCD,INE101Q07615
169624,WL-9.45%-27-9-29-PVT,INE07XR08015
169626,PL257-9.40%-20-3-28-PTC,INE17GS15012
169628,REC 7.70% 2026 SR 234-A,INE020B08FC8
169629,SDL AP 7.18% 2040,IN1020210465
169630,TRIBHOVANDAS BHIMJI ZAVERI LTD,INE760L01018
169631,360OPL-9.3%-28-2-26-PVT,INE248U07FA1
169635,REC 7.53% 2034 SR 233,INE020B08FB0
169641,SDL AP 7.24% 2038,IN1020210457
169644,REC 7.59% 2027 SR 232A,INE020B08FA2
169647,SDL AP 7.14% 2041,IN1020210440
169663,SDL AP 7.14% 2040,IN1020210432
169680,TFL-RR-3MTBILLS+SPREAD-29-1-27,INE432R07448
169685,REC 7.45% 2035 SR 236A,INE020B08FG9
169686,GS06MAY60,IN000560C010
169687,SUNDRAM FASTENERS LTD,INE387A01021
169688,360ONEPL-9.6%-12-6-29-NCD,INE248U07FE3
169693,Birla Cable Limited,INE800A01015
169694,360ONEPL-9.21%-12-6-29-NCD,INE248U07FF0
169695,REC 7.56% 2027 SR 236B,INE020B08FF1
169696,SDL AP 7.37% 2042,IN1020210499
169704,TATA CONSUMER PRODUCTS LIMITED,INE192A01025
169706,REC 7.35% 2034 SR 235,INE020B08FE4
169708,SDL AP 7.37% 2038,IN1020210481
169710,SEC RE NCD 9.80% SR.VII,INE244L07317
169716,THFL-9.25%-4-10-27-PVT,INE432R07414
169721,REC 7.58% 2029 SR 234-B,INE020B08FD6
169722,SDL AP 7.22% 2042,IN1020210473
169723,KPT INDUSTRIES LIMITED,INE731D01024
169724,UCL-10.15%-24-04-27-NCD,INE583D07604
169729,SDL KA 7.32% 2033,IN1920250025
169731,UCL-9.50%-27-02-27-PVT,INE583D07620
169750,360OPL-9.61%-18-1-27-NCD,INE248U07EW8
169759,REC 7.45% 2034 SR 232B,INE020B08EZ2
169760,RATNAMANI MET & TUB LTD.,INE703B01027
169768,SDL KA 7.42% 2035,IN1920250033
169773,UCL-9.75%-15-10-27-PVT,INE583D07612
169774,VINYOFLEX LTD.,INE526H01011
169797,IFSL-9.90%-25-11-27-PVT,INE321N07475
169801,REC 7.47% 2034 SR 231B,INE020B08EY5
169802,DRA CONSULTANTS LIMITED,INE746V01016
169809,EMA INDIA LTD.,INE279D01016
169818,SDL KA 7.52% 2037,IN1920250041
169826,IFSL-9.50%-11-12-26-PVT,INE321N07483
169828,ICPR 8.03% 2034 SR 1,INE726G08022
169859,SHRIRAM PROPERTIES LTD,INE217L01019
169862,REC 7.64% 2027 SR 231A,INE020B08EX7
169863,UCL-9.99%-16-06-29-PVT,INE583D07638
169868,SENTHIL INFOTEK LTD,INE564B01015
169869,RADHE DEVELOPERS (INDIA) LTD.,INE986B01044
169875,SDL KA 7.46% 2036,IN1920250058
169909,MAHA RASHTRA APEX CORPORATION,INE843B01013
169915,GROWWAMC - GROWWSC250,INF666M01MO0
169920,SDL KA 7.53% 2038,IN1920250066
169923,IFSL-9.50%-31-12-26-PVT,INE321N07491
169926,REC 7.71% 2027 SR 230-A,INE020B08EW9
169934,IFSL-9.5%-18-8-26-PVT,INE321N07426
169964,GROWWAMC - GROWWRLTY,INF666M01MN2
169973,SDL KA 7.16% 2031,IN1920250074
169981,IFSL-9.9%-21-8-26-PVT,INE321N07434
169982,ICPR 7.69% 2035 SR1,INE726G08030
169993,CONS. CONST. CONSORT LTD,INE429I01024
170002,DE NORA INDIA LIMITED,INE244A01016
170004,SDL KA 7.34% 2034,IN1920250082
170009,GROWWAMC - GROWWCAPM,INF666M01MM4
170011,IFSL-9.50%-18-9-26-PVT,INE321N07442
170023,EASY TRIP PLANNERS LTD,INE07O001026
170026,360OPL-9.61%-14-2-27-PVT,INE248U07EZ1
170028,SDL KA 7.51% 2036,IN1920250090
170041,IFSLD-9.50%-29-10-26-PVT,INE321N07459
170067,UCL-10.25%-24-10-27-NCD,INE583D07588
170070,P N GADGIL JEWELLERS LTD,INE953R01016
170074,SDL TS 7.10% 2047,IN4520240412
170125,848NTPC28,INE733E07JF7
170131,SDL TS 7.10% 2046,IN4520240404
170133,PFL-13-03-26-CP,INE511C14ZD8
170136,UCL-10.50%-24-10-28-NCD,INE583D07596
170139,ASHAPURA MINECHEM LTD.,INE348A01023
170177,IFSL-NIFTY 50-12-5-28-PVT,INE321N07517
170182,GSM FOILS LIMITED,INE0SQY01018
170191,IFSL-9.5%-19-7-27-PVT,INE321N07509
170212,PFL-16-3-26-CP,INE511C14ZE6
170215,SDL HR 7.14% 2031,IN1620200171
170242,IFSL-9.60%-16-8-27-PVT,INE321N07525
170253,DEEPAK SPINNERS LTD.,INE272C01013
170261,PFL-11-6-26-CP,INE511C14ZF3
170267,SDL HR 7.02% 2029,IN1620200163
170286,IFSL-9.5%-28-5-27-PVT,INE321N07533
170292,SDL TS 7.12% 2051,IN4520240420
170322,SDL HR 7.18% 2041,IN1620200155
170328,PFL-17-4-26-CP,INE511C14ZG1
170350,360OPL-9.26%-18-1-29-NCD,INE248U07ES6
170358,SDL KA 7.25% 2032,IN1920250108
170359,SDL TR 6.72% 2040,IN3220250028
170373,SDL HR 6.98% 2041,IN1620200148
170375,REC 7.64% 2034 SR 230-B,INE020B08EV1
170376,GROWWAMC - GROWWMC150,INF666M01MV5
170386,SDL TR 6.75% 2040,IN3220250010
170396,SDL KA 7.32% 2033,IN1920250116
170408,360OPL-9.21%-18-1-27-NCD,INE248U07ET4
170420,SDL HR 6.62% 2041,IN1620200130
170430,SDL KA 7.54% 2037,IN1920250124
170434,PFL-3-2-26-CP,INE511C14ZA4
170478,SDL HR 6.59% 2030,IN1620200122
170485,PFL-18-2-26-CP,INE511C14ZB2
170498,360OPL-9.66%-18-1-9-NCD,INE248U07ER8
170514,SDL TR 7.54% 2040,IN3220250036
170521,SDL HR 6.72% 2035,IN1620200114
170524,PFL-24-2-26-CP,INE511C14ZC0
170545,MAHINDRA & MAHINDRA LTD,INE101A01026
170547,TFL-7.90%-8-8-28-PVT,INE432R07489
170549,SDL TS 7.19% 2046,IN4520240495
170556,SIPL 9.75% 2027 SR TR II,INE391V07158
170561,SDL HR 7.05% 2040,IN1620200106
170563,SBC EXPORTS LIMITED,INE04AK01028
170568,KPIL-11-2-26-CP,INE220B14BO6
170575,SDL TS 7.10% 2050,IN4520240487
170590,GS06NOV52,IN001152C015
170591,SIIPL 9.75% 2027 SR III,INE391V07166
170595,NTPC-8.61%-LIC-04-03-34-PVT,INE733E07JM3
170604,SOLVE PLASTIC PRODUCTS L,INE0U0201016
170611,BALAJI TELEFILMS LTD.,INE794B01026
170616,SHILCHAR TECHNOLOGIES LTD.,INE024F01011
170617,NTPC-8.63%-LIB-04-03-29-PVT,INE733E07JL5
170618,SGFL-26-02-26-CP,INE618R14034
170621,TFL-8.6%-27-8-27-PVT,INE432R07455
170650,SDL TS 7.11% 2055,IN4520240453
170658,743TGNSDL41,IN4520240065
170679,SDL AP 7.14% 2035,IN1020210424
170681,891NTPC33,INE733E07JJ9
170687,GS12JUN47,IN000647C049
170688,SDL TS 7.12% 2054,IN4520240446
170711,873NTPC28,INE733E07JI1
170715,SDL AP 6.92% 2041,IN1020210416
170719,SDL TS 7.13% 2049,IN4520240438
170724,SDL TS 7.08% 2049,IN4520240479
170753,ASHISH POLYPLAST LTD.,INE831C01016
170756,K.Z.LEASING & FINANCE LTD.,INE006C01015
170758,SIIPL 9.75% 2029 SR IV,INE391V07174
170766,SDL AP 7.0% 2039,IN1020210408
170772,TFL-7.60%-29-12-30-PVT,INE432R07497
170786,PFL-25-5-26-CP,INE511C14YY7
170789,SDL TS 7.11% 2047,IN4520240461
170812,866NTPC33,INE733E07JG5
170813,NTPC-7.62%-3B-5-10-35-BOND,INE733E07JW2
170814,SEC RE NCD 9.85% SR.VIII,INE244L07416
170815,NTPC-7.53%-2B-5-10-30-BOND,INE733E07JV4
170823,ASHOK LEYLAND LTD,INE208A01029
170827,SDL AP 7.44% 2042,IN1020210564
170837,STELLAR CAPITAL SERVICES LTD,INE325P01011
170838,NTPC-7.37%-3A-5-10-35-BOND,INE733E07JT8
170839,SDL AP 7.31% 2042,IN1020210556
170840,SEC RE NCD 9.40% SR.VIII,INE244L07408
170841,GROWWAMC - GROWWMETAL,INF666M01NI0
170842,NTPC-7.28%-2A-5-10-30-BOND,INE733E07JS0
170847,IFSL-NIFTY50-3-4-26-PVT,INE321N07384
170857,Nirmitee Robotics India Limite,INE0CPQ01010
170858,SDL TS 7.25% 2046,IN4520240297
170863,BANGANGA PAPER INDUSTRIES LIMI,INE767M01029
170864,Mehai Technology  Limited,INE062Y01020
170865,MATRIMONY.COM LIMITED,INE866R01028
170866,AHFL-9.35%-29-9-28-NCD,INE538L07528
170879,THFL-KOTAK MCLR-9-8-26-PVT,INE432R07315
170880,SDL TS 7.25% 2038,IN4520240289
170889,AHFL-9.75%-29-9-28-NCD,INE538L07536
170891,ICFSL-NIFTY50-12-10-26-PVT,INE321N07392
170929,CJDPL-10%-25-11-28-PVT,INE050R07091
170938,KAVVERI DFS & WIR TEC LTD,INE641C01019
170949,RANE HOLDINGS LTD.,INE384A01010
170960,SEC RE NCD 9.80% SR.V,INE244L07499
170964,GS15OCT28C,IN001028C041
170972,HEXA TRADEX LIMITED,INE750M01017
170975,UCL-10.15%-24-4-26-NCD,INE583D07505
170978,SBI 7.23% 2039 SR 3,INE062A08470
170982,UCL-10.25%-24-10-26-NCD,INE583D07521
170986,IFSL-10.30%-10-11-26-NCD,INE321N07368
170999,REC 6.60% 2027 SR 250A,INE020B08FZ9
171004,UCL-10.40%-24-4-27-NCD,INE583D07513
171014,IFSL-9.84%-10-11-26-NCD,INE321N07376
171019,KALYAN JEWELLERS IND LTD,INE303R01014
171029,REC 6.70% 2029 SR 249-B,INE020B08FY2
171039,Franklin Leasing and Finance L,INE399S01010
171042,Meesho Limited,INE0VDM01015
171043,REC 7.06% 2035 SR 250-B,INE020B08GA0
171045,FORTUNE INTERNATIONAL LTD.,INE501D01013
171053,GROWWAMC - GROWWCHEM,INF666M01NP5
171056,UCL-10%-30-1-29-PVT,INE583D07539
171063,UCL-20-2-29-CP,INE583D07554
171065,SBOI 7.36% 2039 SR 2,INE062A08439
171079,UCL-10.02%-7-8-26-PVT,INE583D07547
171085,UCL-10%-24-10-26-NCD,INE583D07562
171093,SBOI 7.36% SR 1,INE062A08421
171104,MEGASOFT LTD,INE933B01012
171106,UCL-10.39%-24-10-26-NCD,INE583D07570
171113,UCL-10.50%-27-5-26-NCD,INE583D07463
171117,AFPL-12.40%-24-4-29-PVT,INE515Q08226
171130,CARRARO INDIA LIMITED,INE0V7W01012
171135,SDL AR 7.68% 2033,IN1120230017
171138,REC 6.86% 2035 SR 247 B,INE020B08FT2
171146,ICDS LTD.,INE613B01010
171147,UCL-10.25%-25-6-27-PVT,INE583D07471
171148,MAN INFRA LTD,INE949H01023
171153,AFPL-13.10%-29-8-28-PVT,INE515Q08218
171157,NTPC-7.49%-7-11-31-PVT,INE733E07KG3
171164,SDL AR 7.63% 2033,IN1120230025
171169,REC 7.02% 2040 246,INE020B08FS4
171173,REC 7.32% 2035 SR 245B,INE020B08FQ8
171174,SDL TS 7.13% 2036,IN4520240313
171176,IFSL-9.50%-21-5-26-PVT,INE321N07400
171192,Dhatre Udyog Limited,INE715T01031
171203,VCL-9%-04-11-26-PVT,INE01HV07619
171212,REC 7.44% 2028 SR 245A,INE020B08FR6
171213,NTPC-7.47%-16-9-26-PVT,INE733E07KF5
171215,SDL TS 7.22% 2038,IN4520240305
171218,UCL-REPO+SPREAD-11-1-27-PVT,INE583D07497
171236,IFSL-NIFTY-8-11-27PVT,INE321N07418
171252,NTPC-7.58%-23-08-26-PVT,INE733E07KE8
171256,VCL-10.10%-19-08-27-PVT,INE01HV07601
171261,AAHL-9.95%-15-3-27-PVT,INE0GCN07021
171270,NTPC-8.10%-27-5-31-PVT,INE733E07KD0
171271,REC 6.37% 2027 SR 249-A,INE020B08FX4
171272,VCL-9.25%-04-05-28-PVT,INE01HV07635
171273,AAHL-10%-14-3-29-PVT,INE0GCN07013
171278,BRAWN BIOTECH LTD.,INE899B01015
171285,VCL-9.15%-04-11-27-PVT,INE01HV07627
171286,REC 6.52% 2028 SR 248-A,INE020B08FW6
171288,NTPC-8.10%-27-5-26-PVT,INE733E07KC2
171296,DCX SYSTEMS LIMITED,INE0KL801015
171309,INDIA TOUR. DEV. CO. LTD.,INE353K01014
171312,REC 6.81% 2036 SR 248B,INE020B08FV8
171321,NTPC-8.05%-05-05-26-PVT,INE733E07KA6
171332,REC 6.87% 2030 SR 247 A,INE020B08FU0
171342,REC 7.09% 2039 SR 240A,INE020B08FK1
171346,THFL-8.95%-13-3-26-PVT,INE432R07364
171363,SDL TS 7.13% 2039,IN4520240370
171371,SDL AP 7.13% 2040,IN1020210507
171372,THFL-9.09%-9-2-33-PVT,INE432R07356
171388,REC LTD 0% 2034 SR 239,INE020B08FJ3
171392,SDL TS 7.16% 2049,IN4520240362
171405,AAHL-9.35%-8-9-28-PVT,INE0GCN07047
171408,AFPL-11.75%-14-04-32-PVT,INE515Q08283
171412,REC 7.31% 2039 SR 238,INE020B08FI5
171417,SDL TS 7.10% 2045,IN4520240396
171429,SUBROS LIMITED,INE287B01021
171430,Shantai Industries Limited,INE408F01024
171437,SDL TS 7.10% 2044,IN4520240388
171439,AFPL-11.75%-14-5-31-PVT,INE515Q08275
171445,REC LTD 7.55% 26 SR 237,INE020B08FH7
171454,LAXMIPATI ENGINEERING WORKS LI,INE920P01019
171459,AAHL-9.95%-12-6-28-PVT,INE0GCN07039
171486,AFPL-12%-24-01-30-PVT,INE515Q08267
171510,NTPC-7.32%-17-7-29-PVT,INE733E07KL3
171518,360OnePL-GSEC-26-11-31-PVT,INE248U07DI9
171519,SDL AP 7.48% 2038,IN1020210549
171522,REC 7.20% 2035 SR 242,INE020B08FN5
171525,THFL-8.9%-5-7-33-PVT,INE432R07398
171532,SDL TS 7.12% 2039,IN4520240321
171563,WINDSOR MACHINES LIMITED,INE052A01021
171573,SDL AP 7.13% 2039,IN1020210531
171583,SEC RE NCD 10.25% SR.IV,INE244L07507
171585,REC 7.28% 2040 SR 243,INE020B08FO3
171594,AFPL-12.25%-7-9-29-PVT,INE515Q08242
171595,SDL TS 7.16% 2047,IN4520240354
171596,REC LTD 7.10% 35 SR 241,INE020B08FM7
171599,DELHIVERY LIMITED,INE148O01028
171601,SDL AR 7.41% 2034,IN1120230033
171603,THFL-8.80%-1-12-26-PVT,INE432R07380
171605,Shankara Building Products Lim,INE274V01019
171606,NTPCL-8.3%-15-1-19-PVT,INE733E07KJ7
171610,SDL TS 7.11% 2045,IN4520240347
171618,Brigade Hotel Ventures Limited,INE03NU01014
171626,REC 7.34% 2030 SR 240B,INE020B08FL9
171627,THE RAMCO CEMENTS LIMITED,INE331A01037
171631,CREST VENTURES LIMITED,INE559D01011
171633,Rex Sealing and Packing Indust,INE0MFT01014
171635,PlatinumOne Business Services ,INE0DTJ01015
171636,SDL AP 7.13% 2041,IN1020210515
171639,NTPC-7.37%-14-12-31-PVT,INE733E07KI9
171640,SDL TS 7.14% 2042,IN4520240339
171649,HISAR SPINNING MILLS LTD.,INE689E01014
171659,SDL AP 7.14% 2041,IN1020210226
171672,SDL AP 7.14% 2037,IN1020210218
171673,OLYMPIC MANAGEMENT & FINANCIAL,INE091N01014
171676,SFL-7.6%-8-12-32-PVT,INE721A07SR6
171687,SDL AP 7.14% 2036,IN1020210200
171688,SFL-3-5-29-PVT,INE721A07SQ8
171701,SLF-8.55%-28-4-28-PVT,INE721A07SP0
171707,NVF-12-2-26-CP,INE918K14CT3
171734,SDL TS 7.33% 2040,IN4520240172
171745,SDL AP 6.98% 2036,IN1020210267
171761,IFSL-9.65%-02-5-26-NCD,INE321N07277
171766,SDL TS 7.32% 2036,IN4520240164
171767,NIPPON INDIA ETF SENSEX,INF204KA1UN7
171776,ANJANI SYNTHETICS LTD.,INE364D01032
171778,VK Global Industries Limited,INE758B01013
171780,SDL AP 7.02% 2041,IN1020210259
171798,SDL TS 7.35% 2040,IN4520240198
171808,SDL AP 7.0% 2039,IN1020210242
171810,NWFL-10-03-26-CP,INE918K14CO4
171826,SDL TS 7.34% 2037,IN4520240180
171827,SDL AP 7.05% 2035,IN1020210234
171831,IFSL-10.00%-2-5-26-NCD,INE321N07293
171839,RJIL-20-3-26-CP,INE110L14UJ8
171840,SDL PY 7.16% 2040,IN3820240072
171841,DEV INFO TECHNOLOGY LTD,INE060X01034
171852,SERENCD8.75%SRVICI&II,INE244L07150
171855,SDL AP 6.93% 2038,IN1020210291
171856,SDL PY 7.27% 2033,IN3820240080
171857,ATHARV ENTERPRISES LTD.,INE354E01031
171870,SDL PY 7.14% 2035,IN3820240049
171880,SDL AP 6.87% 2040,IN1020210283
171890,SDL PY 7.14% 2031,IN3820240056
171907,SDL AP 6.86% 2035,IN1020210275
171908,ICICI BANK LTD.,INE090A01021
171911,SDL PY 7.15% 2039,IN3820240064
171913,BLUE STAR LIMITED,INE472A01039
171916,NDTV LTD,INE155G01029
171919,Network People Services Techno,INE0FFK01017
171923,POPL-13.10%-27-7-27-PVT,INE0SRE07023
171924,SERENCD9.20%SRVIICIII&IV,INE244L07184
171925,NWF-5-3-26-CP,INE918K14CU1
171926,SERENCD9.10%SRVIICI&II,INE244L07176
171933,PMPL-ZC-30-10-29-PVT,INE0NF807025
171934,GROWWAMC - GROWWMOM50,INF666M01KJ4
171939,UNITED VAN DER HORST LTD.,INE890G01047
171940,POPL-13.10%-37-7-27-PVT,INE0SRE07031
171944,NWFL-9-3-26-CP,INE918K14CV9
171946,PMPL-ZC-13-4-28-PVT,INE0NF807017
171952,TECHNICHEM ORGANICS LIMITED,INE0ZHT01012
171953,POPL-13.10%-28-7-27-PVT,INE0SRE07049
171955,UPL LIMITED,INE628A01036
171956,PREMIER POLYFILM LTD.,INE309M01020
171957,DIFFUSION ENGINEERS LTD,INE184O01015
171965,NWFL-16-2-26-CP,INE918K14CW7
171969,UCL-11%-27-5-26-NCD,INE583D07455
171970,NWFL-07-04-26-CP,INE918K14CX5
171971,SERENCD8.84%SRVICIII&IV,INE244L07168
171979,UCL-10.35%-27-2-26-NCD,INE583D07448
172003,VMC-7.15%-28-3-27-MB,INE0KDG24012
172017,UCL-10.50%-8-3-26-PVT,INE583D07356
172018,GEM SPINNERS INDIA LTD.,INE165F01020
172080,MSP STEEL & POWER LTD.,INE752G01015
172096,GENESIS IBRC INDIA LIMITED,INE194N01016
172118,IKATEPL-6%-8-1-33-PVT,INE0OFR08019
172125,RJIL-23-3-26-CP,INE110L14UM2
172130,MMFL-17-7-26-CP,INE101Q14207
172143,RJIL-13-3-26-CP,INE110L14UL4
172156,SALASAR TECHNO ENGG. LTD.,INE170V01027
172166,RJIL-18-3-26-CP,INE110L14UK6
172182,WHEELS INDIA LTD.,INE715A01015
172204,MMFL-8-10-26-CP,INE101Q14256
172207,SDL TS 7.26% 2035,IN4520240255
172225,D.P. WIRES LIMITED,INE864X01013
172230,SDL TS 7.28% 2046,IN4520240248
172245,MMFL-23-09-26-CP,INE101Q14249
172256,LAMBODHARA TEXTILES LTD.,INE112F01022
172258,SWITCHING TECHNOLOGIES GUNTHER,INE311D01017
172259,ASHIRWAD CAPITAL LTD.,INE894A01026
172261,MMFL-10-4-26-CP,INE101Q14231
172282,SDL TS 7.28% 2045,IN4520240271
172311,SDL TS 7.28% 2038,IN4520240263
172320,ROYALE MANOR HOTELS & INDUSTRI,INE008C01011
172321,ICICI Prudential Asset Managem,INE346A01027
172331,SDL TS 7.31% 2050,IN4520240214
172342,MMFL-26-06-26-CP,INE101Q14298
172369,SDL TS 7.33% 2042,IN4520240206
172400,MHFL-ZC-7-9-26-NCD,INE360T07082
172405,KMIL-8.35%-18-12-26-PVT,INE975F08CS7
172406,ATLANTAA LIMITED,INE285H01022
172412,R M DRIP & SPRINK SYS LTD,INE219Y01026
172418,MMFL-20-11-26-CP,INE101Q14280
172420,SASHWAT TECHNOCRATS LIMITED,INE789D01014
172430,SDL TS 7.29% 2042,IN4520240230
172444,KMIL-8.5500%-24-03-27-PVT,INE975F08CT5
172457,MMFL-13-4-26-CP,INE101Q14264
172460,ROYAL ORCHID HOTELS LTD.,INE283H01019
172465,SDL TS 7.29% 2040,IN4520240222
172479,LIBORD SECURITIES LTD.,INE267E01019
172481,GLAXOSMITHKLINE PHARMA LT,INE159A01016
172493,BEST AGROLIFE LIMITED,INE052T01021
172496,M K PROTEINS LIMITED,INE964W01021
172499,SDL TS 7.44% 2040,IN4520240099
172500,SDL AP 7.14% 2041,IN1020210341
172501,360OPL-8.75%-07-10-27-PVT,INE248U07GC5
172502,MITTAL LIFE STYLE LIMITED,INE997Y01027
172505,ECS Biztech Limited,INE925Q01024
172510,SDL TS 7.44% 2041,IN4520240081
172511,SDL AP 7.13% 2036,IN1020210333
172512,360OPL-ZC-31-05-28-PVT,INE248U07GD3
172514,360OPL-8.75%-10-9-27-PVT,INE248U07GA9
172519,AEROFLEX NEU LIMITED,INE035801013
172522,3I INFOTECH LIMITED,INE748C01038
172523,Aten Papers & Foam Limited,INE0XCV01014
172524,SDL AP 7.09% 2039,IN1020210325
172525,HELLOJI HOLIDAYS LIMITED,INE1FJE01010
172530,LTL-5-2-26-CP,INE018A14LS6
172531,Secmark Consultancy Limited,INE0BTM01013
172532,OPL-8.75%-17-9-27-PVT,INE248U07GB7
172533,SDL AP 7.04% 2034,IN1020210317
172543,SDL TS 7.47% 2036,IN4520240057
172548,SDL AP 7.08% 2040,IN1020210382
172561,SDL TS 7.48% 2042,IN4520240040
172563,SDL AP 7.08% 2035,IN1020210374
172566,IRM ENERGY LIMITED,INE07U701015
172573,GROWWAMC - GROWWLOVOL,INF666M01LB9
172576,SDL TS 7.42% 2048,IN4520240073
172580,EURO PRATIK SALES LIMITED,INE198501012
172584,SDL AP 7.02% 2037,IN1020210366
172591,360OPL-8.86%-1-12-28-PVT,INE248U07GE1
172597,GROWWAMC - GROWWSLVR,INF666M01LA1
172599,SDL TS 7.43% 2041,IN4520240065
172616,SDL AP 7.02% 2036,IN1020210358
172617,BHADORA INDUSTRIES LTD,INE0ZRC01017
172621,PFL-24-03-26-CP,INE511C14YJ8
172623,360OPL-21-06-27-PVT,INE248U07FZ8
172631,SUN PHARMA ADVANCED RESEARCH C,INE232I01014
172647,OPL-8.95%-4-6-27-PVT,INE248U07FW5
172648,VPIL-18%-RESET RATE-27-04-29-P,INE508P07019
172652,PATELS AIRTEMP (INDIA) LTD.,INE082C01024
172653,STAR CEMENT LIMITED,INE460H01021
172660,SDL AP 7.0% 2038,IN1020210390
172661,360OPL-9.05%-13-6-28-PVT,INE248U07FX3
172663,TAC INFOSEC LIMITED,INE0SOY01013
172664,360ONEPRIMELTD-8.75%-25-6-27-P,INE248U07FY1
172665,STEELCAST LTD.,INE124E01038
172666,INFONATIVE SOLUTIONS LIMITED,INE12IB01015
172667,GROWWAMC - GROWWPOWER,INF666M01LM6
172668,GROWWAMC - GROWWNIFTY,INF666M01LL8
172672,ASTRAZENECA PHARMA INDIA LTD.,INE203A01020
172677,AHFL-9%-16-11-26-PVT,INE538L07379
172680,SEC RE NCD 10.30% SR.VII,INE244L07283
172683,UCL-GSEC-15-4-26-PVT,INE583D07331
172684,MEGATHERM INDUCTION LTD,INE531R01010
172691,GROWWAMC - GROWWNET,INF666M01LI4
172695,360-ZC-17-5-27-PVT,INE248U07FQ7
172722,UCL-11.30%-12-01-28-PVT,INE583D07216
172725,INDBANK MERCHANT BANKING SERVI,INE841B01017
172727,360OPL-9.42%-31-5-27-PVT,INE248U07FR5
172758,OPL-ZC-13-3-26-PVT,INE248U07FO2
172776,STELLANT SECURITIES (INDIA) LT,INE395F01023
172787,Aequs Limited,INE947N01017
172793,OPL-Nifty 50-20-9-34-PVT,INE248U07FP9
172811,SANMIT INFRA LIMITED,INE799C01031
172815,GS15APR36C,IN000436C047
172833,OPL-9.40%-4-3-27-PVT,INE248U07FU9
172834,GS22APR36C,IN000436C039
172835,SDL PY 7.09% 2034,IN3820240031
172837,Devyani International Limited,INE872J01023
172838,MMFL-14-05-26-CP,INE101Q14322
172839,OPL-15-6-27-PVT,INE248U07FV7
172858,360OPL-9.50%-16-1-35-PVT,INE248U07FS3
172859,MMFL-7-4-26-CP,INE101Q14314
172870,SDL PY 7.4% 2030,IN3820240015
172879,OPL-9%-18-4-28-PVT,INE248U07FT1
172882,MMFL-29-6-26-CP,INE101Q14306
172884,SILVER OAK (INDIA) LTD.,INE870J01019
172894,SDL PY 7.38% 2038,IN3820240023
172914,SDL TS 7.31% 2042,IN4520240131
172919,NWFL-24-3-26-CP,INE918K14CH8
172938,360ONEPL-9.44%-12-6-34-NCD,INE248U07FI4
172944,360ONEPL-9.35%-12-6-26-NCD,INE248U07FJ2
172953,SDL TS 7.35% 2038,IN4520240123
172979,APCOTEX INDUSTRIES LTD.,INE116A01032
172984,SDL TS 7.37% 2042,IN4520240156
172987,AJMERA REALTY & INF I LTD,INE298G01035
172989,3B FILMS LIMITED,INE0TE101010
172999,Sun Retail Limited,INE206Z01020
173000,360ONEPL-9.55%-12-6-27-NCD,INE248U07FG8
173002,LXAA25-12.25%-13-8-28-PTC,INE25OJ15018
173003,SDL TS 7.36% 2037,IN4520240149
173020,360ONEPL-9.16%-12-6-27-NCD,INE248U07FH6
173021,360ONEPL-9.85%-12-6-34-NCD,INE248U07FM6
173038,UNITED DRILLING TOOLS LTD.,INE961D01019
173052,SDL AP 6.94% 2041,IN1020210309
173056,OPL-9.50%-19-6-26-PVT,INE248U07FN4
173092,OVAL PROJECTS ENGINEERING LIMI,INE0RTI01017
173104,SDL TS 7.35% 2036,IN4520240115
173109,360ONEPL-8.98%-12-6-26-NCD,INE248U07FK0
173125,BAJAJ HOLDINGS & INVESTMENT LT,INE118A01012
173126,VISAMAN GLOBAL SALES LTD,INE0BHK01012
173129,GROWWAMC - GROWWNXT50,INF666M01LZ8
173140,ACE MEN ENGG WORKS LIMITED,INE023R01018
173148,HI GREEN CARBON LIMITED,INE0PIC01017
173149,SDL TS 7.43% 2043,IN4520240107
173155,NWFL-20-3-26-CP,INE918K14CG0
173158,JAI CORP LIMITED,INE070D01027
173193,SBC EXPORTS LIMITED,INE04AK01028
173194,GS06MAY35C,IN000535C012
173195,JYOTI STRUCTURES LTD,INE197A01024
173196,ELEGANZ INTERIORS LIMITED,INE0R9101015
173197,BALKRISHNA IND. LTD,INE787D01026
173198,DOLPHIN MEDICAL SERVICES LTD.,INE796B01013
173201,PERFECTPAC LTD.,INE759I01024
173202,SPV GLOBAL TRADING LIMITED,INE177E01010
173211,BAMBINO AGRO INDUSTRIES LTD.,INE921D01013
173213,SDL AP 6.78% 2039,IN1020210028
173224,Cargosol Logistics Limited,INE0KZM01011
173227,SDL AP 6.78% 2038,IN1020210010
173228,CONSOLIDATED CONSTRUCTION CONS,INE429I01024
173243,Valencia India Limited,INE130701019
173274,SUZLON ENERGY LIMITED,INE040H01021
173286,SDL AP 6.94% 2038,IN1020210069
173289,AKUMS DRUGS AND PHARMA L,INE09XN01023
173292,REPRO INDIA LTD.,INE461B01014
173299,ICICIPRAMC - ICICI10GS,INF109KC18O0
173302,SDL AP 6.94% 2037,IN1020210051
173340,SDL AP 6.91% 2040,IN1020210044
173352,TGB BANQUETS&HOTELS LTD,INE797H01018
173377,AION-TECH SOLUTIONS LTD,INE805A01014
173379,SDL AP 6.9% 2039,IN1020210036
173391,Sai Life Sciences Limited,INE570L01029
173394,KEN ENTERPRISES LIMITED,INE15DO01012
173398,SDL AP 7.04% 2040,IN1020210093
173402,SDL AP 6.96% 2036,IN1020210085
173415,VCL-10.15%-25-5-26-PVT,INE01HV07379
173425,LASA SUPERGENERICS LTD,INE670X01014
173426,SDL AP 6.96% 2035,IN1020210077
173433,UCL-11.30%-29-12-27-PVT,INE583D07208
173439,RELIANCE MUTUAL FUND- RELIANCE,INF204KA1SU6
173446,GOI LOAN 7.61% 2030,IN0020160019
173451,TIAPL-23-4-26-CP,INE723X14LE3
173459,RELIANCE MUTUAL FUND- RELIANCE,INF204KA1SV4
173465,ICICIPRAMC - OILIETF,INF109KC18W3
173466,GS15DEC28C,IN001228C054
173468,GS12DEC28C,IN001228C047
173469,Cresanto Global Limited,INE741C01017
173473,FINO PAYMENTS BANK LTD,INE02NC01014
173483,Shriram Properties Limited,INE217L01019
173488,GS17DEC28C,IN001228C039
173490,RELIANCE MUTUAL FUND- RELIANCE,INF204KA1ST8
173501,GOI LOAN 6.97% 2026,IN0020160035
173529,REGENCY CERAMICS LTD.,INE277C01012
173558,ICICIPRAMC - ICICIQTY30,INF109KC18V5
173560,Nippon India Mutual Fund,INF204KC1GH6
173582,RELIANCE MUTUAL FUND - RELIANC,INF204KA1SW2
173587,ICICIPRAMC - ICICIBANKP,INF109KC18U7
173598,NIPPON INDIA ETF NIFTY 100,INF204K014N5
173622,SDL TS 7.44% 2036,IN4520240016
173625,ANLON TECHNOLOGY SOL LTD,INE0LR101013
173633,UCL-11.30%-17-12-27-PVT,INE583D07190
173634,EMBASSY OFFICE PARKS REIT,INE041025011
173637,GOI LOAN 6.62% 2051,IN0020160092
173643,SDL TS 7.44% 2053,IN4520240032
173653,RAMCO SYSTEMS LTD.,INE246B01019
173658,SDL TS 7.44% 2051,IN4520240024
173667,PECOS Hotels And Pubs Limited,INE484S01010
173676,GOI LOAN 7.06% 2046,IN0020160068
173677,Northern Arc Capital Ltd.,INE850M01015
173678,OMAX AUTOS LTD.,INE090B01011
173680,WELCAST STEELS LTD.,INE380G01015
173681,SIRCA PAINT INDIA LIMITED,INE792Z01011
173683,OM INFRA LIMITED,INE239D01028
173699,CDG PETCHEM LIMITED,INE198N01017
173705,Knowledge Marine & Engineering,INE0CJD01029
173711,SHAMROCK INDUSTRIAL CO.LTD.,INE022F01015
173712,SDL AP 7.04% 2041,IN1020210101
173713,ORIENT ELECTRIC LIMITED,INE142Z01019
173714,ESCONET TECHNOLOGIES LTD,INE0RQZ01017
173715,LARSEN & TOUBRO LTD.,INE018A01030
173716,ROCKINGDCE RS.5 PPD UP,IN90PTR01010
173717,TATAAML-TATSILV,INF277KA1984
173718,MMFL-14-7-26-CP,INE101Q14199
173723,Groww Mutual Fund,INF666M01LM6
173724,MMFL-08-07-26-CP,INE101Q14181
173730,CHL-17-3-26-CP,INE427F14027
173736,Varun Beverages Limited,INE200M01039
173749,SDL AP 7.01% 2039,IN1020210127
173753,SESHAASAI TECHNOLOGIES L,INE04VU01023
173756,SDL AP 7.0% 2038,IN1020210119
173765,SDL AP 7.19% 2038,IN1020210184
173771,DHUNSERI VENTURES LIMITED,INE477B01010
173776,TIAPL-12-5-26-CP,INE723X14LM6
173780,GHFL-22-5-26-CP,INE289B14JV9
173788,IREDA-8%-24-9-29-PVT,INE202E07286
173790,RKST-7.66%-28-9-28-PTC,INE2I7H15018
173793,SDL AP 7.15% 2037,IN1020210176
173804,IREDA-8.47%-17-1-29-PVT,INE202E07278
173816,GICHFL-27-02-26-CP,INE289B14JU1
173823,IREDA-7.40%-3-3-30-PVT,INE202E07294
173826,SDL AP 7.12% 2037,IN1020210168
173833,TIAPL-3-6-26-CP,INE723X14LO2
173839,SDL AP 7.13% 2036,IN1020210150
173848,SOLARA ACTIVE PHARMA SCIENCES ,INE624Z01016
173862,RCC CEMENTS LTD.,INE335N01015
173867,SDL AP 7.12% 2035,IN1020210192
173868,ICICIPRAMC - ICICICOMMO,INF109KC19O8
173953,GICHFL-30-04-26-CP,INE289B14JO4
173975,IREDA-7.43%-21-1-36-TAXFREENCD,INE202E07203
173983,GICHFL-13-02-26-CP,INE289B14JL0
173995,STEELCAST LIMITED,INE124E01038
174018,SRM ENERGY LTD.,INE173J01018
174033,GFL LIMITED,INE538A01037
174049,ICICIPRAMC - ICICIFMCG,INF109KC19V3
174065,IREDA-7.74%-21-1-31-TAXFREENCD,INE202E07229
174090,ICICI PR NIF LW VL 30 ETF,INF109KC19U5
174105,KSB LIMITED,INE999A01023
174136,IREDA-7.68%-21-1-36-TAXFREENCD,INE202E07237
174163,SWADESHI POLYTEX LTD.,INE243N01029
174170,IREDA-8.05%-29-3-27-PVT,INE202E07252
174179,IHFCL-8.02%-10-6-30-PVT,INE071G08AH0
174184,IREDA-8.12%-24-03-27-PVT,INE202E07245
174186,RAJASTHAN TUBE MANUFACTURING C,INE497E01020
174229,IREDAL-8.51%-3-1-29-PVT,INE202E07260
174232,ICICIPRAMC - METALIETF,INF109KC19W1
174249,LAKSHMI MILLS COMPANY LTD.,INE938C01019
174266,IFHCL-7.65%-10-12-35-PVT,INE071G08AJ6
174281,NTPC-6.69%-13-09-31-PVT,INE733E08197
174284,IHFCL-7.5%-8-11-30-PVT,INE071G08AI8
174301,Aeroflex Neu Limited,INE035801013
174317,AEQUS LIMITED,INE947N01017
174319,IHFCL-7.5%-23-8-33-PVT,INE071G08AL2
174320,MURUDESHWAR CERAMICS LTD,INE692B01014
174337,NTPCL-6.43%-27-1-31-PVT,INE733E08171
174339,IHFCL-7.4%-23-2-31-PVT,INE071G08AK4
174371,NTPC-6.29%-11-4-31-PVT,INE733E08155
174429,TATAAML-TATAGOLD,INF277KA1976
174430,PANSARI DEVELOPERS LTD,INE697V01011
174464,LUX Industries Limited,INE150G01020
174470,AVANTI FEEDS LTD.,INE871C01038
174473,SEC RE NCD SR.VI,INE244L07531
174474,Delta Industrial Resources Lim,INE681Q01015
174476,SDL AP 7.15% 2031,IN1020190519
174477,KRBL LTD.,INE001B01026
174479,SDL AP 7.15% 2032,IN1020190527
174480,SEC RE NCD SR.VI,INE244L07549
174481,SDL AP 6.88% 2035,IN1020190543
174484,SDL AP 6.88% 2034,IN1020190535
174490,GS19SEP2046,IN000946C037
174494,SEC RE NCD 10.03% SR.VIII,INE244L07523
174495,828RJ2028,IN2920170197
174496,INDO AMINES LIMITED,INE760F01028
174499,APOLLO TYRES LTD.,INE438A01022
174500,PTL ENTERPRISES LTD.,INE034D01049
174501,SDL AP 7.80% 2033,IN1020190584
174507,SEC RE NCD 10.50% SR.VII,INE244L07556
174508,IDFC FIRST BANK LIMITED,INE092T01019
174509,Safecure Services Limited,INE0SVZ01015
174513,EUREKA INDUSTRIES LTD.,INE958A01011
174522,KANANI INDUSTRIES LTD.,INE879E01037
174524,SEC RE NCD 9.57% SR.VIII,INE244L07564
174530,IREDA-8.80%-13-03-34-BOND,INE202E07153
174539,CONTINENTAL PETROLEUMS LTD.,INE369D01023
174549,IREDA-8.55%-13-03-34-BOND,INE202E07146
174550,VCL-9.86%-06-01-27-PVT,INE01HV07551
174551,SANSARAUG-25-8-30-PTC,INE14LF15016
174557,KRBL LIMITED,INE001B01026
174559,JUBILANT PHARMOVA LTD,INE700A01033
174565,Swashthik Plascon Limited,INE0RDR01012
174569,VCL-8.74%-24-01-31-PVT,INE01HV07544
174572,BLISS GVS PHARMA LTD,INE416D01022
174574,ICCL 9.80% 2029,INE244L07598
174583,VCL-9.3%-23-6-28-PVT,INE01HV07577
174602,VCL-9.65%-5-2-27-PVT,INE01HV07569
174607,IREDA-7.49%-21-1-31-TAXFREENCD,INE202E07195
174615,Universal Autofoundry Limited,INE203T01012
174616,VCL-10%-04-07-28-PVT,INE01HV07593
174618,VCL-10.10%-30-10-26-PVT,INE01HV07585
174621,PTL ENTERPRISES LTD,INE034D01049
174622,IDFC FIRST BANK LIMITED,INE092T01019
174629,SDL AP 7.06% 2030,IN1020190501
174637,PIOTEX INDUSTRIES LIMITED,INE0R4W01015
174655,JUMBO BAG LTD.,INE699D01015
174664,NTPC-7.44%-15-4-33-PVT,INE733E08239
174738,848IRFC28B,INE053F07629
174785,PETRONET LNG LIMITED,INE347G01014
174786,848IRFC28C,INE053F07645
174791,CAPITAL TRADE LINKS LTD,INE172D01021
174795,AHFL-21-05-26-CP,INE883F14112
174814,AMBICA AGARBATHIES & AROMA IND,INE792B01012
174816,VCL-9.74%-24-6-26-PVT,INE01HV07510
174835,AHFL-27-2-26-CP,INE883F14104
174838,MRPL,INE103A01014
174842,IREDA-8.55%-13-03-29-BOND,INE202E07120
174844,CG POWER AND IND SOL LTD,INE067A01029
174847,GPT HEALTHCARE LIMITED,INE486R01017
174882,Parvati Sweetners and Power Lt,INE295Z01015
174899,VCL-9.86%-16-4-27-PVT,INE01HV07536
174911,VCL-10.11%-23-12-26-PVT,INE01HV07528
174917,IREDA-8.80%-13-03-29-BOND,INE202E07138
174952,IRFC-8.55%-93A-10-2-29-PVT,INE053F07694
175007,Gautam Exim Limited,INE721X01015
175076,WENDT (INDIA) LTD.,INE274C01019
175086,AMBICA AGAR & AROMAINDLTD,INE792B01012
175087,SFL 9.60% 2035,INE244L07614
175112,NTPC-6.84%-9-5-35-PVT,INE733E08270
175116,APOLLO TYRES LTD,INE438A01022
175117,IRFC-8.40%-18-2-29-NCD,INE053F07660
175159,SAKTHI SUGARS LTD.,INE623A01011
175165,NTPC-7.48%-21-3-26-PVT,INE733E08254
175216,HP ADHESIVES LIMITED,INE0GSL01024
175218,IRFC-8.65%-18-2-29-NCD,INE053F07686
175225,SFL 9.65% 2027,INE244L07606
175236,Glottis Limited,INE0TQE01026
175237,OLECTRA GREENTECH LIMITED,INE260D01016
175241,DHUNSERI TEA & IND. LTD.,INE341R01014
175265,Cube Highways Trust,INE0NR623014
175267,TRANSWARRANTY FIN. LTD.,INE804H01012
175268,FRONTLINE FINANCIAL SERVICES L,INE776R01011
175307,GRATEX INDUSTRIES LTD.,INE915E01013
175320,MEGASOFT LTD.,INE933B01012
175328,IFSL-GOLDFUTURES-13-10-28-PVT,INE321N07582
175332,ELIN ELECTRONICS LIMITED,INE050401020
175336,GS19MAR2060,IN000360C023
175347,SDL JH 7.63% 2030,IN3720220042
175351,Nippon India Mutual Fund,INF204KC1EZ3
175364,SDL JH 7.58% 2031,IN3720220034
175365,IFSL-8.80%-6-12-27-PVT,INE321N07590
175366,PRPL-0.01%-30-9-30-PVT,INE08YT07019
175369,REKVINA LABORATORIES LTD.,INE092O01028
175371,INDO RAMA SYNTHETICS (INDIA) L,INE156A01020
175372,VCL-9.90%-11-3-26-PVT,INE01HV07452
175373,SDL JH 7.67% 2037,IN3720220026
175385,PRPL-0.01%-30-9-30-PVT,INE08YT07027
175388,SDL JH 7.86% 2034,IN3720220018
175389,ICFSL-GOLD-MCX-15-1-29-PVT,INE321N07541
175401,USG TECH SOLUTIONS LTD.,INE718B01017
175403,IFSL-GOLD-MCX-19-1-29-PVT,INE321N07558
175409,SDL HR 6.7% 2030,IN1620200098
175413,SDL HR 6.68% 2039,IN1620200080
175414,IFSL-Near month Future of Gold,INE321N07566
175422,NEULAND LAB LTD.,INE794A01010
175423,SATTRIX INFORMATION SECURITY L,INE0QUV01010
175424,VCL-10.6632%-27-9-26-PVT,INE01HV07494
175425,IFSL-NIFTY 50 INDEX-08-12-27-P,INE321N07574
175435,Kavveri Defence &amp; Wireless,INE641C01019
175436,SDL HR 6.48% 2040,IN1620200072
175462,Achyut Healthcare Limited,INE0K1401020
175492,Survottam Finvest Ltd.,INE822Q01015
175493,NAHAR POLYFILMS LTD.,INE308A01027
175525,POONAWALLA FINCORP LIMITED,INE511C01022
175549,ARYAMAN FINANCIAL SERVICES LTD,INE032E01017
175555,WIRES & FABRIKS (SA) LTD.,INE469D01013
175560,SDL HR 6.24% 2026,IN1620200031
175569,91TB060226,IN002025X323
175572,GOI LOAN 6.57% 2033,IN0020160100
175579,RELIANCE MUTUAL FUND- RELIANCE,INF204KA1RW4
175582,REAL GROWTH CORPORATION LIMITE,INE836D01013
175596,SDL HR 8% 2030,IN1620200015
175605,RELIANCE MUTUAL FUND- RELIANCE,INF204KA1RX2
175617,GOI LOAN 6.79% 2029,IN0020160118
175639,RELIANCE MUTUAL FUND- RELIANCE,INF204KA1RV6
175640,SDL KA 7.19% 2032,IN1920250017
175645,IFSL-9%-24-12-27-PVT,INE321N07616
175650,IFSL-NIFTY-50-INDEX-11-2-28-PV,INE321N07608
175674,91TB050326,IN002025X364
175695,734IRFC2028,INE053F07579
175707,91TB260226,IN002025X356
175724,PROVENTUS AGROCOM LIMITED,INE0ONE01016
175751,91TB190226,IN002025X349
175755,SHANTIDOOT INFRA SERVICES LIMI,INE0LU301014
175762,704IRFC2028,INE053F07595
175769,RELIANCE MUTUAL FUND - RELIANC,INF204KA1RY0
175777,91TB120226,IN002025X331
175857,ANNVRRIDHHI VENTURES LIMITED,INE075K01013
175868,91TB270326,IN002025X398
175904,810IRFC2327,INE053F07538
175945,RGF Capital Markets Limited,INE684D01025
175954,91TB120326,IN002025X372
175969,91TB190326,IN002025X380
175979,BFL-11.25%-30-06-27-PVT,INE998Y07196
175998,JEL-8.45%-3-3-26-PVT,INE121E08013
176000,TRUE GREEN BIO ENERGY LIMITED,INE672K01025
176007,Methodhub Software Limited,INE0QZR01017
176018,BFL-11.42%-26-6-27-PVT,INE998Y07188
176021,AVONMORE CAP&MGT SERV LTD,INE323B01024
176030,MFL-23-06-26-CP,INE549K14BZ5
176059,TECIL CHEMICALS & HYDRO POWER,INE014B01011
176061,BRFL-12.25%-25-11-27-PVT,INE998Y07170
176067,MFL-22-5-26-CP,INE549K14BY8
176069,Suyog Gurbaxani Funicular Rope,INE07GA01011
176074,JSW-8.75%-3-3-28-PVT,INE121E08039
176100,Nippon India Mutual Fund,INF204KC1BJ3
176103,SDL AP 7.22% 2031,IN1020190311
176108,BRFL-11.50%-12-2-27-PVT,INE998Y07162
176125,MFL-06-03-26-CP,INE549K14BX0
176134,JEL-8.8%-4-3-30-PVT,INE121E08021
176136,Nippon India Mutual Fund,INF204KC1BI5
176141,SDL AP 7.22% 2028,IN1020190303
176151,SDL GJ 6.44% 2029,IN1520200081
176164,MFL-27-2-26-CP,INE549K14BW2
176178,ALFRED HERBERT (INDIA) LTD.,INE782D01027
176180,AVTL FLOATING RATE 2029,INE0INX07023
176208,SHFL-13.35%-25-11-27-PVT,INE526R07025
176210,AVTL 6.92% 2028,INE0INX07015
176211,SDL GJ 6.54% 2030,IN1520200073
176215,SDL AP 7.22% 2030,IN1020190345
176228,SHFL-13.10%-19-4-27-PVT,INE526R07017
176242,SDL AP 7.22% 2031,IN1020190352
176304,SDL GJ 6.47% 2030,IN1520200040
176342,PURITY FLEX PACK LTD.,INE898O01010
176348,NAHAR POLY FILMS LIMITED,INE308A01027
176353,APL-ZC-13-6-26-PVT,INE0KH208019
176357,SDL GJ 6.6% 2029,IN1520200032
176390,SDL GJ 6.57% 2029,IN1520200057
176392,MANORAMA INDUSTRIES LTD,INE00VM01036
176393,SHEKHAWATI INDUSTRIES LTD,INE268L01046
176394,BFL-11.4%-28-10-26-PVT,INE998Y07154
176414,JAYKAY ENTERPRISES LTD,INE903A01025
176425,HEMISPHERE PROP IND LTD,INE0AJG01018
176458,BRFL-11.65%-23-4-26-PVT,INE998Y07147
176476,CITIPORT FINANCIAL SERVICES LT,INE494D01011
176514,CELEBRITY FASHIONS LTD,INE185H01016
176517,CANARA BANK,INE476A01022
176523,SDL GJ 7.73% 2029,IN1520200016
176544,Net Pix Shorts Digital Media L,INE0D5F01013
176553,KMPL-7.45%-13-1-31-PVT,INE916DA7TH9
176562,NATIONAL GENERAL INDUSTRIES LT,INE654H01011
176567,KMPL-9.07%-21-08-28-PVT,INE916DA7TG1
176580,ECLF-13-4-26-CP,INE804I14YC9
176586,INDUS INFRA TRUST,INE0NHL23019
176590,Aspira Pathlab & Diagnostics L,INE500C01017
176603,POWER MECH PROJECTS LTD.,INE211R01019
176609,KMPL-7.426%-25-5-29-PVT,INE916DA7TI7
176625,ECL-10-08-26-CP,INE804I14YG0
176649,KMPL-7.299%-22-9-28-PVT,INE916DA7TD8
176653,ECLFL-25-06-26-CP,INE804I14YH8
176654,KMPL-7.25%-20-08-30-PVT,INE916DA7TC0
176678,ECLF-11-5-26-CP,INE804I14YE5
176679,KMPL-7.2640%-14-10-30-PVT,INE916DA7TF3
176680,Sagarsoft (India) Limited,INE184B01012
176699,EFL-16-3-26-CP,INE804I14YD7
176704,KMPL-7.288%-24-10-28-PVT,INE916DA7TE6
176705,ECLFL-21-05-26-CP,INE804I14YF2
176706,Octaware Technologies Limited,INE208U01019
176723,H.M. ELECTRO MECH LIMITED,INE0DZD01015
176725,LTF-8.1%-CSTRPPS2-31-10-32-PVT,INE235P07AD3
176730,SDL AP 7.2% 2030,IN1020190360
176731,GS15DEC26C,IN001226C058
176737,RELAXO FOOT LTD.,INE131B01039
176738,SDL AP 7.21% 2031,IN1020190378
176743,LTF-8.1%-CSTRPPS1-21-10-31-PVT,INE235P07AC5
176751,LARSEN & TOUBRO LTD.,INE018A01030
176753,EHPP 7% 2046,INE29PK08010
176756,SDL AP 7.18% 2028,IN1020190386
176760,KMPL-7.05%-10-04-28-PVT,INE916DA7TB2
176761,LTF-8.10%-CSTRPPS4-21-10-34-PV,INE235P07AF8
176765,GS17DEC26C,IN001226C033
176766,ICICI PRUD NIFTY ETF,INF109K012R6
176772,Sunrise Efficient Marketing Li,INE0KPY01017
176794,One Mobikwik Systems Limited,INE0HLU01028
176798,SRIVARI SPICES N FOODS L,INE0ON201012
176807,KMPL-7.1554%-19-06-28-PVT,INE916DA7TA4
176808,LTF-8.1%-CSTRPPS3-21-10-33-PVT,INE235P07AE1
176821,JEL-8.80%-20-3-30-PVT,INE121E08054
176823,LTF-7.95%-DSTRPPS1-25-11-31-PV,INE235P07AH4
176826,LTF-8.1%-CSTRPPS5-19-10-35-PVT,INE235P07AG6
176839,JEL-8.75%-20-3-28-PVT,INE121E08047
176845,KMPL-7.6%-19-5-28-PVT,INE916DA7SZ3
176860,GS16DEC2026C,IN001226C074
176863,SHREE TIRUPATI BALAJEE L,INE0S2G01011
176865,LTF-7.95%-DSTRPPS3-25-11-33-PV,INE235P07AJ0
176867,JSWEL-10-11-28-PVT,INE121E08070
176868,TRANS-FREIGHT CONTAINERS LTD.,INE360D01014
176886,Ganga Pharmaceuticals Limited,INE615T01017
176890,JSWEL-1M MCLR KMBL-12-6-28-PVT,INE121E08062
176892,The Yamuna Syndicate Ltd,INE868X01014
176894,LTF-7.95%-DSTRPPS2-25-11-32-PV,INE235P07AI2
176896,RMIL-7.60%-7-2-28-PVT,INE614A07033
176897,ASIT C.MEHTA FINANCIAL SERVICE,INE041B01014
176898,SEC RED NCD 9.7% SR.VII,INE721A07PE0
176902,Tamilnad Mercantile Bank Limit,INE668A01016
176907,LTF-7.95%-DSTRPPS5-23-11-35-PV,INE235P07AL6
176908,KMPL-7.781%-17-9-29-PVT,INE916DA7SW0
176910,SDL AP 7.29% 2030,IN1020190410
176913,LTF-7.95%-DSTRPPS4-24-11-34-PV,INE235P07AK8
176929,KMPL-8.08%-21-10-27-PVT,INE916DA7SV2
176935,ADANI ENTERPRISES LIMITED,INE423A01024
176944,KMPL-7.77%-15-1-30-PVT,INE916DA7SY6
176953,INDIGO044-12.50%-20-06-32-PTC,INE2DDW15018
176958,GANDHI SPL. TUBES LTD,INE524B01027
176959,SEC RED NCD 9.31% SR.III,INE721A07PA8
176961,KMPL-7.75%-19-11-27-PVT,INE916DA7SX8
176963,SDL AP 7.24% 2033,IN1020190428
176964,SDL AP 7.19% 2034,IN1020190444
176972,BAL PHARMA LTD.,INE083D01012
176976,SDL JK 7.12% 2037,IN4920210130
176977,MENA MANI INDUSTRIES LIMITED,INE148B01033
176978,SDL AP 7.24% 2035,IN1020190436
176983,SDL AP 7.15% 2036,IN1020190451
176986,DIAMOND POWER INFRA LTD,INE989C01038
176987,SEC RED NCD SR.X,INE721A07PH3
176992,KMPL-8.14%-10-2-27-PVT,INE916DA7SR0
176993,SDL JK 7.13% 2034,IN4920210122
176995,GS06MAY58,IN000558C014
177005,WALCHAND PEOPLEFIRST LTD.,INE695D01021
177008,KMPL-8.12%-21-6-27-PVT,INE916DA7SU4
177017,NARMADA AGROBASE LIMITED,INE117Z01011
177018,SDL AP 7.14% 2034,IN1020190477
177027,KMPL-8.05%-24-4-29-PVT,INE916DA7SS8
177038,KMPL-8.13%-18-8-27-PVT,INE916DA7ST6
177042,SDL JK 7.39% 2037,IN4920210148
177044,SDL AP 7.18% 2033,IN1020190469
177052,KMPL-8.20%-11-1-27-PVT,INE916DA7SN9
177068,EXIM 7.12% 2030 SR AA03,INE514E08GF5
177082,KMPL-8.20%-15-12-28-PVT,INE916DA7SM1
177106,EFL-16-7-26-CP,INE804I14YI6
177107,Midwest Limited,INE0XAD01024
177108,SEC RED NCD 8.75% SR.III,INE721A07PK7
177113,KMPL-8.23%-21-12-26-PVT,INE916DA7SP4
177132,KMPL-8.05%-15-3-29-PVT,INE916DA7SQ2
177133,CUBE HIGHWAYS TRUST,INE0NR623014
177134,BRFL-11%-25-9-28-PVT,INE998Y07212
177135,KSE LTD.,INE953E01022
177137,3I INFOTECH LTD.,INE748C01038
177139,SDL JK 7.14% 2036,IN4920210114
177162,KMPL-8.225%-21-4-27-PVT,INE916DA7SO7
177170,BRFL-10.95%-29-8-27-PVT,INE998Y07204
177171,SDL JK 7.0% 2033,IN4920210106
177180,KMPL-7.83%-13-7-28-PVT,INE916DA7SJ7
177182,GOI STRIPS C 220236,IN000236C017
177205,EXIM 7.45% 2028 SR Z01,INE514E08GB4
177206,RDCCIL-11%-02-04-28-PVT,INE076I07038
177209,KMPL-7.8350%-10-7-26-PVT,INE916DA7SI9
177215,YASH INNOVENTURES LIMITED,INE823D01011
177225,RDCCL-11%-12-3-28-PVT,INE076I07020
177239,GS19MAR2035,IN000335C041
177240,EXIM 7.40% 2029 SR Z02,INE514E08GC2
177243,EXIM 7.14% 2029 SR 1,INE514E08GD0
177244,KMPL-8.09%-9-11-26-PVT,INE916DA7SL3
177289,SEC RED NCD 9.10% SR.VI,INE721A07PN1
177305,KMPL-8.10%-10-4-26-PVT,INE916DA7SK5
177333,EXIM 7.35% 2028 SR AA02,INE514E08GE8
177338,KMPL-8.255-22-6-26-PVT,INE916DA7SF5
177340,NWIL-9.16%-15-7-27-NCD,INE523L07710
177348,GTV Engineering Limited,INE910R01024
177364,TTI ENTERPRISE LTD,INE404F01031
177369,KMPL-8.05%-28-2-28-PVT,INE916DA7SE8
177372,SKM EGG PRODUCTS EXPORT (INDIA,INE411D01023
177394,KMIL-7.97%-22-5-26-PVT,INE916DA7SH1
177403,KHAITAN (INDIA)LTD.,INE731C01018
177426,NWIL-9.55%-15-7-27-NCD,INE523L07751
177436,TRANSTEEL SEATING TECH L,INE0NVI01020
177462,NWIL-9.53%-15-7-32-NCD,INE523L07744
177473,Uday Jewellery Industries Limi,INE551B01012
177485,R R KABEL LIMITED,INE777K01022
177489,YASHRAJ CONTAINEURS LTD.,INE095C01018
177490,NWIL-9.95%-15-7-32-NCD,INE523L07736
177521,NWIL-15-7-27-NCD,INE523L07728
177548,DAMODAR INDUSTRIES LTD,INE497D01022
177551,SDL AP 7.05% 2031,IN1020190485
177563,GS06MAY37C,IN000537C018
177570,Garuda Construction and Engine,INE0JVO01026
177577,SDL AP 7.02% 2030,IN1020190493
177585,TARSONS PRODUCTS LIMITED,INE144Z01023
177593,AMINES & PLASTICIZERS LTD,INE275D01022
177636,VIVIMED LABS LIMITED,INE526G01021
177637,BLB LTD.,INE791A01024
177680,KMPL-7.9866%-17-9-27-PVT,INE916DA7RX0
177682,TIJARIA POLYPIPES LTD.,INE440L01017
177717,BOMBAY TALKIES LIMITED,INE910D01024
177767,PANJON LTD.,INE744D01019
177779,SDL JK 7.1% 2033,IN4920210056
177794,ADF FOODS LIMITED,INE982B01027
177799,NIRAV COMMERCIALS LTD.,INE242B01018
177806,SDL JK 7.1% 2033,IN4920210049
177816,SDL JK 6.98% 2036,IN4920210072
177839,SDL JK 7.08% 2036,IN4920210064
177849,ADITYA BIRLA LIFES BRAN L,INE14LE01019
177850,KENNAMETAL INDIA LTD.,INE717A01029
177857,SBI Mutual Fund,INF200KA1X58
177867,SDL JK 6.78% 2033,IN4920210015
177878,SEC RED NCD 9.70% SR. V,INE721A07OF0
177883,SBI Mutual Fund,INF200KA1X41
177902,CSB Bank Limited,INE679A01013
177910,SDL JK 7.04% 2036,IN4920210031
177934,SEC RED NCD 9.30% SR. II,INE721A07OC7
177942,SDL JK 6.9% 2033,IN4920210023
178055,GRAUER & WEIL (INDIA) LTD.,INE266D01021
178059,Himadri Speciality Chemical Lt,INE019C01026
178120,Gautam Gems Limited,INE063Z01017
178132,SEC RED NCD 9.30% SR. II,INE721A07ON4
178136,INTERISE TRUST,INE790Z23019
178150,SBIGICL-8.35%-21-2-34-PVT,INE01MM08012
178175,HCP PLASTENE BULKPACK LIMITED,INE136C01044
178176,KANANI INDUSTRIES LTD,INE879E01037
178234,Hawa Engineers ltd.,INE230I01018
178244,OFSL-9.50%-14-12-26-PVT,INE04VS07420
178250,OFSL-9.60%-14-6-27-PVT,INE04VS07438
178251,JUBILANT PHARMOVA LIMITED,INE700A01033
178260,GS15OCT26C,IN001026C045
178261,OFSL-9.75%-27-03-27-PVT,INE04VS07404
178262,SEC RED NCD 9.70% SR. V,INE721A07OQ7
178263,SHALIBHADRA FINANCE LTD.,INE861D01011
178264,OFSL-9.75%-27-03-28-PVT,INE04VS07412
178269,TVS Holdings Limited,INE105A01035
178282,NIVAKA FASHIONS LIMITED,INE139E01028
178287,OFSL-9.8%-30-9-28-PVT,INE04VS07461
178294,OFSL-9.83%-24-12-27-PVT,INE04VS07479
178295,FUTURE CONSUMER LIMITED,INE220J01025
178317,OFSL-9.90%-24-07-28-PVT,INE04VS07446
178360,OFSL-9.70%-26-09-28-PVT,INE04VS07453
178361,PAE LTD.,INE766A01026
178433,OFSL-TBILL+SPREAD-RR-3-1-28-PV,INE04VS07487
178459,SETUBANDHAN INFRASTRUCTURE LIM,INE023M01027
178474,PRO FIN CAPITAL SERVICES LTD.,INE732K01027
178479,EXICOM TELE SYSTEMS LTD,INE777F01014
178480,AFL-7.27%-26-6-31-PVT,INE891K07671
178491,SDL JK 6.94% 2036,IN4920210098
178502,SPENCER S RETAIL LIMITED,INE020801028
178503,SDL JK 7.06% 2033,IN4920210080
178564,LVAM25-12%-31-05-27-PTC,INE20KI15019
178566,SBI Mutual Fund,INF200KA1W75
178594,Amagi Media Labs Limited,INE121R01077
178596,SBI Mutual Fund,INF200KA1W67
178644,SBI Mutual Fund,INF200KA1W91
178650,SAURASHTRA CEMENT LIMITED,INE626A01014
178686,SBI Mutual Fund,INF200KA1W83
178697,LG ELECTRONICS INDIA LTD,INE324D01010
178699,GS12JUN49,IN000649C045
178706,SBI Mutual Fund,INF200KA1W34
178718,COLGATE PALMOLIVE LTD.,INE259A01022
178719,SDL TS 7.78% 2034,IN4520220455
178738,SBI Mutual Fund,INF200KA1VQ2
178761,SDL TS 7.69% 2032,IN4520220448
178772,KNOWLEDGE MARINE & EN W L,INE0CJD01029
178778,SBI Mutual Fund,INF200KA1W59
178791,SRPL-18%-24-2-28-PVT,INE1DOI08011
178794,National Highways Infra Trust,INE0H7R23014
178812,Qualitek Labs Limited,INE0Q1R01012
178831,SBI Mutual Fund,INF200KA1W42
178843,SDL TS 7.74% 2048,IN4520220463
178888,Icon Facilitators Limited,INE0Y0E01012
179013,AMIT SECURITIES LTD.,INE137E01014
179066,TATA CHEMICALS LTD.,INE092A01019
179114,Wherrelz IT Solutions Limited,INE0IM001015
179119,ONMOBILE GLOBAL LTD.,INE809I01019
179141,TRUST FINTECH LIMITED,INE0SWN01019
179147,SIDDHESWARI GARMENTS LTD.,INE797C01019
179165,SUMEDHA FISCAL SERVICES LTD.,INE886B01012
179199,HITACHI ENERGY INDIA LTD,INE07Y701011
179208,MARINE ELECTRICAL (I) LTD,INE01JE01028
179214,ICICI LOMBARD GIC LIMITED,INE765G01017
179234,ONECLICK LOGISTICS IND L,INE0OPS01011
179243,MFL-21-1-27-CP,INE549K14CJ7
179246,Tanvi Foods (India) Limited,INE978V01015
179265,Yash Highvoltage Limited,INE00GK01023
179266,MFL-18-01-27-CP,INE549K14CI9
179271,OFSL-9.25%-16-3-26-PVT,INE04VS07347
179301,SEC RED NCD 9.03% SR. II,INE721A07NU1
179305,MFL-16-12-26-CP,INE549K14CH1
179317,OFSL-9.45%-11-11-26-PVT,INE04VS07354
179318,MFL-2-12-26-CP,INE549K14CG3
179337,HEXA TRADEX LTD.,INE750M01017
179338,BHEL,INE257A01026
179341,OFSL-9.90%-15-2-27,INE04VS07321
179345,MFL-04-11-26-CP,INE549K14CF5
179351,OFSL-9.75%-22-3-27,INE04VS07339
179357,Shri Niwas Leasing and Finance,INE201F01015
179374,MFL-30-1-26-CP,INE549K14CE8
179385,Nippon India Mutual Fund,INF204KC1BD6
179386,OFSL-9.75%-27-3-27-PVT,INE04VS07388
179401,MFL-03-11-26-CP,INE549K14CD0
179402,SBI Mutual Fund,INF200KA1X09
179403,678RAJSDL31,IN2920210035
179404,AUTOMOBILE CORPORATION OF GOA,INE451C01013
179405,SEC RED NCD 9.40% SR. V,INE721A07NX5
179406,OFSL-9.75%-26-03-28-PVT,INE04VS07396
179407,MFL-25-09-26-CP,INE549K14CC2
179423,SBI Mutual Fund,INF200KA1X33
179434,MFL-12-6-26-CP,INE549K14CB4
179436,682RAJSDL31,IN2920210043
179438,OFSL-9.75%-18-2-27-PVT,INE04VS07362
179443,PIONEER INVESTCORP LTD.,INE746D01014
179444,OROSIL SMITHS INDIA LTD.,INE628B01034
179454,SBI Mutual Fund,INF200KA1X25
179467,MFL-13-07-26-CP,INE549K14CA6
179469,TEMBO GLOBAL IND LTD,INE869Y01010
179470,OFSL-9.75%-19-03-27-PVT,INE04VS07370
179472,Nippon India Mutual Fund,INF204KC1BH7
179482,GOI STRIPS C 100426,IN000426C022
179488,Nippon India Mutual Fund,INF204KC1BG9
179494,GOI STRIPS C 260426,IN000426C014
179506,Nippon India Mutual Fund,INF204KC1BF1
179508,Nippon India Mutual Fund,INF204KC1BE4
179514,833GSJUL26,IN000726P019
179522,SDL KA 7.64% 2032,IN1920230019
179533,SDL TS 7.61% 2032,IN4520220372
179535,SDL MH 6.78% 2032,IN2220200199
179545,SDL MH 6.7% 2028,IN2220200181
179550,SDL TS 7.66% 2044,IN4520220364
179574,SDL TS 7.56% 2048,IN4520220398
179576,EDELWEISS FIN SERV LTD,INE532F01054
179577,DDEV PLASTIKS IND LTD,INE0HR601026
179589,SDL TS 7.64% 2033,IN4520220380
179599,THE RAMCO CEMENTS LIMITED,INE331A01037
179600,SBI Mutual Fund,INF200KA1Z98
179614,SDL TS 7.55% 2030,IN4520220331
179617,684RAJSDL31,IN2920210100
179626,D-LINK INDIA LTD,INE250K01012
179640,SBI Mutual Fund,INF200KA1Z80
179646,SDL TS 7.59% 2040,IN4520220323
179656,68RAJSDL31,IN2920210126
179664,SDL TS 7.68% 2042,IN4520220356
179666,NESCO LTD.,INE317F01035
179669,TECH MAHINDRA LTD.,INE669C01036
179670,707RAJSDL46,IN2920210134
179671,RIL-7.79%-10-11-33-PVT,INE002A07809
179681,SDL TS 7.57% 2031,IN4520220349
179684,OIT 7.02% 2040 TR B,INE07Z507029
179690,SFL-8.20%-15-10-27-PVT,INE721A08CY4
179691,SDL MZ 7.26% 2040,IN2520250035
179694,KOBO BIOTECH LIMITED,INE881A01015
179702,PRAJAY ENG. SYN. LTD.,INE505C01016
179704,HHFL-9.5%-PER-PVT,INE401Y08041
179705,SDL MH 6.24% 2028,IN2220200116
179710,OIT 7.12% 2040 TR C,INE07Z507037
179711,DILIP BUILDCON LIMITED,INE917M01012
179712,SDL MZ 7.14% 2040,IN2520250027
179713,SFL-8.50%-29-12-26-PVT,INE721A08CX6
179718,NATIONAL STANDARD (INDIA) LTD.,INE166R01015
179719,SDL KA 7.69% 2033,IN1920230092
179722,SDL MZ 7.08% 2039,IN2520250019
179728,SFL-8.50%-1-12-26-PVT,INE721A08CW8
179729,CTM24-11.50%-16-10-26-PTC,INE0XAN15015
179734,SDL MZ 7.31% 2041,IN2520250050
179740,SDL MH 6.49% 2031,IN2220200132
179742,HHFL-9.65%-29-12-38-PVT,INE401Y08025
179745,SDL KA 7.73% 2034,IN1920230084
179749,SDL MZ 7.48% 2036,IN2520250043
179753,OIT 6.92% 2028 TR A,INE07Z507011
179757,HHFL-9.5%-11-10-39-PVT,INE401Y08033
179758,SDL MH 6.44% 2028,IN2220200124
179766,SDL KA 7.67% 2036,IN1920230076
179775,SDL MZ 7.62% 2038,IN2520250076
179776,NLC India Limited,INE589A01014
179779,SDL MH 6.67% 2031,IN2220200157
179783,SDL KA 7.7% 2033,IN1920230068
179784,INDIGO043-9.08%-20-12-29-PTC,INE2DNY15013
179791,SDL MZ 7.14% 2033,IN2520250068
179794,GRAVISS HOSPITALITY LTD.,INE214F01026
179797,9.75%-HHFL-12-6-30-PVT,INE401Y08017
179802,INDIGO043-9.90%-20-12-29-PTC,INE2DNY15021
179808,SDL KA 7.73% 2036,IN1920230050
179811,SDL KA 7.73% 2035,IN1920230043
179812,SDL KA 7.69% 2033,IN1920230027
179813,VIRTUAL GLOBAL EDUCATION LTD.,INE247C01023
179815,SDL MZ 7.65% 2041,IN2520250084
179819,Concord Control Systems Limite,INE0N0J01014
179821,STF-11.35%-16-7-27-PTC,INE1PL115014
179822,SDL KA 7.7% 2034,IN1920230035
179823,SFL-9%-23-3-18-PVT,INE721A08CZ1
179844,AFL-8%-11-12-26-PVT,INE891K07879
179852,SDC TECHMEDIA LIMITED,INE807O01011
179856,Chandra Bhagat Pharma Limited,INE07QQ01016
179871,AFL-7.95%-30-6-26-PVT,INE891K07861
179890,SFL-9%-28-3-28-PVT,INE721A08DA2
179911,MUKTA ARTS LTD.,INE374B01019
179921,AFL-7.95%-26-05-2028-PVT,INE891K07853
179978,AFL-7.99%-3-8-26-PVT,INE891K07846
179988,AFL-8.35%-20-5-26-PVT,INE891K07838
179996,CENTURY ENKA LTD,INE485A01015
180034,STYRENIX PERFORMANCE LTD,INE189B01011
180043,KHADIM INDIA LIMITED,INE834I01025
180064,AFL-8.07%-23-2-28-PVT,INE891K07820
180081,Focus Business Solution Limite,INE0DXR01010
180086,ESAB INDIA LTD,INE284A01012
180093,Easy Trip Planners Limited,INE07O001026
180104,AFL-7.7%-8-9-27-PVT,INE891K07812
180134,SFL-10.51%-12-12-28-PVT,INE721A08DD6
180143,PRESTIGE ESTATES PROJECTS LTD.,INE811K01011
180191,SDL TS 7.58% 2045,IN4520220414
180213,SDL TS 7.59% 2040,IN4520220406
180223,NMS RESOURCES GLOBAL LIMITED,INE169F01014
180224,SFL-9.1%-20-6-34-PVT,INE721A08DH7
180227,SDL TS 7.72% 2046,IN4520220430
180243,Franklin Industries Limited,INE789R01022
180247,704RAJSDL36,IN2920210175
180248,SDL TS 7.73% 2034,IN4520220422
180252,SFL-8.75%-25-10-32-PVT,INE721A08DG9
180296,AFL-8.10%-7-11-28-PVT,INE891K07895
180323,AFL-8%-22-7-26-PVT,INE891K07887
180332,A2Z INFRA ENGINEERING LTD,INE619I01012
180344,ICFL-9.85%-7-8-26-PVT,INE896L07934
180347,SDL MH 6.6% 2031,IN2220200074
180348,SDL PN 6.97% 2040,IN2820190147
180351,UNICOMMERCE ESOLUTIONS LIMITED,INE00U401027
180352,VARVEE GLOBAL LIMITED,INE273D01019
180353,SDL TS 7.63% 2043,IN4520220257
180354,SDL KA 7.64% 2039,IN1920230142
180355,CONFIDENCE PETRO IND LTD.,INE552D01024
180358,SDL KA 7.71% 2036,IN1920230126
180361,FORGE AUTO INTERNATION L,INE0YKW01013
180363,SDL TS 7.84% 2040,IN4520220240
180364,SDL KA 7.6% 2038,IN1920230134
180366,KIRLOSKAR PNEUMATIC CO.LTD.,INE811A01020
180367,SDL KA 7.72% 2035,IN1920230118
180368,ICFL-9.95%-28-2-26-PVT,INE896L07959
180369,713RAJSDL41,IN2920210209
180370,SDL TS 7.53% 2047,IN4520220273
180371,Nephrocare Health Services Lim,INE428V01029
180374,RALLIS INDIA LTD,INE613A01020
180375,SDL TS 7.63% 2044,IN4520220265
180376,AIRO LAM LIMITED,INE801L01010
180377,KPAT25-12%-11-4-26-PTC,INE1VXG15013
180378,KIDUJA INDIA LTD.,INE845A01028
180381,SDL PN 7.17% 2030,IN2820190105
180396,GS02JAN39C,IN000139C013
180407,SDL KA 7.72% 2035,IN1920230100
180408,ICFL-10.50%-25-9-26-NCD,INE896L07983
180412,SDL TS 7.83% 2036,IN4520220216
180413,Godavari Biorefineries Limited,INE497S01012
180416,ICFL-9.95%-28-9-26-PVT,INE896L07967
180427,SDL PN 7.22% 2032,IN2820190113
180443,ICFL-9.95%-28-11-26-PVT,INE896L07975
180444,SDL TS 7.83% 2035,IN4520220208
180463,SDL PN 7.17% 2030,IN2820190121
180473,ROYAL ORCHID HOTELS LTD,INE283H01019
180478,SDL TS 7.84% 2039,IN4520220232
180483,VISION CINEMAS LTD.,INE515B01025
180493,SDL PN 6.92% 2035,IN2820190139
180495,691RAJSDL31,IN2920210258
180519,SDL TS 7.89% 2036,IN4520220224
180523,ICFL-10.30%-25-9-27-NCD,INE896L07991
180525,MUML-RESET RATE-30-9-38-PVT,INE0F6K08063
180532,360ONEAMC - GOLD360,INF579M01BB5
180541,360ONEAMC - SILVER360,INF579M01BC3
180542,FONEBOX RETAIL LIMITED,INE0Q4701019
180556,SAL AUTOMOTIVE LIMITED,INE724G01014
180564,SDL MH 7.83% 2030,IN2220200017
180568,MUML-7.85%-RESET RATE-30-09-38,INE0F6K08071
180574,SDL KA 7.72% 2037,IN1920230191
180584,ORIENT CERATECH LIMITED,INE569C01020
180586,SDL TS 7.67% 2035,IN4520220299
180587,SDL MH 6.54% 2030,IN2220200033
180588,Samrat Forgings Limited,INE412J01010
180590,SDL KA 7.74% 2036,IN1920230183
180591,SDL MH 7.6% 2030,IN2220200025
180592,SDL TS 7.66% 2034,IN4520220281
180596,SDL KA 7.73% 2035,IN1920230175
180597,SDL KA 7.68% 2037,IN1920230159
180598,APM INDUSTRIES LTD.,INE170D01025
180603,SDL MH 6.57% 2031,IN2220200058
180604,SDL KA 7.74% 2034,IN1920230167
180605,PROCTER & GAMBLE HEALTH LIMITE,INE199A01012
180616,Shankar Lal Rampal Dye-Chem Li,INE01NE01012
180623,MECL-11.01%-14-1-31-PVT,INE760I07060
180645,GS22OCT49,IN001049C021
180650,MECL-11.01%-10-1-31-PVT,INE760I07052
180670,CEENIK EXPORTS (INDIA) LTD.,INE418D01010
180679,MECL-10.55%-3-4-33-PVT,INE760I07086
180680,AYM SYNTEX LIMITED,INE193B01039
180703,AFL-6.80%-18-11-26-PVT,INE891K07721
180704,MECL-10.96%-17-2-31-PVT,INE760I07078
180724,MERCURY EV-TECH LIMITED,INE763M01028
180740,MECL-11.45%-27-8-29-PVT,INE760I07029
180752,PRIPL-20%-28-3-29-PVT,INE0K4K07030
180797,AFL-6.55%-22-9-26-PVT,INE891K07705
180800,MECL-11.64%-10-6-29-PVT,INE760I07011
180838,MECL-11.01%-20-12-30-PVT,INE760I07045
180861,MECL-11.45%-13-02-30-PVT,INE760I07037
180876,PRIPL-19.50%-31-8-27-PVT,INE0K4K07022
180890,Apollo Micro Systems Limited,INE713T01028
180899,687RAJSDL31,IN2920210266
180904,RateGain Travel Technologies L,INE0CLI01024
180928,INDO TECH TRANSFORMERS LTD.,INE332H01014
180952,SDL TS 7.59% 2037,IN4520220315
180954,709G251174,IN001174P011
180967,FINEOTEX CHEMICAL LTD.,INE045J01034
180970,SDL TS 7.63% 2036,IN4520220307
181005,SDL PN 7.30% 2031,IN2820190089
181020,B&B Triplewall Containers Limi,INE01EE01011
181021,SOLARIUM GREEN ENERGY LIMITED,INE0W0H01017
181029,MAMATA MACHINERY LIMITED,INE0TO701015
181030,GIC HOUSING FINANCE LTD,INE289B01019
181037,SIR SHADI LAL ENTERPRISES LTD.,INE117H01019
181039,AFL-6.8%-30-3-26-PVT,INE891K07762
181051,SDL PN 7.3% 2034,IN2820190097
181065,SULABH ENGINEERS & SERVICES LT,INE673M01029
181066,GS06NOV73,IN001173C011
181071,SDL KA 7.48% 2033,IN1920230258
181075,KALYANI STEELS LTD.,INE907A01026
181076,ITC LTD.,INE154A01025
181081,SDL TS 7.74% 2046,IN4520220133
181082,SDL KA 7.45% 2040,IN1920230266
181091,601RAJSDL26,IN2920210316
181093,REVATI MEDIA LIMITED,INE270D01015
181104,SDL TS 7.74% 2045,IN4520220125
181106,KRETTO SYSCON LIMITED,INE128R01023
181109,International Gemmological Ins,INE0Q9301021
181111,MANALI PETROCHEMICALS LT,INE201A01024
181113,SFL-K1-11.05%-15-10-28-PVT,INE721A08AK7
181115,Nova Agritech Limited,INE02H701025
181116,SDL TS 7.47% 2031,IN4520220158
181117,SDL KA 7.67% 2042,IN1920230241
181118,Quess Corp Limited,INE615P01015
181119,KMPL-7.9240%-20-2-26-PVT,INE916DA7RW2
181120,SDL KA 7.69% 2040,IN1920230225
181121,SANGHI INDUSTRIES LTD.,INE999B01013
181122,BAWEJA STUDIOS LIMITED,INE0JFJ01011
181124,ABCL-0%-30-5-29-PVT,INE674K07093
181125,D P WIRES LIMITED,INE864X01013
181126,SHREEJI GLOBAL FMCG LTD,INE1FL101016
181127,SDL TS 7.45% 2030,IN4520220141
181128,M&M FIN. SERVICES LTD,INE774D01024
181129,SDL KA 7.73% 2041,IN1920230233
181130,SDL KA 7.68% 2039,IN1920230217
181131,KMPL-7.79%-19-7-27-PVT,INE916DA7RP6
181140,634RJSDL27,IN2920210340
181144,SDL KA 7.71% 2038,IN1920230209
181152,India Shelter Finance Corporat,INE922K01024
181155,HARDWYN INDIA LIMITED,INE626Z01029
181156,BEEYU OVERSEAS LTD.,INE052B01011
181160,KMPL-7.475%-20-8-26-PVT,INE916DA7RS0
181162,PRECISION WIRES INDIA LTD.,INE372C01037
181163,GS19MAR2058,IN000358C027
181166,ICFL-9.95%-25-5-26-PVT,INE896L07884
181170,SDL TS 7.95% 2037,IN4520220117
181187,692RAJSDL31,IN2920210373
181188,SDL TS 7.84% 2036,IN4520220109
181196,SDL AR 7.5% 2045,IN1120250015
181197,ABCL-7.47%-21-11-29-PVT,INE674K07028
181198,AMIABLE LOGISTICS (I) LTD,INE0MTP01013
181201,SDL MH 7.04% 2029,IN2220200355
181203,L.K.MEHTA POLYMERS LIMITED,INE0FFF01017
181207,SDL MN 7.18% 2031,IN2320200099
181222,ABCL-7.38%-14-2-28-PVT,INE674K07036
181229,SDL MN 6.88% 2031,IN2320200081
181230,SDL AR 7.55% 2045,IN1120250023
181243,SDL MH 7.08% 2031,IN2220200348
181250,SDL MN 6.63% 2031,IN2320200073
181257,HASTI FINANCE LTD.,INE671D01014
181283,SDL MH 7.02% 2029,IN2220200363
181284,SDL MN 6.6% 2030,IN2320200065
181285,ABCL-7.2959%-15-9-28-PVT,INE674K07069
181296,Diksha Greens Limited,INE01GR01018
181297,SDL TS 7.46% 2049,IN4520220174
181304,ABANS ENTERPRISES LTD,INE365O01028
181310,ABCL-7.4242%-31-7-30-PVT,INE674K07077
181317,SDL KA 7.42% 2035,IN1920230290
181326,SDL TS 7.46% 2048,IN4520220166
181340,SDL TS 7.84% 2034,IN4520220190
181357,SDL KA 7.42% 2039,IN1920230282
181362,ABCL-7.60%-20-7-35-PVT,INE674K07051
181374,SDL TS 7.56% 2040,IN4520220182
181386,SDL KA 7.44% 2034,IN1920230274
181387,KANCO TEA & INDUSTRIES LIMITED,INE398L01017
181438,SDL MN 8% 2030,IN2320200016
181441,KALPATARU LIMITED,INE227J01012
181490,AUTHUM INVEST & INFRA LTD,INE206F01022
181500,ONELIFE CAP ADVISORS LTD,INE912L01015
181614,SRI LAKSHMI SARASWATHI TEXTILE,INE456D01010
181636,SDL MN 6.45% 2030,IN2320200057
181638,SDL MH 6.35% 2028,IN2220200314
181651,SDL MN 6.42% 2030,IN2320200040
181673,POWERGRID Infrastructure Inves,INE0GGX23010
181679,SDL MH 6.56% 2032,IN2220200306
181717,SDL MH 6.67% 2032,IN2220200330
181720,CURIS LIFESCIENCES LTD,INE1BZN01016
181724,SDL MN 6.56% 2030,IN2320200032
181725,NEUEON CORPORATION LTD,INE333I01044
181735,SBIPL-16%-31-12-26-PVT,INE706T07037
181739,PVR INOX LIMITED,INE191H01014
181744,Billionbrains Garage Ventures ,INE0HOQ01053
181746,SDL MH 6.52% 2030,IN2220200322
181755,GOI STRIPS C 220261,IN000261C015
181758,SDL MN 6.8% 2030,IN2320200024
181794,CJDPL-10%-25-11-28-PVT,INE050R07109
181816,ORIANA POWER LIMITED,INE0OUT01019
181872,Jetmall Spices and Masala Limi,INE0D9X01018
181912,ENGINEERS INDIA LTD.,INE510A01028
182004,2024PLD-9.80%-18-4-28-PTC,INE0TWW15018
182033,SVP GLOBAL TEXTILES LTD,INE308E01029
182036,725TLSDL46,IN4520240297
182060,ANSAL PROP & INFRA LTD,INE436A01026
182090,SDL KA 7.44% 2033,IN1920230381
182092,SDL TS 8.02% 2035,IN4520220018
182111,SDL KA 7.42% 2032,IN1920230373
182112,Omnipotent Industries Limited,INE0JFE01012
182118,GS06NOV50,IN001150C019
182119,SDL NL 7.14% 2030,IN2620250034
182120,613GOI2028,IN0020030022
182121,SDL KA 7.45% 2037,IN1920230357
182132,SDL TS 7.93% 2035,IN4520220034
182137,SDL KA 7.46% 2038,IN1920230365
182147,DHANLAXMI CROP SCIENCE L,INE0V9V01010
182149,SDL NL 7.14% 2030,IN2620250026
182150,724RAJSDL32,IN2920210456
182154,MACPOWER CNC MACHINES LTD,INE155Z01011
182160,Polycab India Limited,INE455K01017
182164,SHELTER INFRA PROJECTS LTD.,INE413C01013
182169,SDL TS 7.93% 2034,IN4520220026
182181,Oswal Greentech Limited,INE143A01010
182202,SDL KA 7.45% 2035,IN1920230340
182205,Lodha Developers Limited,INE670K01029
182215,SDL KA 7.37% 2037,IN1920230324
182232,RELIANCE MUTUAL FUND- RELIANCE,INF204KA1J74
182235,TRANWAY21 TECHNOLOGIES LIMITED,INE0BIW01023
182248,SDL KA 7.37% 2038,IN1920230332
182249,721RAJSDL32,IN2920210472
182252,AFPL-12.87%-2-5-26-PVT,INE515Q08093
182258,SDL KA 7.36% 2034,IN1920230316
182292,SPECIALITY RESTAURANTS LTD.,INE247M01014
182307,SDL KA 7.41% 2036,IN1920230308
182327,MADHAV MARBLES & GRANITES LTD.,INE925C01016
182328,SDL TS 7.95% 2035,IN4520220091
182337,SDL MH 7.05% 2032,IN2220200231
182355,MAYUR FLOORINGS LTD.,INE262W01012
182361,CHALLANI CAPITAL LIMITED,INE807A01010
182362,AFL-8.92%-26-2-27-PVT,INE891K07903
182365,SDL MH 6.87% 2030,IN2220200223
182368,SDL TS 7.89% 2034,IN4520220083
182370,SYSCHEM (INDIA) LTD.,INE121D01036
182375,TRIGYN TECHNOLOGIES LTD,INE948A01012
182388,ABCL-7.61-11-09-35-PVT,INE674K07127
182389,Naturewings Holidays Limited,INE0N4701016
182392,SDL MH 6.55% 2028,IN2220200256
182400,INTER STATE OIL CARRIER LTD.,INE003B01014
182418,RELIANCE MUTUAL FUND- RELIANCE,INF204KA1J90
182423,SDL MH 6.45% 2027,IN2220200249
182426,SDL MH 6.47% 2028,IN2220200272
182427,PRINCE PIPES FITTINGS LTD,INE689W01016
182440,SDL TS 7.91% 2043,IN4520220059
182449,SDL TS 7.94% 2036,IN4520220042
182451,SDL MH 6.63% 2030,IN2220200264
182453,GS22FEB34C,IN000234C020
182457,SPICE LOUNGE FOOD WORKS LIMITE,INE631E01024
182459,SDL TS 7.92% 2045,IN4520220075
182463,SDL MH 6.4% 2030,IN2220200298
182471,Future Enterprises Limited,IN9623B01058
182472,SDL MH 6.56% 2030,IN2220200280
182477,VASA DENTICITY LIMITED,INE0N5801013
182478,BOROSIL SCIENTIFIC LTD,INE02L001032
182495,SDL TS 7.9% 2044,IN4520220067
182504,AFL-8.05%-25-4-28-PVT,INE891K07994
182513,BHAGIRADHA CHEM & INDS L,INE414D01027
182520,EVEREST INDUSTRIES LTD,INE295A01018
182523,VIRTUAL GALAXY INFOTECH L,INE0VRH01015
182538,AFL-8.15%-22-5-29-PVT,INE891K07986
182573,AXFL-8.29%-19-8-27-PVT,INE891K07978
182586,TIL LTD,INE806C01018
182598,AFL-ZC-6-3-26-PVT,INE891K07960
182608,SHILPA MEDICARE LTD,INE790G01031
182619,NEPTUNE LOGITEK LIMITED,INE1NQ501012
182628,L&T Finance Limited,INE498L01015
182632,ABCL-6.92%-24-3-28-PVT,INE674K07101
182638,AFL-8.35%-7-5-27-PVT,INE891K07952
182664,ABCL-7.52%-24-9-30-PVT,INE674K07119
182669,AFL-8.35%-27-2-26-PVT,INE891K07945
182670,TCL-13.50%-18-1-27-PVT,INE00DJ07045
182673,AFL-21-2-29-PVT,INE891K07937
182674,SUN TV NETWORK LIMITED,INE424H01027
182675,Octal Credit Capital Ltd.,INE513C01010
182677,HINDUSTAN COPPER LTD.,INE531E01026
182687,GRINDWELL NORTON LIMITED,INE536A01023
182698,AFL-8.19%-29-1-29-PVT,INE891K07929
182713,SDL MH 6.81% 2028,IN2220200215
182736,FILATEX INDIA LTD.,INE816B01035
182739,SDL MH 7.1% 2032,IN2220200207
182748,ARSHIYA LIMITED,INE968D01022
182756,TIAPL 8.50% 2028 SR I,INE723X07232
182780,E2E NETWORKS LIMITED,INE255Z01019
182783,TIAPL 9% 2028 SR II,INE723X07224
182787,VIRAT INDUSTRIES LTD.,INE467D01017
182800,RAPPID VALVES (INDIA) LTD,INE0MVO01012
182806,TIAPL 9.10% 2026 SR I,INE723X07216
182840,Euro Panel Products Limited,INE505V01016
182859,Dolfin Rubbers Limited,INE666Y01010
182863,RASANDIK ENGINEERING INDUSTRIE,INE682D01011
182871,TIAPL 8.8% 2029 SR V,INE723X07273
182886,FRONTIER CAPITAL LIMITED,INE977E01013
182892,TIAPL 8.85% 2029 SR IV,INE723X07265
182912,TIAP 8.50% 2028 SR III,INE723X07257
182924,SFL-10%-29-5-28-B-PVT,INE721A08CK3
182951,TIAPL 8.50% 2028 SR II,INE723X07240
183010,LESHA INDUSTRIES LTD.,INE050L01048
183085,HINDUSTAN MEDIA VENT LTD,INE871K01015
183093,TRIL-Reset Rate- 12-6-27-PVT,INE371K08243
183094,Vantage Knowledge Academy Limi,INE427T01025
183117,ADANI POWER LTD.,INE814H01029
183144,VEEKAYEM FASH & APP LTD,INE0KTW01013
183155,TeamLease Services Limited,INE985S01024
183178,DRS DILIP ROADLINES LTD.,INE02CV01017
183181,UTI Asset Management Company L,INE094J01016
183214,ORBIT EXPORTS LTD.,INE231G01010
183216,NATURA HUE CHEM LTD.,INE487B01019
183233,APSEZ-9.35%-27-05-26-PVT,INE742F07353
183241,SHIVASHRIT FOODS LIMITED,INE1DLF01018
183267,ARVEE LABORATORIES I LTD,INE006Z01016
183285,TTK HEALTHCARE LIMITED,INE910C01018
183296,GS06MAY33,IN000533C025
183371,SHARDA MOTOR INDUSTRIES LTD,INE597I01028
183373,APSEZ-9.35%-04-07-26-PVT,INE742F07361
183376,TAINWALA CHEMICAL AND PLA,INE123C01018
183378,CYBERTECH SYSTEMS AND SOFTWARE,INE214A01019
183430,BGIL FILMS & TECHNOLOGIES LTD.,INE443D01018
183432,UNIPARTS INDIA LIMITED,INE244O01017
183435,MAWANA SUGARS LTD.,INE636A01039
183441,DYNAVISION LTD.,INE083E01010
183505,ABHFL 8.0347% 2035 SR A1,INE831R08100
183512,Inspirisys Solutions Limited,INE020G01017
183541,MINDA CORPORATION LTD,INE842C01021
183592,MHL-8.40%-30-5-33-PVT,INE652X07134
183643,MHIL-8.30%-20-9-32-PVT,INE652X07126
183648,GUJARAT STATE PETRO LTD,INE246F01010
183652,Anupam Rasayan India Limited,INE930P13013
183654,HINDUSTAN CONSTRUCTION CO.LTD.,INE549A01026
183656,MHIL-ZC-13-11-26-NCD,INE652X07100
183664,SDL AP 7.44% 2039,IN1020230836
183673,SDL AP 7.48% 2044,IN1020230828
183745,Easun Capital Markets Limited,INE771C01014
183746,LTF-9.2171%-20-2-34-PVT,INE235P07944
183768,KRIDHAN INFRA LIMITED,INE524L01026
183773,GAJANAND INTERNATIONAL L,INE0QTE01018
183776,LTF-8.80%-25-10-29-PVT,INE235P07969
183779,Suryoday Small Finance Bank Li,INE428Q01011
183781,LTF-8.42%-24-9-29-PVT,INE235P07951
183782,Anthem Biosciences Limited,INE0CZ201020
183794,LTF-8.75%-08-01-27-PVT,INE235P07977
183803,INDRAPRASTHA MEDICAL CORP,INE681B01017
183808,XCHANGING SOLUTIONS LTD,INE692G01013
183826,FGP LTD.,INE512A01016
183837,ICICIPRAMC - ICICINXT50,INF109KC1NS5
183838,PFL-9.25%-19-3-26-PVT,INE516Y07279
183860,ICICI PRUDENTIAL GOLD ETF,INF109KC1NT3
183868,WILLIAMSON FINANCIAL SERVICES,INE188E01017
183869,STEL HOLDINGS LIMITED,INE577L01016
183871,Econo Trade (India) Limited,INE937K01014
183873,VELAN HOTELS LTD.,INE548D01014
183876,CINDRELLA HOTELS LTD.,INE908C01012
183886,ABHFL 8.30% 2034,INE831R08092
183902,PF-9.25%-12-3-26-PVT,INE516Y07261
183945,PFL-9.32%-1-11-30-PVT,INE516Y07246
183988,AARNAV FASHIONS LIMITED,INE750R01016
183994,PFL-9%-28-3-31-PVT,INE516Y07295
184084,Aurum PropTech Limited,INE898S01029
184096,SBIAMC - SBIETFIT,INF200KA1S14
184124,Avasara Finance Limited,INE759D01017
184200,Jaro Institute of Technology M,INE00YJ01010
184209,UPSURGE INVESTMENT & FINANCE L,INE890B01014
184210,IL&FS ENG AND CONS CO LTD,INE369I01014
184224,FAZE THREE LTD.,INE963C01033
184274,GUJARAT ALKALIES & CHEM,INE186A01019
184419,775WBSDL47,IN3420250109
184428,CCIL-11.50%-11-1-28-NCD,INE051307AB8
184435,ZR2 BIOENERGY LIMITED,INE218N01021
184452,M AND B ENGINEERING LTD,INE08N601015
184466,GS19SEP2050,IN000950C039
184467,SUVIDHA INFRAESTATE CORPORATIO,INE936N01010
184472,SRIGEE DLM LIMITED,INE0RJ901010
184514,ICICI 7.53% 2034 DJU24LB,INE090A08UL3
184520,VOLER CAR LIMITED,INE241X01014
184521,SBIAMC - SBIETFPB,INF200KA1S22
184529,INDIABULLS LIMITED,INE126M01010
184534,PTC INDIA LTD.,INE877F01012
184540,LANDMARK CARS LIMITED,INE559R01029
184557,Tata Technologies Limited,INE142M01025
184560,NACDAC Infrastructure Limited,INE0LB101011
184593,MRC AGROTECH LIMITED,INE333Y01017
184595,CUPID BREWERIES AND DISTILLERI,INE108G01010
184613,AWL AGRI BUSINESS LIMITED,INE699H01024
184635,INANI MARBLES & INDUSTRIES LTD,INE635D01027
184638,Bizotic Commercial Limited,INE0OJ401014
184643,UNIVERSAL STARCH-CHEM ALLIED L,INE113E01015
184651,KODY TECHNOLAB LIMITED,INE0Q7P01013
184657,PEARL GLOBAL IND LIMITED,INE940H01022
184658,VINDHYA TELELINKS LTD,INE707A01012
184671,Polyspin Exports Ltd.,INE914G01029
184689,ADITYA BIRLA FASHION & RT,INE647O01011
184740,VIVO BIO TECH LTD.,INE380K01017
184745,AARCON FACILITIES LIMITED,INE056J01015
184849,IRFC-8.45%-4-12-28-PVT,INE053F07AY7
184901,VASCON ENGINEERS LTD,INE893I01013
184909,IRFC-8.4%-8-1-29-PVT,INE053F07AZ4
184918,HIMADRI SPECIALITY CHEM L,INE019C01026
185002,NAVNEET EDUCATION LIMITED,INE060A01024
185021,SIGNATUREGLOBAL (INDIA) LIMITE,INE903U01023
185076,IRFC-8.55%-21-2-29-PVT,INE053F07BA5
185088,KMIL-15-7-25-CP,INE975F14B42
185102,INNOVATIVE TECH PACK LTD.,INE965C01038
185153,IRFC-8.35%-13-3-29-PVT,INE053F07BC1
185172,IRFC-8.30%-25-3-29-PVT,INE053F07BD9
185189,SDL AP 7.64% 2031,IN1020230703
185190,APSEZL-7.75%-30-5-40-PVT,INE742F07544
185201,758WBSDL42,IN3420250232
185225,TATAAML - NPBET,INF277K010X4
185230,APSEZ-8.80%-9-1-34-PVT,INE742F07536
185258,GAIL (INDIA) LTD,INE129A01019
185259,POWERGRID INFRA. INVITS,INE0GGX23010
185262,Uma Exports Limited,INE0GIU01018
185274,Edvenswa Enterprises Limited,INE125G01014
185278,KMIL-19-2-26-CP,INE975F14B18
185310,KMIL-10-06-26-CP,INE975F14B26
185331,759WBSDL47,IN3420250224
185344,ARIHANT SUPERSTRUCT LTD,INE643K01018
185350,SDL AP 7.7% 2029,IN1020230620
185353,MCIBPL-ZC-05-08-27-PVT,INE0K0Y08011
185355,INDIAN METALS & FERRO ALLOYS L,INE919H01018
185358,BB-11.034%-30-3-26-PTC,INE0TN615018
185363,SDL AP 7.77% 2035,IN1020230612
185379,SDL AP 7.69% 2042,IN1020230604
185391,MCIBPL-ZC-31-12-27-PVT,INE0K0Y08037
185397,GSS INFOTECH LTD.,INE871H01011
185403,SPP POLYMER LIMITED,INE0QR801013
185412,SHANTI GURU INDUSTRIES LIMITED,INE892L01019
185413,JAYASWAL NECO INDUSTRIES LTD.,INE854B01010
185427,SOM DATT FINANCE CORPORATION L,INE754C01010
185433,DCAL-10%-20-01-29-PVT,INE385W07059
185435,SDL AP 7.7% 2038,IN1020230661
185441,SDL UP 7.51% 2040,IN3320230391
185445,SUKHJIT STARCH & CHEMICALS LTD,INE450E01029
185448,IRFC-8.23%-29-3-29-PVT,INE053F07BE7
185455,SDL AP 7.71% 2031,IN1020230653
185458,RANJIT SECURITIES LTD.,INE863D01017
185469,SDL AP 7.71% 2037,IN1020230646
185470,BCIPL 9.25% 2028 SR A,INE087M08134
185471,DCAL-10.04%-15-7-26-PVT,INE385W07034
185472,SDL UP 7.51% 2038,IN3320230375
185484,BCIPL 9.25% 2028 SR B,INE087M08126
185485,SDL AP 7.73% 2032,IN1020230638
185490,DCAL-10%-26-03-27-PVT,INE385W07042
185493,SDL UP 7.52% 2039,IN3320230383
185500,BCIPL 9.50% 2028,INE087M08118
185503,SDL UP 7.48% 2044,IN3320230359
185504,Nippon India Mutual Fund,INF204KC1923
185509,IRFC-7.95%-12-6-29-PVT,INE053F07BR9
185512,SDL UP 7.49% 2036,IN3320230367
185514,SDL AP 7.7% 2043,IN1020230695
185518,Nippon India Mutual Fund,INF204KC1915
185523,Vikran Engineering Limited,INE01R501028
185531,IRFC-7.85%-1-7-34-PVT,INE053F07BS7
185532,SDL UP 7.48% 2040,IN3320230334
185534,SDL AP 7.74% 2036,IN1020230687
185541,SDL AP 7.74% 2032,IN1020230679
185542,IRFC-7.54%-29-7-34-PVT,INE053F07BT5
185544,SDL UP 7.48% 2042,IN3320230342
185555,NAGREEKA CAPITAL & INFRASTRUCT,INE245I01016
185557,SDL UP 7.48% 2036,IN3320230318
185559,UR SUGAR INDUSTRIES LIMITED,INE904R01027
185561,ALNA TRADING & EXPORTS LTD.,INE07I701011
185562,SDL UP 7.46% 2039,IN3320230326
185563,LTF-8.2%-31-5-32-PVT,INE235P07738
185564,S&T CORPORATION LTD.,INE110Q01023
185566,BSEL ALGO LIMITED,INE395A01016
185567,SDL UP 7.46% 2032,IN3320230300
185568,SUNGARNER ENERGIES LTD,INE0O3O01017
185569,Nippon India Mutual Fund,INF204KC1931
185570,Samor Reality Limited,INE0GD201014
185613,PRATAAP SNACKS LIMITED,INE393P01035
185616,APOLLO PIPES LIMITED,INE126J01016
185661,MARKOLINES PAVEMENT TEC L,INE0FW001016
185696,ION EXCHANGE (INDIA) LTD,INE570A01022
185736,PREMIER LIMITED,INE342A01018
185752,PRAKASH STEELAGE LTD.,INE696K01024
185779,ICICIPRAMC - ICICIPHARM,INF109KC1Q72
185815,BRITANNIA INDUSTRIES LTD.,INE216A01030
185819,TVS HOLDINGS 8.65% 2029,INE105A08022
185834,SESHACHAL TECHNOLOGIES LTD.,INE331F01028
185836,Beekay Steel Industries Ltd.,INE213D01015
185870,VEDANT FASHIONS LIMITED,INE825V01034
185871,KIRLOSKAR PNEUMATIC COM L,INE811A01020
185912,APSEZL-8.50%-12-4-30-PVT,INE742F07460
185915,KMIL-10-03-26-CP,INE975F14A35
185925,Ace Software Exports ltd.,IN9849B01026
185932,IRFC-7.49%-30-05-27-PVT,INE053F07AA7
185937,ACTION CONST EQUIP LTD,INE731H01025
185959,TVSH 8.75% 2030,INE105A08030
185983,IRFC-7.27%-15-6-27-PVT,INE053F07AB5
186003,SUKHJIT STARCH & CHEM LTD,INE450E01029
186015,APSEZL-8.22%-8-3-27-PVT,INE742F07429
186055,SDL AP 7.44% 2039,IN1020230810
186056,APSEZL-8.24%-27-11-26-PVT,INE742F07411
186095,SDL AP 7.45% 2038,IN1020230802
186101,GRIL-8.35%-2-2-29-PVT,INE201P08209
186105,JET SOLAR LIMITED,INE155R01018
186139,EHLS2 7% 2046,INE0TO808083
186149,APSEZL-7.65%-30-10-27-PVT,INE742F07437
186152,KMIL-27-03-26-CP,INE975F14A01
186202,Epack Prefab Technologies Limi,INE0MLS01022
186203,SDL AP 7.7% 2042,IN1020230745
186214,DCBL-7.49%-12-6-35-PVT,INE755K07264
186215,SDL AP 7.68% 2037,IN1020230737
186218,INDIGRID INFRASTRUCT TRST,INE219X23014
186233,DCBL-7.42%-12-6-32-PVT,INE755K07272
186234,TRITON CORP.LTD.,INE982C01033
186235,SDL AP 7.6% 2044,IN1020230729
186238,SBFC FINANCE LIMITED,INE423Y01016
186249,SDL UP 7.38% 2036,IN3320230292
186250,APSEZ-8.70%-9-1-29-PVT,INE742F07528
186252,COMPUCOM SOFTWARE LTD,INE453B01029
186255,MAHINDRA EPC IRRIGATION LIMITE,INE215D01010
186261,SDL AP 7.67% 2038,IN1020230711
186263,SHREENATH INVESTMENTS CO.LTD.,INE475V01012
186265,Patanjali Foods Limited,INE619A01035
186270,LORDS ISHWAR HOTELS LIMITED,INE689J01013
186272,ULTRATECH CEMENT LIMITED,INE481G01011
186276,SDL AP 7.46% 2041,IN1020230786
186278,SDL UP 7.46% 2034,IN3320230276
186291,IRFC-7.33%-28-8-27-PVT,INE053F07AC3
186292,SDL AP 7.49% 2039,IN1020230778
186295,SDL UP 7.38% 2034,IN3320230284
186306,IRFC-7.54%-31-10-27-PVT,INE053F07AD1
186307,KMIL-06-05-26-CP,INE975F14A76
186310,SDL AP 7.49% 2036,IN1020230760
186315,SDL UP 7.49% 2034,IN3320230250
186330,KMIL-06-04-26-CP,INE975F14A84
186331,SDL UP 7.48% 2034,IN3320230268
186332,Mitsu Chem Plast Limited,INE317V01016
186333,SDL AP 7.39% 2029,IN1020230752
186363,SDL UP 7.67% 2033,IN3320230235
186383,Sahara Maritime Limited,INE0PSJ01011
186397,SDL UP 7.65% 2034,IN3320230243
186429,SDL UP 7.62% 2033,IN3320230219
186452,SDL UP 7.62% 2034,IN3320230227
186454,Retro Green Revolution Limited,INE601N01010
186456,SDL AP 7.52% 2043,IN1020230794
186473,RAYMOND LTD.,INE301A01014
186488,740GOI2035,IN0020050012
186502,NATH INDUSTRIES LIMITED,INE777A01023
186519,SDL UP 7.75% 2034,IN3320230201
186531,SHAH METACORP LIMITED,INE482J01021
186558,Nippon India Mutual Fund,INF204KC1642
186563,SDL HR 7.67% 2032,IN1620220229
186569,SDL HR 7.83% 2032,IN1620220237
186575,PANTH INFINITY LIMITED,INE945O01019
186586,Nippon India Mutual Fund,INF204KC1634
186588,JCL-7.26%-18-11-30-PVT,INE282H07042
186600,SDL HR 7.74% 2029,IN1620220245
186616,TIRUPATI FORGE LIMITED,INE319Y01024
186618,Nippon India Mutual Fund,INF204KC1626
186627,SDL HR 7.81% 2032,IN1620220252
186629,Filtra Consultants and Enginee,INE541R01019
186652,LTF-8.8000%-17-06-26-PVT,INE235P07431
186656,Nippon India Mutual Fund,INF204KC1618
186667,CYBERTECH SYSTEMS & SOFTW,INE214A01019
186678,SDL HR 7.76% 2030,IN1620220260
186696,IRFC-6.8%-30-4-41-PVT,INE053F07CW7
186698,LTF-8.77%-13-7-26-PVT,INE235P07464
186726,SDL HR 7.68% 2031,IN1620220278
186750,LTF-8.80%-23-6-26-PVT,INE235P07456
186761,ASTEC LIFESCIENCES LIMITED,INE563J01010
186771,SDL HR 7.7% 2034,IN1620220286
186802,MML-19-3-32-NCD,INE05F407DU2
186815,SUSTAINABLE ENERGY INFRA,INE0R8O23017
186849,SDL HR 7.44% 2027,IN1620220294
186854,MML-19-12-30-NCD,INE05F407DT4
186910,Axis Mutual Fund,INF846KA1119
186911,Add-Shop E-Retail Limited,INE01B501018
186912,LTF-8.4300 %-28-9-26-PVT,INE235P07498
186921,JAUSS POLYMERS LTD.,INE593O01017
186923,MEDICO REMEDIES LIMITED,INE630Y01024
186924,PFL-3MOIS SPREAD-23-2-26-PVT,INE516Y07535
186932,UNITED INTERACTIVE LTD.,INE706D01018
186934,PFL-3MOIS SPREAD-22-1-27-PVT,INE516Y07527
186943,JCL-7.19%-15-3-28-PVT,INE282H07018
186956,J B CHEMICALS AND PHARMA,INE572A01036
186967,JCL-7.05%-13-10-27-PVT,INE282H07034
186972,JCL-7.08%-26-5-28-PVT,INE282H07026
186973,NIKKI GLOBAL FINANCE LTD.,INE526C01012
186983,SDL UP 7.75% 2033,IN3320230193
186984,MML-9.50%-4-9-26-NCD,INE05F407DK3
186995,MML-10.25%-30-7-28-NCD,INE05F407DJ5
186996,SDL UP 7.68% 2034,IN3320230177
186997,MML-4-9-26-NCD,INE05F407DH9
186998,MML-30-7-28-NCD,INE05F407DI7
187000,SDL UP 7.7% 2035,IN3320230185
187001,BERYL SECURITIES LTD.,INE508J01015
187002,SDL AP 7.44% 2033,IN1020230422
187003,SDL UP 7.73% 2034,IN3320230151
187004,MML-10.75%-20-04-28-NCD,INE05F407DG1
187005,AI CHAMPDANY INDUSTRIES LTD.,INE768E01024
187009,SDL AP 7.45% 2034,IN1020230414
187010,SDL UP 7.73% 2035,IN3320230169
187013,Jet Freight Logistics Limited,INE982V01025
187014,MML-20-05-31-NCD,INE05F407DE6
187015,MML-20-4-28-NCD,INE05F407DF3
187019,SDL AP 7.46% 2038,IN1020230406
187020,SDL UP 7.73% 2033,IN3320230136
187021,MML-26-05-26-NCD,INE05F407DD8
187022,Mishra Dhatu Nigam Limited,INE099Z01011
187023,CUPID LIMITED,INE509F01029
187024,SDL UP 7.72% 2034,IN3320230144
187025,VINATI ORGANICS LTD.,INE410B01037
187035,SDL UP 7.7% 2033,IN3320230110
187036,SDL AP 7.46% 2041,IN1020230463
187048,ISCFL-9.40%-18-6-27-PVT,INE896L07AL4
187061,MML-19-12-28-NCD,INE05F407DS6
187069,SDL UP 7.71% 2033,IN3320230128
187070,GUJARAT STATE PETRONET LTD.,INE246F01010
187071,SDL AP 7.48% 2038,IN1020230455
187087,ISCFL-9.40%-19-7-27-PVT,INE896L07AK6
187098,MML-19-12-27-NCD,INE05F407DR8
187112,MML-10.75%-19-12-30-NCD,INE05F407DQ0
187115,SDL AP 7.4% 2043,IN1020230448
187117,PATEL RETAIL LIMITED,INE0R8B01010
187118,HINDUSTAN CONSTRUCTION CO,INE549A01026
187122,CAPITAL INDIA FINANCE LIMITED,INE345H01024
187132,TRITON VALVES LTD.,INE440G01017
187141,SDL UP 7.68% 2034,IN3320230102
187143,SDL AP 7.44% 2040,IN1020230430
187155,SDL HR 7.57% 2030,IN1620220302
187165,MML-10.25%-18-12-28-NCD,INE05F407DP2
187173,LTF-8.43%-1-10-26-PVT,INE235P07506
187174,SDL HR 7.51% 2029,IN1620220310
187180,MML-10%-19-12-27-NCD,INE05F407DO5
187186,SDL AP 7.5% 2041,IN1020230497
187193,MML-9.5%-23-01-27-NCD,INE05F407DN7
187199,JYOTHY LABS LIMITED,INE668F01031
187202,SDL AP 7.6% 2034,IN1020230489
187206,SDL HR 7.58% 2030,IN1620220328
187217,MASFSL-15-4-26-CP,INE550X14AM6
187219,SDL HR 7.63% 2032,IN1620220336
187220,MML-23-1-27-NCD,INE05F407DM9
187236,LATENT VIEW ANALYTICS LTD,INE0I7C01011
187240,LTF-8.43%-3-10-31-PVT,INE235P07514
187243,SARDA ENERGY & MINERALS LTD.,INE385C01021
187245,ATUL AUTO LIMITED,INE951D01028
187247,SDL AP 7.44% 2036,IN1020230471
187252,MASFSL-05-02-26-CP,INE550X14AL8
187253,EVEREST ORGANICS LTD.,INE334C01029
187254,SDL HR 7.5% 2029,IN1620220344
187255,MML-29-10-31-NCD,INE05F407DL1
187264,LTF-8.3000%-13-10-26--PVT,INE235P07548
187267,IRFC-7.55%-12-4-30-PVT,INE053F07BY5
187271,SDL HR 7.86% 2032,IN1620220112
187274,ICFL-10.10%-26-2-27-PVT,INE896L07AD1
187285,Real Touch Finance Limited,INE840I01014
187308,MANDEEP AUTO INDUSTRIES L,INE0R3T01013
187312,SDL HR 7.94% 2034,IN1620220120
187324,ICFL-ZC-25-9-26-NCD,INE896L07AC3
187342,SDL HR 7.81% 2032,IN1620220138
187351,ICFL-10%-24-12-26-PVT,INE896L07AF6
187358,LTF-8.30%-20-10-26-PVT,INE235P07555
187363,ASAHI SONGWON COLORS LTD.,INE228I01012
187364,S V GLOBAL MILL LTD.,INE159L01013
187376,SDL HR 7.9% 2034,IN1620220146
187381,ICFL-10.15%-27-8-27-PVT,INE896L07AE9
187391,IRFC-7.48%-13-8-29-PVT,INE053F07BU3
187395,Kalpa Commercial Limited,INE059Q01014
187404,HONDA INDIA POWER PRODUCTS LIM,INE634A01018
187407,SDL HR 7.81% 2032,IN1620220153
187408,GODREJ INDUSTRIES LTD,INE233A01035
187411,ICFL-9.95%-26-6-26-PVT,INE896L07AH2
187419,LTF-8.15%-13-11-26-PVT,INE235P07571
187424,IRFC-7.48%-29-8-34-PVT,INE053F07BV1
187432,ICFL-10.10%-16-4-27-PVT,INE896L07AG4
187445,SDL HR 7.97% 2042,IN1620220161
187452,IRFC-7.50%-9-9-29-PVT,INE053F07BW9
187468,ICFL-9.60%-26-2-27-PVT,INE896L07AJ8
187483,SDL HR 7.77% 2032,IN1620220179
187508,ISCFL-9.95%-27-5-26-PVT,INE896L07AI0
187509,IRFC-7.55%-6-11-29-PVT,INE053F07BX7
187527,SDL HR 7.95% 2037,IN1620220187
187557,PROSTARM INFO SYSTEMS LTD,INE0BX301013
187558,HITACHI ENERGY INDIA LIMITED,INE07Y701011
187565,CAMBRIDGE TECH ENTER LTD,INE627H01017
187566,SDL HR 7.53% 2030,IN1620220195
187567,Lotus Eye Hospital And Institu,INE947I01017
187568,IRFC-6.90%-5-6-35-PVT,INE053F07CD7
187574,GS19MAR2033,IN000333C046
187587,ARO GRANITE INDUSTRIES LTD.,INE210C01013
187588,NACL 8.85% 2028,INE850M07509
187619,SDL GJ 6.9% 2030,IN1520200354
187630,SDL UP 7.69% 2035,IN3320230094
187635,IRFC-7.08%-28-2-30-PVT,INE053F07CA3
187636,R SYS INTERNATIONAL LTD,INE411H01032
187639,ICFL-10.50%-25-9-29-NCD,INE896L07AB5
187644,CEAT LTD.,INE482A01020
187648,ICFL-10.70%-25-9-27-NCD,INE896L07AA7
187656,SDL AP 7.67% 2038,IN1020230505
187657,LTIMindtree Limited,INE214T01019
187658,SDL UP 7.56% 2035,IN3320230078
187669,SDL UP 7.7% 2034,IN3320230086
187670,Nila Spaces Ltd,INE00S901012
187671,OMEGA AG-SEEDS (PUNJAB) LTD.,INE112B01013
187672,VOITH PAPER FABRICS INDIA LTD.,INE285C01015
187673,SDL UP 7.5% 2035,IN3320230052
187674,SDL GJ 6.58% 2027,IN1520200347
187675,SEL MANUFACTURING CO LTD,INE105I01020
187676,SDL UP 7.49% 2034,IN3320230060
187677,SDL GJ 6.18% 2026,IN1520200339
187678,SDL AP 7.66% 2042,IN1020230547
187679,SDL UP 7.41% 2034,IN3320230037
187680,SDL AP 7.72% 2036,IN1020230539
187681,SDL UP 7.4% 2033,IN3320230045
187682,WIPRO LTD.,INE075A01022
187683,SDL AP 7.61% 2043,IN1020230521
187684,Dev Accelerator Limited,INE0VOV01021
187685,SDL UP 7.45% 2033,IN3320230011
187686,SDL GJ 6.84% 2031,IN1520200305
187687,SDL UP 7.33% 2033,IN3320230029
187688,SDL AP 7.66% 2037,IN1020230513
187689,THIRUMALAI CHEMICALS LTD,INE338A01024
187690,IRFC-6.85%-29-10-40-PVT,INE053F07CS5
187692,SDL AP 7.7% 2043,IN1020230588
187710,IRFC-6.85%-1-12-40-PVT,INE053F07CT3
187713,SDL AP 7.72% 2041,IN1020230570
187719,STEEL AUTHORITY OF INDIA,INE114A01011
187745,SDL AP 7.76% 2037,IN1020230562
187751,GS17JUN26C,IN000626C035
187764,BOND 8.63%PA TF TR-I S 2A,INE557F07090
187771,SDL AR 7.27% 2032,IN1120210027
187775,IRFC-7.21%-25-2-41-PVT,INE053F07CV9
187776,SDL AP 7.74% 2036,IN1020230554
187789,GS15JUN26C,IN000626C050
187793,SDL AR 6.84% 2031,IN1120210019
187819,GS23JUN26C,IN000626C068
187829,SDL HR 7.61% 2032,IN1620220203
187848,SDL HR 7.45% 2032,IN1620220211
187855,VLS FINANCE LTD,INE709A01018
187859,IRFC-6.73%-6-7-35-PVT,INE053F07CQ9
187862,SAFARI INDUSTRIES (INDIA) LTD.,INE429E01023
187863,IRFC-6.41%-11-4-31-PVT,INE053F07CR7
187864,SDL AP 7.72% 2038,IN1020230596
187874,NAHAR SPINNING MILLS LTD.,INE290A01027
187881,Nippon India Mutual Fund - Per,INF204KC1402
187895,NHB 8.68 NCD TR II SR 2 A,INE557F07157
187898,JPT SECURITIES LTD.,INE630C01012
187901,SDL HR 7.74% 2031,IN1620220476
187923,SDL AP 7.46% 2034,IN1020230299
187925,Valiant Organics Limited,INE565V03016
187933,SDL HR 7.77% 2033,IN1620220484
187949,EVERLON FINANCIALS LIMITED,INE339D01034
187970,PFL-8.75%-23-7-31-NCD,INE516Y07378
187971,LTF-8.7300%-22-2-36-PVT,INE235P07209
187973,SDL AP 7.42% 2043,IN1020230281
187974,BOND 9.01%PA TF TR-I S 3B,INE557F07132
188018,SDL AP 7.42% 2041,IN1020230273
188025,PFL-8.5%-23-7-26-NCD,INE516Y07360
188029,BOND 8.88%PA TF TR-I S 2B,INE557F07124
188071,NHB 8.90 NCD TR II SR 3 B,INE557F07199
188094,AJANTA PHARMA LIMITED,INE031B01049
188101,NHB 8.93 NCD TR II SR 2 B,INE557F07181
188107,LTF-8.7500%-20-3-26-PVT,INE235P07241
188115,TATA TELESERVICES (MAHARASHTRA,INE517B01013
188166,NHB 8.65 NCD TR II SR 3 A,INE557F07165
188199,Nippon India Mutual Fund,INF204KC1485
188200,NAM SECURITIES LTD,INE792G01011
188203,ADVANCE LIFESTYLES LTD.,INE900E01015
188205,Ramasigns Industries Limited,INE650D01026
188206,SDL GJ 7.08% 2031,IN1520200289
188207,Nippon India Mutual Fund,INF204KC1477
188208,GS06NOV48,IN001148C013
188209,ICICIPRAMC - ICICILIQ,INF109KC1KT9
188210,SDL GJ 7.07% 2031,IN1520200271
188211,VIKAS LIFECARE LIMITED,INE161L01027
188212,PREMIER SYNTHETICS LTD.,INE940N01012
188213,Nippon India Mutual Fund,INF204KC1469
188218,LTF-8.72%-27-3-26-PVT,INE235P07274
188219,Nippon India Mutual Fund,INF204KC1451
188223,SDL GJ 7.11% 2031,IN1520200297
188231,AKZO NOBEL INDIA LIMITED,INE133A01011
188232,SDL GJ 6.45% 2030,IN1520200248
188236,SDL PY 7.69% 2037,IN3820220025
188245,BOND 8.76%PA TF TR-I S 3A,INE557F07108
188246,SDL PY 7.63% 2032,IN3820220017
188255,UNITED POLYFAB GUJ. LTD.,INE368U01029
188258,SDL PY 7.59% 2041,IN3820220041
188261,CSB BANK LIMITED,INE679A01013
188265,SDL GJ 6.93% 2031,IN1520200263
188270,PFL-8.85%-27-6-31-PVT,INE516Y07329
188273,SDL GJ 6.57% 2031,IN1520200255
188278,SDL PY 7.62% 2035,IN3820220033
188284,SDL GJ 6.5% 2030,IN1520200206
188298,STERLITE TECHNOLOGIES LTD.,INE089C01029
188299,AMBASSADOR INTRA HOLDINGS LIMI,INE342U01016
188302,MVHICL-9%-20-3-35-PVT,INE790W08033
188307,SDL GJ 6.49% 2029,IN1520200222
188314,SDL GJ 6.5% 2030,IN1520200214
188315,UNSECURED NCD,INE774D08MG3
188316,NIPPON INDIA ETF JUNIOR BEES,INF732E01045
188317,9.00% UNSECURED NCD,INE774D08MA6
188318,INDO THAI SEC LTD,INE337M01021
188319,ASHOKA METCAST LIMITED,INE760Y01011
188320,CHEMTECH INDUSTRIAL VALVES LTD,INE212P01011
188321,NIPPON INDIA ETF LIQUID BEES,INF732E01037
188334,SDL AP 7.39% 2035,IN1020230224
188349,SBI MUTUAL FUND - SBI ETF SENS,INF200K01VT2
188359,SDL AP 7.33% 2043,IN1020230216
188366,STERLITE TECHNOLOGIES LTD,INE089C01029
188377,REGAAL RESOURCES LIMITED,INE0MHO01029
188387,SDL AP 7.33% 2042,IN1020230208
188415,M. K. Exim (India) Ltd.,INE227F01010
188496,H.G. Infra Engineering Limited,INE926X01010
188501,RACONTEUR GLOBAL RESOURCES LIM,INE00WY01013
188503,SDL AP 7.43% 2039,IN1020230265
188512,BODHI TREE MULTIMEDIA LTD,INE0EEJ01023
188530,MY MUDRA FINCORP LIMITED,INE0RVQ01016
188532,SDL AP 7.35% 2040,IN1020230257
188534,GLENMARK PHARMACEUTICALS,INE935A01035
188562,SDL AP 7.4% 2032,IN1020230240
188579,SDL AP 7.36% 2038,IN1020230232
188612,SDL HR 7.62% 2031,IN1620220351
188647,SDL HR 7.63% 2033,IN1620220369
188658,LOTUS EYE HOSP & INST L,INE947I01017
188671,SWADESHI INDUSTRIES LEASING CO,INE716M01034
188680,SDL HR 7.64% 2031,IN1620220377
188694,LTF-8.6700%-06-05-26-PVT,INE235P07316
188695,SDL AP 7.47% 2032,IN1020230398
188700,8.72% UNSECURED NCD,INE774D08LU6
188709,SDL HR 7.65% 2033,IN1620220385
188713,PIL ITALICA LIFESTYLE LTD,INE600A01035
188720,ISHITA DRUGS & INDUSTRIES LTD.,INE806D01016
188757,SDL HR 7.65% 2030,IN1620220393
188788,GUJARAT ALKALIES & CHEMICALS L,INE186A01019
188791,SDL GJ 6.46% 2030,IN1520200198
188798,Tega Industries Limited,INE011K01018
188862,AUTOMOTIVE AXLES LIMITED,INE449A01011
188872,SWOJAS FOODS LIMITED,INE295B01016
188882,AXFL-3M TBILL+SPREAD-28-1-28-P,INE891K07AA0
188895,MMFL-10.25%-2-6-26-NCD,INE101Q08134
188904,SDL GJ 6.83% 2030,IN1520200164
188908,PFL-9%-23-07-31-NCD,INE516Y07428
188913,SDL GJ 6.7% 2030,IN1520200156
188914,MMFL-ZC-14-2-28-NCD,INE101Q08126
188915,KALYANI COMMERCIALS LTD,INE610E01010
188921,BELLA CASA FASH AND RET L,INE344T01014
188926,SDL GJ 6.4% 2030,IN1520200180
188931,JSL INDUSTRIES LTD.,INE581L01018
188932,PFL-8.75%-23-7-26-NCD,INE516Y07410
188933,MMFL-10.25%-13-3-26-NCD,INE101Q08118
188943,LTF-8.7500%-10-06-26-PVT,INE235P07399
188948,SDL GJ 6.84% 2030,IN1520200172
188964,SDL GJ 6.65% 2030,IN1520200123
188971,MORARJEE TEXTILES LIMITED,INE161G01027
188977,GS22APR40,IN000440C031
188990,SDL GJ 6.44% 2029,IN1520200115
188993,MMFL-ZC-15-9-28-NCD,INE101Q08167
189001,SWAN DEFENCE AND HEAVY INDUSTR,INE542F01020
189012,PFL-8.75%-25-5-26-PVT,INE516Y07451
189017,MMFL-10%-15-3-27-NCD,INE101Q08159
189021,SDL GJ 6.63% 2029,IN1520200149
189037,GRAPHITE INDIA LTD.,INE371A01025
189048,MMFL-ZC-2-5-28-NCD,INE101Q08142
189051,PFL-6.75%-26-9-31-PVT,INE516Y07444
189052,TIAAN CONSUMER LIMITED,INE864T01011
189068,SDL GJ 6.45% 2030,IN1520200131
189080,NIPPON INDIA ETF SHARIAH BEES,INF732E01128
189083,AFL-7.23%-24-10-28-PVT,INE891K07AI3
189086,SPEB ADHESIVES LIMITED,INE1CW901027
189092,AFL-7.22%-25-10-27-PVT,INE891K07AH5
189095,AIPPL-13.70%-27-12-32-PVT,INE0NPQ08087
189096,TRUSTWAVE SECURITIES LIMITED,INE668Y01016
189112,AFL-7.37%-23-08-28-PVT,INE891K07AG7
189113,SDL GJ 6.4% 2030,IN1520200107
189114,Scan Steels Limited,INE099G01011
189115,AIPPL-13.70%-27-12-32-PVT,INE0NPQ08079
189116,AAYUSH WELLNESS LIMITED,INE430R01023
189117,AFL-7.732%-12-6-28-PVT,INE891K07AF9
189118,AIPPL-13.70%-27-12-32-PVT,INE0NPQ08061
189119,SDL AP 7.52% 2039,IN1020230307
189120,AFL-7.97-27-03-30-PVT,INE891K07AE2
189121,PFL-9.30%-07-2-27-PVT,INE516Y07519
189122,GAYATRI HIGHWAYS LIMITED,INE287Z01012
189123,IL&FS ENGINEERING AND CONSTRUC,INE369I01014
189124,AXFL-7.845%-19-12-34-PVT,INE891K07AD4
189129,AXFL-7.882%-19-11-27-PVT,INE891K07AC6
189136,MILGREY FINANCE & INVESTMENT L,INE679T01013
189137,AXFL-7.89%-19-12-29-PVT,INE891K07AB8
189144,SDL AP 7.36% 2038,IN1020230349
189172,SIEMENS LTD,INE003A01024
189212,SDL AP 7.43% 2042,IN1020230331
189227,VAIDYA SANE AYUR LAB LTD,INE0JR301013
189228,CYBELE INDUSTRIES LTD.,INE183D01010
189235,SDL HR 7.68% 2033,IN1620220401
189264,SDL AP 7.43% 2041,IN1020230323
189294,SDL AP 7.46% 2043,IN1020230315
189308,SDL HR 7.7% 2031,IN1620220419
189331,SOLARA ACTIVE PHA SCI LTD,INE624Z01016
189337,SDL HR 7.65% 2033,IN1620220427
189339,SDL AP 7.44% 2043,IN1020230380
189342,SDL HR 7.73% 2032,IN1620220435
189351,ATCPL-ZC-16-6-27-PVT,INE780X08016
189362,SDL AP 7.45% 2040,IN1020230372
189366,SDL HR 7.7% 2032,IN1620220443
189397,SDL AP 7.45% 2033,IN1020230364
189399,SALZER ELECTRONICS LTD.,INE457F01013
189402,SDL HR 7.66% 2029,IN1620220450
189413,ISTREET NETWORK LIMITED,INE532B01020
189415,GS22FEB38,IN000238C013
189416,SDL AP 7.43% 2035,IN1020230356
189422,SDL HR 7.72% 2032,IN1620220468
189424,AFL-7.35%-21-11-30-PVT,INE891K07AJ1
189430,PFCL-8.25%-6-9-34-PVT,INE134E08KF4
189431,OWL-25-2-26-CP,INE466L14FJ5
189432,SDL AP 7.47% 2037,IN1020230067
189433,NATIONAL FITTINGS LIMITED,INE643C01015
189434,GVK POWER & INFRASTRUCTURE LTD,INE251H01024
189435,INDIA RADIATORS LTD.,INE461Y01016
189445,OWL-23-2-26,INE466L14FI7
189446,SDL AP 7.43% 2031,IN1020230059
189454,SANRHEA TECHNICAL TEXTILES LTD,INE589J01015
189455,OWL-25-5-26-CP,INE466L14FH9
189458,SDL AP 7.41% 2030,IN1020230042
189460,VIYASH SCIENTIFIC LIMITED,INE807F01027
189468,SDL TS 6.62% 2041,IN4520200309
189469,TGB BANQUETS AND HOTELS LTD.,INE797H01018
189470,PFCL-8.15%-8-8-34-PVT,INE134E08KE7
189471,OWL-20-2-26-CP,INE466L14FG1
189475,MML-9.80%-23-09-28-PVT,INE046W07297
189476,SDL AP 7.71% 2033,IN1020230034
189483,SDL TS 6.61% 2051,IN4520200317
189486,CFF FLUID CONTROL LIMITED,INE0NJ001013
189497,GACM Technologies Limited - DV,INE224E01036
189500,360OWL-26-3-26-CP,INE466L14FN7
189505,ATPL-14.75%-30-12-26-PVT,INE2GLH07012
189509,ATSTL-7.75%-30-9-30-PVT,INE0YRB07019
189514,PFCL-7.86%-12-4-30-PVT,INE134E08KK4
189521,OWL-10-3-26-CP,INE466L14FM9
189532,ATPL-17.35%-30-09-29-PVT,INE2GLH07020
189533,GACM Technologies Limited,INE224E01028
189538,SDL AP 7.39% 2033,IN1020230091
189539,PFCL-7.41%-25-2-30-PVT,INE134E08KL2
189546,ATSTL-7.80%-30-9-40-PVT,INE0YRB07027
189556,OWL-5-3-26-CP,INE466L14FL1
189560,SDL AP 7.4% 2031,IN1020230083
189574,ALLCARGO LOGISTICS LTD,INE418H01029
189577,PFCL-7.93%-31-12-29-PVT,INE134E08KI8
189578,OWL-1-6-26-CP,INE466L14FK3
189584,SDL AP 7.34% 2029,IN1020230075
189596,OWL-21-1-27-CP,INE466L14FR8
189597,SDL KA 6.88% 2031,IN1920210011
189598,GOI TBILL 364D-20/02/26,IN002024Z453
189599,OWL-4-3-26-CP,INE466L14FQ0
189600,GOI TBILL 364D-27/02/26,IN002024Z461
189601,GOI TBILL 364D-05/02/26,IN002024Z438
189602,SKF INDIA LTD.,INE640A01023
189603,OWL-26-3-26-CP,INE466L14FP2
189604,PFCL-7.41%-15-5-30-PVT,INE134E08KM0
189605,GOI TBILL 364D-12/02/26,IN002024Z446
189606,ELANTAS BECK INDIA LTD.,INE280B01018
189607,IRFC-7.28%-21-12-30-TAXFREENCD,INE053F07801
189608,BHARAT PETROLEUM CORP  LT,INE029A01011
189611,ADOR WELDING LTD.,INE045A01017
189612,GOI TBILL 364D-19/03/26,IN002024Z495
189613,SDL TS 6.86% 2041,IN4520200325
189614,Global Longlife Hospital and R,INE0J2K01014
189615,SDL TS 7.0% 2051,IN4520200333
189616,LTF-8.51%-28-1-30-PVT,INE235P07050
189617,GOI TBILL 364D-05/03/26,IN002024Z479
189618,Vikram Solar Limited,INE078V01014
189619,SDL TS 7.25% 2041,IN4520200341
189620,PFCL-7.40%-8-5-30-PVT,INE134E08KQ1
189622,GOI TBILL 364D-12/03/26,IN002024Z487
189625,SDL TS 7.2% 2051,IN4520200358
189627,PFCL-7.68%-15-7-30-PVT,INE134E08KR9
189634,91TB090426,IN002025X406
189657,IRFC-7.04%-3-3-26-PVT,INE053F07868
189658,PFCL-7.79%-22-7-30-PVT,INE134E08KU3
189659,WINSOL ENGINEERS LIMITED,INE0S3D01016
189660,IRFC-7.04%-22-3-26-NCDS,INE053F07876
189668,DALMIA BHARAT LIMITED,INE00R701025
189678,BROACH LIFECARE HOSPITAL LIMIT,INE0SFZ01018
189680,IFB AGRO INDUSTRIES LTD.,INE076C01018
189681,ILFS-8.80%-09-03-26-PVT,INE871D07OY8
189685,SDL KA 6.9% 2031,IN1920210086
189686,PFC-B-7.75%-11-6-30-PVT,INE134E08KV1
189687,IRFC-7.35%-22-3-31-NCDS,INE053F07884
189689,WALCHANDNAGAR INDUSTRIES,INE711A01022
189696,MML-10%-11-11-28-PVT,INE046W07321
189697,ABM INTERNATIONAL LTD,INE251C01025
189698,SDL KA 6.95% 2031,IN1920210052
189699,PANASONIC CARBON INDIA CO.LTD.,INE013E01017
189700,ZODIAC VENTURES LIMITED,INE945J01027
189701,IRFC-7.25%-21-12-35-TAXFREENCD,INE053F07819
189704,MML-9.9%-4-11-27-PVT,INE046W07313
189705,SDL KA 7.08% 2034,IN1920210060
189706,91TB230426,IN002025X422
189707,SDL KA 6.93% 2032,IN1920210029
189708,OM INFRA LIMITED,INE239D01028
189709,MML-9.8%-4-11-27-PVT,INE046W07305
189710,PFCL-6.88%-11-04-31-PVT,INE134E08KY5
189712,SDL KA 6.96% 2031,IN1920210037
189713,OWL-2-9-26-CP,INE466L14EZ4
189714,Archidply Decor Limited,INE0CHO01012
189716,91TB170426,IN002025X414
189717,PFCL-7.05%-9-8-30-PVT,INE134E08KZ2
189718,IRFC-7.53%-21-12-30-TAXFREENCD,INE053F07835
189719,IRFC-7.50%-21-12-35-TAXFREENCD,INE053F07843
189721,SDL KA 7.03% 2032,IN1920210045
189759,ATSTL-7.70%-30-9-28-PVT,INE0YRB07050
189760,GOI LOAN 8.6% 2028,IN0020140011
189764,OWL-15-9-26-CP,INE466L14FA4
189767,PRASHANT INDIA LTD.,INE100E01012
189775,MML-9.95%-16-12-28-PVT,INE046W07354
189778,PFCL-7.20%-10-8-35-PVT,INE134E08LA3
189780,ATSTL-7.70%-30-9-27-PVT,INE0YRB07068
189804,MML-9.85%-16-12-27-PVT,INE046W07347
189807,ATSTL-7.99%-30-9-42-PVT,INE0YRB07035
189822,7.43% TAX FREE TRI SR3B,INE020B07JU4
189830,TATA ELXSI LIMITED,INE670A01012
189841,SDL UP 7.59% 2041,IN3320250175
189848,MML-9.70%-3-12-27-PVT,INE046W07339
189852,ATSTL-7.75%-30-9-29-PVT,INE0YRB07043
189861,360OWL-18-2-26-CP,INE466L14FF3
189862,SDL UP 7.51% 2039,IN3320250167
189864,SDL AP 7.7% 2032,IN1020230026
189866,778TLSDL34,IN4520220455
189878,IRFC-7.29%-22-3-26-NCDS,INE053F07892
189888,360OWL-19-05-26-CP,INE466L14FE6
189893,SDL AP 7.6% 2029,IN1020230018
189896,PFCL-7.34%-29-9-35-PVT,INE134E08LE5
189897,SDL UP 7.46% 2037,IN3320250159
189901,GOLDIAM INTERNATIONAL LTD,INE025B01025
189906,ESAB INDIA LTD.,INE284A01012
189918,360OWL-17-02-26-CP,INE466L14FD8
189924,SDL UP 7.24% 2033,IN3320250142
189925,SHALIMAR PRODUCTIONS LTD.,INE435E01020
189926,ATSTL-7.70%-31-12-26-PVT,INE0YRB07076
189931,D-LINK (INDIA) LTD,INE250K01012
189942,SDL UP 7.51% 2040,IN3320250134
189943,OWL-9-2-26-CP,INE466L14FC0
189952,VEERHEALTH CARE LIMITED,INE882C01035
189953,PFCL-7.04%-16-12-30-PVT,INE134E08LC9
189961,LGS-8.65%-22-12-27-PTC,INE27BR15014
189962,MADHAV MARBLE & GRANITE,INE925C01016
189963,SDL UP 7.36% 2036,IN3320250126
189965,SDL AP 7.33% 2033,IN1020230182
189966,VINTAGE COFFEE AND BEVERAGES L,INE498Q01014
189967,SDL UP 7.18% 2035,IN3320250118
189969,HMA Agro Industries Limited,INE0ECP01024
189971,PFC-7.30%-7-8-27-PVT,INE134E08JE9
189972,SDL AP 7.38% 2035,IN1020230174
189982,SDL UP 7.12% 2033,IN3320250100
189986,SDL AP 7.37% 2033,IN1020230166
189992,360OWL-03-02-26-CP,INE466L14EE9
189993,ABCL 7.52% 2030 SR F4,INE674K07119
190004,PFC-7.44%-11-06-27-PVT,INE134E08JC3
190005,SDL AP 7.3% 2038,IN1020230158
190008,VENTURA GUARANTY LTD.,INE139J01019
190009,VOLTAIRE LEASING & FINANCE LTD,INE763D01019
190019,ABCL 7.6100% 2035 SR F1,INE674K07127
190025,Mukta Agriculture Limited,INE160O01031
190029,CAPRI GLOBAL CAPITAL LIMITED,INE180C01042
190033,Sirca Paints India Limited,INE792Z01011
190045,IUTAL2-8.03%-21-11-26-PTC,INE1CBK15011
190049,BHANSALI ENG. POLYMERS LT,INE922A01025
190051,SANJAN25T-8.60%-25-04-31-PTC,INE1WMT15017
190055,DHARNI CAPITAL SERVICES LIMITE,INE0M9Q01011
190065,PFCL-7.65%-22-11-27-PVT,INE134E08JG4
190072,SDL AP 7.36% 2037,IN1020230190
190077,PFC-7.62%-15-12-27-PVT,INE134E08JH2
190080,LTF-8.63%-D4-07-01-31-PVT,INE235P07142
190087,SDL KA 6.83% 2031,IN1920210128
190088,SDL KA 6.83% 2031,IN1920210136
190089,SDL TS 6.71% 2040,IN4520200242
190097,SDL KA 6.88% 2032,IN1920210144
190099,SDL TS 6.67% 2050,IN4520200259
190106,SDL TS 6.69% 2040,IN4520200267
190108,LTF-8.63%-D5-7-1-36-PVT,INE235P07159
190109,MML-21-3-30-NCD,INE05F407AZ7
190113,SDL TS 6.65% 2040,IN4520200275
190117,LG Electronics India Limited,INE324D01010
190120,PUNJAB NATIONAL BANK,INE160A01022
190123,SDL TS 6.8% 2050,IN4520200200
190124,PFC-8.95%-10-10-28-PVT,INE134E08JQ3
190125,EURO PANEL PRODUCTS LTD,INE505V01016
190126,LTF-8.73%-24-2-26-PVT,INE235P07183
190127,GRINDWELL NORTON LTD.,INE536A01023
190129,PFCL-8.67%-18-11-28-PVT,INE134E08JR1
190130,ABCL FBIL 2028 SR F3,INE674K07101
190131,SDL KA 6.87% 2031,IN1920210102
190132,SDL TS 6.8% 2050,IN4520200218
190133,FORTIS FIXED TERM FUND - SERIE,INF251K01159
190134,SDL TS 6.73% 2050,IN4520200226
190135,FORTIS FIXED TERM FUND - SERIE,INF251K01167
190136,SDL TS 6.74% 2050,IN4520200234
190137,LTF-8.7300%-24-2-31-PVT,INE235P07191
190138,PFCL-7.85%-3-4-28-PVT,INE134E08JP5
190139,R&B DENIMS LIMITED,INE012Q01021
190140,IRFC-8.63%-19-03-29-BOND,INE053F07728
190141,FORTIS FIXED TERM FUND - SERIE,INF251K01175
190151,APCOTEX INDUSTRIES LIMITE,INE116A01032
190152,FORTIS FIXED TERM FUND - SERIE,INF251K01183
190154,IRFC-8.88%-19-03-2029-BOND,INE053F07744
190163,VIKAS LIFECARE LIMITED,INE161L01027
190171,GS12JUN28C,IN000628C049
190183,Novateor Research Laboratories,INE08JY01013
190184,PFCL-8.64%-19-11-33-PVT,INE134E08JS9
190187,SDL KA 7.02% 2031,IN1920210193
190192,QUEST FLOW CONTROLS LIMITED,INE0OYE01013
190197,GS17JUN28C,IN000628C031
190207,PFCL-8.75%-22-2-34-PVT,INE134E08JT7
190216,GS06NOV71,IN001171C015
190219,PURV FLEXIPACK LIMITED,INE0R6C01012
190220,SDL TS 6.64% 2051,IN4520200283
190221,SDL KA 6.96% 2031,IN1920210177
190222,WAAREE RENEWABLE TECH LTD,INE299N01021
190223,PFCL-8.98%-28-3-29-PVT,INE134E08JZ4
190224,GS15JUN28C,IN000628C056
190225,IRFC-8.55%-94A-12-2-29-PVT,INE053F07702
190226,SDL KA 7.02% 2033,IN1920210185
190235,TCC CONCEPT LIMITED,INE887D01016
190236,SDL KA 6.83% 2031,IN1920210151
190237,MIC ELECTRONICS LTD.,INE287C01037
190243,SDL UP 7.24% 2036,IN3320250092
190245,SDL KA 6.89% 2033,IN1920210169
190246,PFC-9.1%-23-3-29-PVT,INE134E08JX9
190249,SMP-12.9%-30-9-26-PVT,INE00MX08045
190252,SDL AP 7.38% 2040,IN1020230109
190260,SDL GJ 7.73% 2036,IN1520220329
190263,TSF INVESTMENTS LIMITED,INE202Z01029
190268,SDL UP 7.02% 2032,IN3320250084
190275,IUTAL2-8.17%-21-11-30-PTC,INE1CBK15037
190280,RAJSHREE SUGAR & CHEMICAL,INE562B01019
190282,SDL GJ 7.49% 2028,IN1520220337
190288,THAKRAL SERVICES (INDIA) LTD.,INE190F01028
190295,Kabra Commercial Limited,INE926E01010
190306,IUTAL2-8.09%-21-11-27-PTC,INE1CBK15029
190309,SDL UP 7.35% 2039,IN3320250076
190312,V-GUARD IND LTD.,INE951I01027
190316,KRISHNA FILAMENT INDUSTRIES LI,INE073A01019
190319,SDL UP 7.15% 2035,IN3320250068
190321,ZODIAC CLOTHING CO.LTD.,INE206B01013
190329,ABCL 7.4242% 2030 SR D3,INE674K07077
190333,SDL GJ 7.72% 2034,IN1520220311
190343,SDL UP 7.12% 2033,IN3320250050
190345,ABCL 0% 2029 SR F2,INE674K07093
190353,360OWL-04-02-26-CP,INE466L14ED1
190373,SDL UP 7.12% 2033,IN3320250043
190374,SDL AP 7.36% 2034,IN1020230141
190404,PFCL-8.85%-25-5-29-PVT,INE134E08KC1
190409,SDL UP 6.86% 2033,IN3320250035
190414,Niks Technology Limited,INE0GX601011
190428,SDL AP 7.32% 2043,IN1020230133
190445,Bella Casa Fashion & Retail Li,INE344T01014
190452,SDL GJ 7.35% 2026,IN1520220303
190467,GS15OCT30C,IN001030C047
190475,SDL AP 7.35% 2039,IN1020230125
190476,SDL UP 6.51% 2032,IN3320250027
190493,GS22OCT30,IN001030C039
190509,SDL UP 6.67% 2032,IN3320250019
190510,SDL AP 7.37% 2043,IN1020230117
190518,PURPLE UNITED SALES LTD,INE0P5R01014
190523,COROMANDEL INTERNATIONAL LTD.,INE169A01031
190524,PFC-8.7929%-29-4-34-PVT,INE134E08KA5
190535,Corporate Merchant Bankers Lim,INE850R01014
190573,GOYAL SALT LIMITED,INE0QFE01017
190585,GOI STRIPS C 070626,IN000626C019
190608,ABCL 7.4669% 2029 SR B1,INE674K07028
190621,SDL HR 7.15% 2028,IN1620220013
190639,TRIDENT TECHLABS LIMITED,INE0QD201012
190644,GOI STRIPS C 120626,IN000626C043
190647,EXICOM TELE-SYSTEMS LIMITED,INE777F01014
190651,SDL HR 7.27% 2030,IN1620220021
190662,SHANTI GOLD INTERNATIONAL LIMI,INE06ZD01017
190665,SHRI DINESH MILLS LTD.,INE204C01024
190666,SBIAMC - SBIETFCON,INF200KA1X17
190670,GOI STRIPS C 150626,IN000626C050
190682,AFL-17-6-26-CP,INE216P14098
190690,ANMOL INDIA LIMITED,INE02AR01019
190699,746TELSDL48,IN4520220166
190700,ABCL 7.2959% 2028 SR D2,INE674K07069
190701,CONFIDENCE FUTURISTIC ENERGETE,INE700F01024
190702,SDL HR 7.63% 2029,IN1620220047
190714,GIC HOUSING FINANCE LTD.,INE289B01019
190719,XPRO INDIA LIMITED,INE445C01015
190720,ABCL 7.3789% 2028 SR B2,INE674K07036
190721,SDL HR 7.73% 2033,IN1620220054
190726,PFC-8.03%-2-5-26-PVT,INE134E08IE1
190727,MML-21-12-28-NCD,INE05F407BQ4
190732,756TELSDL40,IN4520220182
190738,ABCL 7.6043% 2035 SR D1,INE674K07051
190740,NECTAR LIFESCIENCES LTD.,INE023H01027
190743,SDL HR 7.74% 2035,IN1620220062
190744,AFIL-12%-07-01-2031-PVT,INE065507BP5
190747,SBIAMC - SBIETFQLTY,INF200KA1WX6
190753,BOND8.63% PA TF TR II S2A,INE020B07ID2
190756,IL&FS-9.35%-17-08-2035-PVT,INE871D07LZ1
190760,SDL KA 7.29% 2034,IN1920210250
190763,AFIL-12.5%-7-1-30-PVT,INE065507BO8
190765,SDL HR 7.63% 2028,IN1620220070
190771,SDL TS 6.49% 2050,IN4520200127
190776,TIPS MUSIC LIMITED,INE716B01029
190777,PFC-7.56%-16-9-26-PVT,INE134E08IK8
190792,SDL TS 6.52% 2050,IN4520200135
190795,SDL HR 7.81% 2032,IN1620220088
190796,GODREJ CONSUMER PRODUCTS LTD.,INE102D01028
190801,SDL KA 7.31% 2035,IN1920210268
190812,PFC-7.55%-25-9-26-PVT,INE134E08IL6
190817,GS19MAR2056,IN000356C021
190818,AFIL-12.75%-8-10-31-PVT,INE065507BR1
190826,SDL KA 7.18% 2033,IN1920210227
190837,MANALI PETROCHEMICAL LTD.,INE201A01024
190840,SDL TS 6.69% 2050,IN4520200143
190841,SDL KA 7.22% 2035,IN1920210235
190853,SDL HR 7.69% 2027,IN1620220096
190857,PFCL-7.63%-14-08-26-PVT,INE134E08II2
190867,AFIL-11.75%-6-1-29-PVT,INE065507BQ3
190869,SDL TS 6.71% 2050,IN4520200150
190883,SDL KA 7.14% 2032,IN1920210243
190897,PARAG MILK FOODS LTD.,INE883N01014
190903,WPIL LTD.,INE765D01022
190904,MANGALORE REFINERY & PETROCHEM,INE103A01014
190905,BOND8.86% PA TF TR II S3B,INE020B07IH3
190910,PFCL-7.23%-5-1-27-PVT,INE134E08IO0
190919,HUBTOWN LTD.,INE703H01016
190925,SDL KA 7.1% 2032,IN1920210219
190926,BOND8.88% PA TF TR II S2B,INE020B07IG5
190934,PFC-7.10%-11-1-27-PVT,INE134E08IP7
190944,SDL TS 6.60% 2030,IN4520200101
190961,FORTIS MUTUAL FUND,INF251K01282
190962,BOND8.61% PA TF TR II S3A,INE020B07IE0
190971,SDL KA 7.12% 2034,IN1920210201
190978,SDL TS 6.64% 2050,IN4520200119
190988,Nippon India Mutual Fund - Per,INF204KC1089
190989,VIKRAN ENGINEERING LTD,INE01R501028
190992,RAMA STEEL TUBES LIMITED,INE230R01035
190993,KALYANI INVESTMENT COMPANY LTD,INE029L01018
190994,SDL GJ 7.72% 2035,IN1520220295
190995,MML-10.25%-21-12-26-NCD,INE05F407BG5
190996,Kranti Industries Limited,INE911T01010
191002,PFC-7.60%-20-2-27-PVT,INE134E08IT9
191020,SDL GJ 7.71% 2034,IN1520220279
191027,PFC-7.18%-20-1-17-PVT,INE134E08IR3
191029,SDL GJ 7.68% 2033,IN1520220287
191030,STATE BANK OF INDIA,INE062A01020
191037,POONA DAL & OIL INDUSTRIES LTD,INE809E01018
191040,MML-10.50%-21-12-28-NCD,INE05F407BB6
191042,TATA CHEMICALS LTD,INE092A01019
191044,SDL TS 6.84% 2040,IN4520200168
191052,SDL KA 7.33% 2040,IN1920210292
191053,SDL GJ 7.71% 2033,IN1520220253
191058,930ILFS2038,INE871D07MW6
191064,SPACENET ENTERS IND LTD,INE970N01027
191066,PFC-7.75%-22-03-27-PVT,INE134E08IX1
191069,SDL TS 6.94% 2050,IN4520200176
191093,SDL TS 6.94% 2050,IN4520200184
191094,SDL KA 7.35% 2036,IN1920210276
191095,SDL GJ 7.68% 2030,IN1520220238
191102,UTSSAV CZ GOLD JEWELS LTD,INE06IJ01010
191105,ICICIPRAMC - ICICISILVE,INF109KC1Y56
191110,SUMIT WOODS LIMITED,INE748Z01013
191116,SDL TS 6.78% 2050,IN4520200192
191123,SDL KA 7.33% 2037,IN1920210284
191126,SDL GJ 7.66% 2030,IN1520220246
191135,GS19SEP2048,IN000948C033
191149,MML-21-12-26-NCD,INE05F407BO9
191151,SDL GJ 7.65% 2033,IN1520220212
191152,BOND 8.71% TAX FREE S2B,INE020B07HS2
191153,BOND 8.37% TAX FREE S3A,INE020B07HQ6
191158,SDL GJ 7.6% 2035,IN1520220220
191159,CITYMAN LTD.,INE117C01010
191160,BOND 8.46% TAX FREE S2A,INE020B07HP8
191173,MML-10.75%-21-12-26-NCD,INE05F407BM3
191176,DECCAN TRANSCON LEASING L,INE0S7C01019
191196,MML-11%-21-12-28-NCD,INE05F407BL5
191197,SDL GJ 7.63% 2032,IN1520220204
191216,MMLTD-21-12-28-NCD,INE05F407BJ9
191218,SAVEN TECHNOLOGIES LTD.,INE856B01023
191223,ISPL-20%-30-9-28-PVT,INE2C4407019
191224,SDL HR 7.95% 2032,IN1620220104
191225,MMLTD-21-12-26-NCD,INE05F407BH3
191226,BOND 8.62% TAX FREE S3B,INE020B07HT0
191228,MML--29-1-30-NCD,INE05F407CY6
191250,MML-29-1-28-NCD,INE05F407CX8
191251,GOI TBILL 364D-26/03/26,IN002024Z503
191271,SDL KA 7.37% 2038,IN1920210300
191282,SDL JH 6.96% 2029,IN3720240024
191288,MML-10.75%-29-1-28-NCD,INE05F407CW0
191305,SDL JH 6.92% 2028,IN3720240016
191306,ZINEMA MEDIA AND ENTERTAINMENT,INE641Q01019
191310,MML-5-3-26-NCD,INE05F407CV2
191342,MML-10%-5-3-26-NCD,INE05F407CU4
191369,GOI LOAN 8.24% 2033,IN0020140052
191386,MAZDA LTD.,INE885E01042
191391,ADITYA BIRLA MONEY LTD.,INE865C01022
191398,GOI LOAN 8.15% 2026,IN0020140060
191400,MML-29-9-26-NCD,INE05F407CT6
191401,GOI LOAN 8.17% 2044,IN0020140078
191403,SERA INVESTMENTS & FINANCE IND,INE017I01027
191405,MML-11-10-30-NCD,INE05F407CR0
191416,MML-10%-26-05-26-NCD,INE05F407DC0
191420,SDL KA 7.12% 2037,IN1920210375
191428,TWIN ROSES TRADES & AGENCIES L,INE436U01016
191437,MML-10.15%-29-9-26-NCD,INE05F407DA4
191441,MML-27-2-31-NCD,INE05F407DB2
191442,IRFC-7.64%-22-3-31-NCDS,INE053F07900
191445,SDL KA 7.13% 2038,IN1920210383
191450,SDL TS 7.50% 2028,IN4520200010
191452,NIIT Learning Systems Limited,INE342G01023
191469,SDL TS 7.65% 2030,IN4520200028
191480,SDL KA 7.44% 2035,IN1920210359
191485,SDL TS 6.72% 2026,IN4520200036
191487,SDL KA 7.16% 2036,IN1920210367
191498,VARUN BEVERAGES LIMITED,INE200M01039
191501,GANESH HOUSING LIMITED,INE460C01014
191505,SDL KA 7.21% 2032,IN1920210326
191511,SDL KA 7.32% 2034,IN1920210334
191514,PARAS DEF AND SPCE TECH L,INE045601023
191516,Nippon India Mutual Fund,INF204KC1162
191522,Nippon India Mutual Fund,INF204KC1154
191525,SYRMA SGS TECHNOLOGY LTD,INE0DYJ01015
191539,SDL KA 7.30% 2032,IN1920210342
191561,SDL GJ 7.57% 2032,IN1520220196
191581,SOMANY CERAMICS LIMITED,INE355A01028
191585,MML-29-1-30-NCD,INE05F407CZ3
191590,SDL KA 7.36% 2039,IN1920210318
191621,THFL-9.1%-1-3-33-PVT,INE432R08057
191633,INFLUX HEALTHTECH LIMITED,INE0MYZ01012
191634,MML-10.60%-27-5-26-NCD,INE05F407CI9
191635,SDL GJ 7.55% 2030,IN1520220170
191636,SDL TS 6.24% 2026,IN4520200085
191641,SDL TS 6.99% 2028,IN4520200093
191643,AXTEL INDUSTRIES LTD.,INE767C01012
191645,IRFC-7.83%-21-03-27-PVT,INE053F07983
191646,MML-10.80%-27-5-29-NCD,INE05F407CH1
191648,THFL-8.6%-30-9-37-PVT,INE432R08040
191650,SDL GJ 7.57% 2031,IN1520220188
191652,Nippon India Mutual Fund,INF204KC1188
191675,MML-ZC-27-5-26-NCD,INE05F407CG3
191679,SDL GJ 7.57% 2026,IN1520220154
191690,MML-ZC-27-7-30-NCD,INE05F407CE8
191693,SDL GJ 7.6% 2032,IN1520220162
191694,Nippon India Mutual Fund,INF204KC1170
191696,DALMIA BHARAT SUGAR AND INDUST,INE495A01022
191705,ARVIND FASHIONS LIMITED,INE955V01021
191716,SDL TS 6.98% 2028,IN4520200044
191717,ZENITH FIBRES LTD.,INE106C01013
191718,SDL GJ 7.62% 2029,IN1520220139
191744,INDIAN TERRAIN FASHIONS LTD.,INE611L01021
191748,MML-ZC-27-5-27-NCD,INE05F407CD0
191767,MML-10.75%-27-5-27-NCD,INE05F407CB4
191771,MML-ZC-27-5-29-NCD,INE05F407CC2
191777,SDL GJ 7.81% 2032,IN1520220113
191778,SDL KA 7.13% 2039,IN1920210391
191793,JUST DIAL LTD.,INE599M01018
191794,THFL-9.10%-19-5-33-PVT,INE432R08065
191795,Advance Syntex Limited,INE184U01012
191796,SDL GJ 7.41% 2026,IN1520220121
191797,MML-11-9-27-NCD,INE05F407CQ2
191798,MML-11%-5-6-26-PVT,INE046W07248
191815,SDL GJ 7.75% 2032,IN1520220105
191818,MML-10.80%-11-5-26-NCD,INE05F407CP4
191823,NILACHAL REFRACTORIES LTD.,INE416N01013
191824,MML-11.50%-11-9-29-NCD,INE05F407CO7
191825,DANLAW TECHNOLOGIES INDIA LTD.,INE310B01013
191826,MML-11-5-26-NCD,INE05F407CN9
191836,MML-9.8%-12-9-27-PVT,INE046W07289
191838,MML-11.25%-11-9-27-NCD,INE05F407CM1
191842,MML-8.97%-6-8-28-PVT,INE046W07271
191845,ISF LIMITED,INE973B01026
191856,MML-11-9-29-NCD,INE05F407CL3
191857,TCI EXPRESS LIMITED,INE586V01016
191863,MML-10.75%-01-8-26-PVT,INE046W07263
191864,SJ CORPORATION LTD.,INE312B01027
191871,GEECEE VENTURES LIMITED,INE916G01016
191885,ECLERX SERVICES LTD,INE738I01010
191891,THE BYKE HOSPITALITY LTD.,INE319B01014
191906,AHDL-9.55%-1-3-26-PVT,INE538L07221
191935,Tarsons Products Limited,INE144Z01023
191970,723GS39P,IN000439P019
191988,712GJSDL35,IN1520240152
191990,GS15APR38C,IN000438C043
191997,GS22APR38,IN000438C035
192013,DJ Mediaprint & Logistics Limi,INE0B1K01014
192014,IRONWELL-11.40%-19-11-27-PTC,INE2PA715013
192095,TROM INDUSTRIES LIMITED,INE0SYV01018
192096,SPARC ELECTREX LIMITED,INE960B01015
192127,VL-3M OIS+SPREAD 04-06-27-PVT,INE205A08061
192150,VL-9.45%-05-06-28-PVT,INE205A08053
192175,711GJSDL33,IN1520240103
192180,LE MERITE EXPORTS LIMITED,INE0G1L01017
192194,AHFL-9.55%-31-3-26-PVT,INE538L07270
192215,TARAI FOODS LTD.,INE906C01016
192220,GROWWAMC - GROWWEV,INF666M01IH2
192223,Kashyap Tele-Medicines Limited,INE108B01029
192250,AHFL-9.55%-22-3-26-PVT,INE538L07254
192262,SDL GJ 7.49% 2026,IN1520220097
192268,DHARMAJ CROP GUARD LTD,INE00OQ01016
192324,PFC-9.39%-27-8-29-PVT,INE134E08GH8
192341,SDL GJ 7.61% 2032,IN1520220071
192383,SDL GJ 7.73% 2032,IN1520220089
192404,AFIL-11.75%-25-3-27,INE065507AE1
192405,SDL GJ 7.8% 2032,IN1520220055
192424,SDL GJ 7.77% 2032,IN1520220063
192443,OPML-Nifty 50-2-2-28-PVT,INE196P07237
192445,SDL GJ 7.82% 2032,IN1520220030
192446,AFIL-12%-25-3-26,INE065507AG6
192447,GROWWAMC - GROWWLIQID,INF666M01IP5
192459,AFIL-12%-24-3-29,INE065507AF8
192460,OPML-9.65%-13-8-27-PVT,INE196P07245
192462,GROWWAMC - GROWWDEFNC,INF666M01IO8
192466,SDL GJ 7.65% 2029,IN1520220048
192467,GRIL-8%-30-8-29-PVT,INE201P08191
192468,AFIL-25-3-26,INE065507AJ0
192472,COCHIN-8.72%-II-28-03-29-PVT,INE704P07030
192479,OPML-26-2-27-PVT,INE196P07252
192487,AFIL-12.5%-24-3-29,INE065507AI2
192488,ARC Finance Limited,INE202R01026
192492,SDL GJ 7.77% 2031,IN1520220014
192496,Narayana Hrudayalaya Limited,INE410P01011
192504,SHEKHAWATI INDUSTRIES LIMITED,INE268L01046
192511,360OPML-9.11%-17-12-27-PVT,INE196P07260
192515,GRIL-7.70%-20-01-32-PVT,INE201P08175
192516,DUCON INFRATECHNOLOGIES L,INE741L01018
192522,AFIL-12.25%-25-3-27,INE065507AH4
192525,SDL GJ 7.8% 2032,IN1520220022
192527,NCL-10.50%-12-2-28-PVT,INE136S07013
192563,AFIL-25-3-27,INE065507AK8
192602,AVONMORE CAPITAL & MANAGEMENT,INE323B01024
192605,VL-9.31%-03-12-27-PVT,INE205A08046
192613,VL-9.40%-20-2-27-PVT,INE205A08038
192614,MANSI FINANCE (CHENNAI) LTD.,INE094E01017
192622,HIM TEKNOFORGE LIMITED,INE705G01021
192631,VL-9.50%-20-8-27-PVT,INE205A08020
192667,CRAFTSMAN AUTOMATION LTD,INE00LO01017
192679,GROWWAMC - GROWWGOLD,INF666M01IW1
192710,KHAITAN CHEMICALS & FERTILIZER,INE745B01028
192728,704GJSDL32,IN1520240087
192736,AMARNATH SECURITIES LTD,INE745P01010
192759,AFIL-12%-23-1-27-PVT,INE065507AV5
192766,795TELSDL35,IN4520220091
192780,DELTON CABLES LTD.,INE872E01016
192781,Shree Ganesh Biotech (India) L,INE051N01026
192798,AFIL-12%-23-1-27-PVT,INE065507AU7
192819,CLENON ENTERPRISES LIMITED,INE769B01028
192838,KK Shah Hospitals Limited,INE0OH401016
192848,ORISSA BENGAL CARRIER LTD,INE426Z01016
192851,AFIL-12.25%-24-1-28-PVT,INE065507AX1
192879,AFIL-12.50%-6-12-30-PVT,INE065507AW3
192906,AFIL-12%-1-4-30-PVT,INE065507AZ6
192925,AFIL-12%-20-3-27-PVT,INE065507AY9
192927,Anantam Highways Trust,INE1UA823019
192928,S H Kelkar and Company Limited,INE500L01026
192934,G.G.AUTOMOTIVE GEARS LTD.,INE493B01017
192956,INTEGRA ENGINEERING INDIA LTD.,INE984B01023
192992,Madras Fertilizer Limited,INE414A01015
193001,SHREE RAMA NEWSPRINT LTD.,INE278B01020
193003,AFIL-12%-16-8-29-PVT,INE065507AN2
193019,AFIL-11.75%-16-8-27-PVT,INE065507AM4
193037,AFIL-9-2-30,INE065507AL6
193039,Prataap Snacks Limited,INE393P01035
193048,KMIL-11-12-26-CP,INE975F14C74
193049,SIGMA SOLVE LIMITED,INE0A0S01028
193082,GROWWAMC - GROWWRAIL,INF666M01JJ6
193088,AFIL-12%-14-8-26-PVT,INE065507AO0
193120,AFIL-12.5%-27-6-30-PVT,INE065507AR3
193137,AFIL-12.25%-16-8-27-PVT,INE065507AQ5
193144,KMIL-14-9-26-CP,INE975F14C25
193161,HONASA CONSUMER LIMITED,INE0J5401028
193163,AFIL-12%-14-8-24-PVT,INE065507AP7
193174,AFIL-11.75%-24-1-28-PVT,INE065507AT9
193211,GS06MAY56,IN000556C018
193231,AFIL-12%-24-1-30-PVT,INE065507AS1
193249,AGRI- TECH (INDIA) LTD,INE449G01018
193250,FILATEX INDIA LTD,INE816B01035
193264,AFIL-12%-01-08-30-PVT,INE065507BG4
193274,AFIL-12.50%-12-06-31-PVT,INE065507BF6
193275,ALLDIGI TECH LIMITED,INE835G01018
193299,AFIL-12%-31-07-27-PVT,INE065507BI0
193328,PFC-9.00%-11-3-28-PVT,INE134E08FL2
193331,CIPL-RR-22-11-30-PVT,INE834U07027
193332,AFIL-12%-31-07-27-PVT,INE065507BH2
193333,GS16DEC2030C,IN001230C076
193343,PFC-8.94%-25-3-28-PVT,INE134E08FQ1
193352,AFIL-12%-9-9-28-PVT,INE065507BK6
193353,IHF-5-2-26-CP,INE071G14HE0
193376,Hemisphere Properties India Li,INE0AJG01018
193378,AFIL-12.25%-01-08-28-PVT,INE065507BJ8
193384,IHF-11-2-26-CP,INE071G14HF7
193391,PENTOKEY ORGANY (INDIA) LTD.,INE702E01015
193392,AFIL-14%-20-4-28-PVT,INE065507BN0
193402,PFC-8.90%-18-3-28-PVT,INE134E08FO6
193408,GS19DEC2030,IN001230C092
193413,AFIL-14.4%-31-5-27-PVT,INE065507BM2
193420,FEDBANK FINANCIAL SER L,INE007N01010
193436,AFIL-10-9-27-PVT,INE065507BL4
193442,GS17DEC30C,IN001230C035
193469,Sheela Foam Limited,INE916U01025
193489,IHFC-27-3-26-CP,INE071G14HJ9
193490,GS15DEC30C,IN001230C050
193497,AFIL-12.5%-4-2-31-PVT,INE065507BA7
193514,IHF-24-2-26-CP,INE071G14HG5
193515,GS12DEC2030,IN001230C043
193533,P. E. ANALYTICS LIMITED,INE0KN801013
193547,AFIL-12.25%-20-2-28-PVT,INE065507BC3
193549,CIPL-10%-22-11-30-PVT,INE834U07019
193553,AFIL-12%-20-3-27-PVT,INE065507BB5
193554,MANAS POLYMER N ENERGIE L,INE0U4H01011
193555,AFIL-11.75%-01-08-28-PVT,INE065507BE9
193556,WELSPUN INV & COMM LTD,INE389K01018
193566,GROWWAMC - GROWWN200,INF666M01JV1
193573,AFIL-11.75%-1-4-28-PVT,INE065507BD1
193579,FLEXITUFF VENTURES INT L,INE060J01017
193588,STS23IX-8.75%-18-10-28-PTC,INE0REK15015
193613,CCIL-13-6-30-NCD,INE051307AY0
193615,NATIONAL OXYGEN LTD.,INE296D01010
193627,RELIANCE FIXED HORIZON FUND- X,INF204KA17L1
193628,Paradeep Phosphates Limited,INE088F01024
193629,CCIL-10.75%-10-3-26-NCD,INE051307AV6
193696,ILFSL-7.85%-20-9-27-PVT,INE871D07QO4
193708,ILFSL-7.70%-7-9-27-PVT,INE871D07QN6
193709,SRI HAVISHA HOSPITALITY INFRAS,INE293B01029
193710,CCIL-10.75%-13-2-26-NCD,INE051307AZ7
193711,FLAIR WRITING INDUST LTD,INE00Y201027
193735,GO FASHION INDIA LTD,INE0BJS01011
193738,AGS TRANSACT TECHNOLOGIES LIMI,INE583L01014
193739,CCIL-11%-13-8-26-NCD,INE051307BA8
193740,INTERNATIO GEMM INS (I) L,INE0Q9301021
193767,DABUR INDIA LTD,INE016A01026
193808,CCIL-11.25%-13-8-27-NCD,INE051307BB6
193832,VCU DATA MANAGEMENT LTD,INE962O01014
193861,East India Drums and Barrels M,INE191C01023
193870,GARG FURNACE LTD.,INE194E01015
193891,NOMURA 8.90% 2028 SR 02,INE357L07473
193901,CCIL-13-8-26-NCD,INE051307BE0
193912,NABF 7.15% 2040 TR 2,INE0KUG08118
193924,NABF 6.86% 2030 TR 1,INE0KUG08100
193930,NOMURA CAP 8.55% 2026,INE357L07465
193947,ILFS-7.70%-2-8-27-PVT,INE871D07QF2
193958,CCIL-13-8-29-NCD,INE051307BF7
193969,NOMURA 8.45% 2027 SR 4B,INE357L07499
193984,AUTORIDERS INTERNATIONAL LTD.,INE340U01010
194017,NOMURA 8.85% 2028,INE357L07481
194018,CCIL-12%-13-8-29-NCD,INE051307BD2
194037,NABFID 7.43% 2034,INE0KUG08035
194098,NABFID 7.65% 2038 SR 1,INE0KUG08027
194112,NABF 7.25% 2040 SR 3,INE0KUG08050
194126,CCIL-ZC-9-3-29-NCD,INE051307AE2
194139,NABF 7.36% 2044 SR 2,INE0KUG08043
194179,NABF 7.03% 2030 SR -1,INE0KUG08076
194191,CCIL-ZC-3-1-30-NCD,INE051307AK9
194194,ORIENT CERATECH LIMITED,INE569C01020
194201,SMARTWORKS COWORKING SP L,INE0NAZ01010
194206,RELIANCE FIXED HORIZON FUND- X,INF204KA18C8
194210,NABF 7.15% 2035 SR 4,INE0KUG08068
194216,INTENSE TECHNOLOGIES LTD,INE781A01025
194244,IPL-8.6%-19-6-39-PVT,INE0KZX07023
194247,CCL-11%-2-11-26-NCD,INE051307AJ1
194250,NABF 6.67% 2030 SR 3,INE0KUG08092
194269,WEP SOLUTIONS LTD.,INE434B01029
194276,NABF 7.04% 2035 NABFID,INE0KUG08084
194302,RHRPL-18%-18-9-27-PVT,INE0YTX08017
194304,MILTON INDUSTRIES LIMITED,INE376Y01016
194327,KCP SUGAR IND CORP LTD.,INE790B01024
194330,CCIL-11-3-2030-NCD,INE051307AQ6
194347,RELIANCE MUTUAL FUND- RELIANCE,INF204KA18H7
194358,VALIANT COMMUNICATIONS LTD.,INE760B01019
194375,CCIL-11.50%-2-11-28-NCD,INE051307AM5
194379,METROGLOBAL LIMITED,INE085D01033
194383,CCIL-11.50%-10-3-29-NCD,INE051307AT0
194399,TATAAML - NETF,INF277K015R5
194404,STANDARD INDUSTRIES LTD.,INE173A01025
194413,CCIL-11%-10-3-27-NCD,INE051307AU8
194419,BHARATIYA GLOBAL INFO LTD,INE224M01013
194423,RELIANCE FIXED HORIZON FUND XX,INF204KA18L9
194431,CCIL-10-3-26-NCD,INE051307AR4
194437,BILLIONBRAINS GARAGE VN L,INE0HOQ01053
194450,CCIL-10.50%-11-5-27-NCD,INE051307BZ5
194456,708GJSDL33,IN1520240061
194457,WINSOME BREWERIES LTD.,INE391C01011
194464,BEARDSELL LIMITED,INE520H01022
194473,ILFSL-9%-15-5-28-PVT,INE871D07RL8
194477,INDITRADE CAPITAL LIMITED,INE347H01012
194478,CCIL-10-11-27-NCD,INE051307BX0
194482,TERRAFORM REALSTATE LIMITED,INE123V01018
194483,Sarthak Metals Limited,INE017W01010
194484,RELIANCE FIXED HORIZON FUND- X,INF204KA18M7
194485,682GJSDL27,IN1520240046
194486,CCIL-10.90%-10-11-27-NCD,INE051307BY8
194487,ILFSL-9.10%-30-5-28-PVT,INE871D07RN4
194499,Surya India Limited,INE446E01019
194502,723GJSDL27,IN1520240012
194514,ILFSL-9.15%-27-6-28-PVT,INE871D07RP9
194523,CLEAR SECURED SERVICES L,INE1EF801010
194528,PROCTER & GAMBLE HEALTH L,INE199A01012
194529,Mindspace Business Parks REIT,INE0CCU25019
194536,CONFIDENCE PETROLEUM INDIA LTD,INE552D01024
194537,CCIL-10-9-31-NCD,INE051307CC2
194548,CCIL-11.30%-10-11-28-NCD,INE051307CD0
194560,RAVINDER HEIGHTS LIMITED,INE09E501017
194561,CCIL-12%-9-11-30-NCD,INE051307CA6
194572,SHARP CHUCKS N MACHINES L,INE460Q01014
194574,ILFS-8.65%-9-3-28-PVT,INE871D07RF0
194576,CCIL-11-11-26-NCD,INE051307CB4
194588,ILFS-8.65%-22-3-28-PVT,INE871D07RI4
194608,Indus Infra Trust,INE0NHL23019
194609,PFC-8.85%-15-6-30-PVT,INE134E08DB8
194618,HPCL 6.73% 2030 SR I,INE094A08176
194620,FUSION FINANCE LIMITED,INE139R01012
194626,HIND COMMERCE LIMITED,INE691J01019
194638,HPCL 7.22% 2029 SR I,INE094A08168
194645,MAGNA ELECTRO CASTINGS LTD.,INE437D01010
194657,ILFS-8.65%-27-3-28-PVT,INE871D07RJ2
194672,LEXORAA INDUSTRIES LIMITED,INE185D01015
194674,CCIL-10.75%-16-7-26-NCD,INE051307BI1
194693,Prakash Pipes Limited,INE050001010
194714,AURUM PROPTECH LIMITED,INE898S01029
194717,PFC-9.05%-15-12-30-PVT,INE134E08DJ1
194722,National Securities Depository,INE301O01023
194732,CCIL-11%-16-1-27-NCD,INE051307BJ9
194755,ICICIPRAMC - ICICICONSU,INF109KC1V42
194801,SHARDA MOTOR INDS LTD,INE597I01028
194809,LIC MF - LIC GOLD ETF,INF397L01554
194842,Manba Finance Limited,INE939X01013
194859,NOMURA 8.45% 2027 SR 4A,INE357L07507
194877,RICH UNIVERSE NETWORK LTD.,INE652D01014
194900,APLAB LTD.,INE273A01015
194903,CCIL-12%-16-1-30-NCD,INE051307BK7
194926,CCIL-12.1%-16-1-30-NCD,INE051307BM3
194946,CCIL-11.15%-17-1-28-NCD,INE051307BL5
194966,CCIL-10.9%-19-6-27-NCD,INE051307BR2
194979,CCIL-19-6-27-NCD,INE051307BS0
194980,Exxaro Tiles Limited,INE0GFE01026
194981,PTC INDUSTRIES LIMITED,INE596F01018
194982,TECIL CHEMICALS,INE014B01011
195003,M & B ENGINEERING LIMITED,INE08N601015
195004,CCIL-16-1-27-NCD,INE051307BP6
195019,CCIL-16-11-30-NCD,INE051307BO9
195022,CCIL-10.5%19-12-26-NCD,INE051307BQ4
195037,CCIL-19-4-31-NCD,INE051307BV4
195040,SANOFI INDIA LTD,INE058A01010
195049,APOLLO MICRO SYSTEMS LTD,INE713T01028
195054,945PFC26,INE134E08DU8
195055,YASONS CHEMEX CARE LTD,INE08S201019
195072,ICICIPRAMC - ICICI500,INF109KC1V59
195075,CCIL-21-6-26-NCD,INE051307BW2
195088,DIAMOND POWER INFRASTRUCTURE L,INE989C01038
195094,ANTELOPUS SELAN ENRGY LTD,INE818A01017
195110,CCIL-12%-19-6-30-NCD,INE051307BT8
195119,PFC-9.46%-1-8-26-PVT,INE134E08DS2
195140,ECO HOTELS AND RESORTS LIMITED,INE638N01012
195149,CCIL-11.3%-20-6-28-NCD,INE051307BU6
195152,JAIPRAKASH ASSOCIATES LTD.,INE455F01025
